INFO: kbplacer_plugin_action.py:73: Plugin version: 0.18
INFO: kbplacer_plugin_action.py:74: Python version: '3.11.5 (main, Jan 23 2026, 07:39:48) [MSC v.1944 64 bit (AMD64)]'
INFO: kbplacer_plugin_action.py:75: KiCad version: 10.0.3 with 4.2.2 msw (phoenix) wxWidgets 3.3.2
INFO: kbplacer_dialog.py:799: Language: en
INFO: kbplacer_plugin_action.py:83: GUI state: {"layout_path": "C:\\Users\\sahil\\Downloads\\keyboard-layout.json", "key_distance": [19.05, 19.05], "key_info": {"annotation_format": "SW{}", "position_option": "Default", "position": {"x": 0.0, "y": 0.0, "orientation": 0.0, "side": "Front"}, "template_path": "", "start_index": 1}, "enable_diode_placement": true, "route_switches_with_diodes": true, "optimize_diodes_orientation": false, "diode_info": {"annotation_format": "D{}", "position_option": "Default", "position": {"x": 5.08, "y": 4.0, "orientation": 90.0, "side": "Back"}, "template_path": "", "start_index": -1}, "additional_elements": [{"annotation_format": "ST{}", "position_option": "Custom", "position": {"x": 0.0, "y": 0.0, "orientation": 0.0, "side": "Front"}, "template_path": "", "start_index": -1}], "route_rows_and_columns": true, "template_path": "", "generate_outline": false, "outline_delta": 0.0, "layout_offset": null}
DEBUG: key_placer.py:144: Switches by nets: defaultdict(<class 'list'>, {frozenset({'COL8', 'ROW9'}): ['SW90'], frozenset({'COL7', 'ROW9'}): ['SW89'], frozenset({'COL6', 'ROW9'}): ['SW88'], frozenset({'COL5', 'ROW9'}): ['SW87'], frozenset({'COL4', 'ROW9'}): ['SW86'], frozenset({'COL3', 'ROW9'}): ['SW85'], frozenset({'COL2', 'ROW9'}): ['SW84'], frozenset({'COL1', 'ROW9'}): ['SW83'], frozenset({'COL0', 'ROW9'}): ['SW82'], frozenset({'ROW8', 'COL8'}): ['SW81'], frozenset({'ROW8', 'COL7'}): ['SW80'], frozenset({'ROW8', 'COL6'}): ['SW79'], frozenset({'ROW8', 'COL5'}): ['SW78'], frozenset({'ROW8', 'COL4'}): ['SW77'], frozenset({'ROW8', 'COL3'}): ['SW76'], frozenset({'COL2', 'ROW8'}): ['SW75'], frozenset({'ROW8', 'COL1'}): ['SW74'], frozenset({'ROW8', 'COL0'}): ['SW73'], frozenset({'ROW7', 'COL8'}): ['SW72'], frozenset({'COL7', 'ROW7'}): ['SW71'], frozenset({'COL6', 'ROW7'}): ['SW70'], frozenset({'COL5', 'ROW7'}): ['SW69'], frozenset({'ROW7', 'COL4'}): ['SW68'], frozenset({'ROW7', 'COL3'}): ['SW67'], frozenset({'COL2', 'ROW7'}): ['SW66'], frozenset({'COL1', 'ROW7'}): ['SW65'], frozenset({'COL0', 'ROW7'}): ['SW64'], frozenset({'ROW6', 'COL8'}): ['SW63'], frozenset({'COL7', 'ROW6'}): ['SW62'], frozenset({'COL6', 'ROW6'}): ['SW61'], frozenset({'COL5', 'ROW6'}): ['SW60'], frozenset({'ROW6', 'COL4'}): ['SW59'], frozenset({'ROW6', 'COL3'}): ['SW58'], frozenset({'COL2', 'ROW6'}): ['SW57'], frozenset({'COL1', 'ROW6'}): ['SW56'], frozenset({'COL0', 'ROW6'}): ['SW55'], frozenset({'ROW5', 'COL8'}): ['SW54'], frozenset({'ROW5', 'COL7'}): ['SW53'], frozenset({'ROW5', 'COL6'}): ['SW52'], frozenset({'ROW5', 'COL5'}): ['SW51'], frozenset({'ROW5', 'COL4'}): ['SW50'], frozenset({'ROW5', 'COL3'}): ['SW49'], frozenset({'COL2', 'ROW5'}): ['SW48'], frozenset({'ROW5', 'COL1'}): ['SW47'], frozenset({'ROW5', 'COL0'}): ['SW46'], frozenset({'ROW4', 'COL8'}): ['SW45'], frozenset({'ROW4', 'COL7'}): ['SW44'], frozenset({'ROW4', 'COL6'}): ['SW43'], frozenset({'ROW4', 'COL5'}): ['SW42'], frozenset({'ROW4', 'COL4'}): ['SW41'], frozenset({'ROW4', 'COL3'}): ['SW40'], frozenset({'ROW4', 'COL2'}): ['SW39'], frozenset({'ROW4', 'COL1'}): ['SW38'], frozenset({'ROW4', 'COL0'}): ['SW37'], frozenset({'ROW3', 'COL8'}): ['SW36'], frozenset({'COL7', 'ROW3'}): ['SW35'], frozenset({'COL6', 'ROW3'}): ['SW34'], frozenset({'COL5', 'ROW3'}): ['SW33'], frozenset({'COL4', 'ROW3'}): ['SW32'], frozenset({'ROW3', 'COL3'}): ['SW31'], frozenset({'COL2', 'ROW3'}): ['SW30'], frozenset({'COL1', 'ROW3'}): ['SW29'], frozenset({'COL0', 'ROW3'}): ['SW28'], frozenset({'ROW2', 'COL8'}): ['SW27'], frozenset({'COL7', 'ROW2'}): ['SW26'], frozenset({'ROW2', 'COL6'}): ['SW25'], frozenset({'ROW2', 'COL5'}): ['SW24'], frozenset({'ROW2', 'COL4'}): ['SW23'], frozenset({'ROW2', 'COL3'}): ['SW22'], frozenset({'COL2', 'ROW2'}): ['SW21'], frozenset({'COL1', 'ROW2'}): ['SW20'], frozenset({'COL0', 'ROW2'}): ['SW19'], frozenset({'ROW1', 'COL8'}): ['SW18'], frozenset({'COL7', 'ROW1'}): ['SW17'], frozenset({'COL6', 'ROW1'}): ['SW16'], frozenset({'ROW1', 'COL5'}): ['SW15'], frozenset({'ROW1', 'COL4'}): ['SW14'], frozenset({'ROW1', 'COL3'}): ['SW13'], frozenset({'COL2', 'ROW1'}): ['SW12'], frozenset({'COL1', 'ROW1'}): ['SW11'], frozenset({'COL0', 'ROW1'}): ['SW10'], frozenset({'ROW0', 'COL8'}): ['SW9'], frozenset({'ROW0', 'COL7'}): ['SW8'], frozenset({'ROW0', 'COL6'}): ['SW7'], frozenset({'ROW0', 'COL5'}): ['SW6'], frozenset({'ROW0', 'COL4'}): ['SW5'], frozenset({'ROW0', 'COL3'}): ['SW4'], frozenset({'ROW0', 'COL2'}): ['SW3'], frozenset({'ROW0', 'COL1'}): ['SW2'], frozenset({'ROW0', 'COL0'}): ['SW1']})
DEBUG: key_placer.py:148: Diodes by switch: {'SW90': ['D90'], 'SW89': ['D89'], 'SW88': ['D88'], 'SW87': ['D87'], 'SW86': ['D86'], 'SW85': ['D85'], 'SW84': ['D84'], 'SW83': ['D83'], 'SW82': ['D82'], 'SW81': ['D81'], 'SW80': ['D80'], 'SW79': ['D79'], 'SW78': ['D78'], 'SW77': ['D77'], 'SW76': ['D76'], 'SW75': ['D75'], 'SW74': ['D74'], 'SW73': ['D73'], 'SW72': ['D72'], 'SW71': ['D71'], 'SW70': ['D70'], 'SW69': ['D69'], 'SW68': ['D68'], 'SW67': ['D67'], 'SW66': ['D66'], 'SW65': ['D65'], 'SW64': ['D64'], 'SW63': ['D63'], 'SW62': ['D62'], 'SW61': ['D61'], 'SW60': ['D60'], 'SW59': ['D59'], 'SW58': ['D58'], 'SW57': ['D57'], 'SW56': ['D56'], 'SW55': ['D55'], 'SW54': ['D54'], 'SW53': ['D53'], 'SW52': ['D52'], 'SW51': ['D51'], 'SW50': ['D50'], 'SW49': ['D49'], 'SW48': ['D48'], 'SW47': ['D47'], 'SW46': ['D46'], 'SW45': ['D45'], 'SW44': ['D44'], 'SW43': ['D43'], 'SW42': ['D42'], 'SW41': ['D41'], 'SW40': ['D40'], 'SW39': ['D39'], 'SW38': ['D38'], 'SW37': ['D37'], 'SW36': ['D36'], 'SW35': ['D35'], 'SW34': ['D34'], 'SW33': ['D33'], 'SW32': ['D32'], 'SW31': ['D31'], 'SW30': ['D30'], 'SW29': ['D29'], 'SW28': ['D28'], 'SW27': ['D27'], 'SW26': ['D26'], 'SW25': ['D25'], 'SW24': ['D24'], 'SW23': ['D23'], 'SW22': ['D22'], 'SW21': ['D21'], 'SW20': ['D20'], 'SW19': ['D19'], 'SW18': ['D18'], 'SW17': ['D17'], 'SW16': ['D16'], 'SW15': ['D15'], 'SW14': ['D14'], 'SW13': ['D13'], 'SW12': ['D12'], 'SW11': ['D11'], 'SW10': ['D10'], 'SW9': ['D9'], 'SW8': ['D8'], 'SW7': ['D7'], 'SW6': ['D6'], 'SW5': ['D5'], 'SW4': ['D4'], 'SW3': ['D3'], 'SW2': ['D2'], 'SW1': ['D1']}
INFO: kle_serial.py:1038: User layout: [[{'c': '#d1021a', 't': '#ffffff', 'a': 7}, 'esc', {'x': 0.25, 'c': '#cccccc', 't': '#000000', 'a': 5}, '<svg xmlns="http://www.w3.org/2000/svg" width="24" height="24" viewBox="-4 -4 24 24"><path fill="currentColor" d="M8 10a2 2 0 1 0 0-4a2 2 0 0 0 0 4m0 2a4 4 0 1 1 0-8a4 4 0 0 1 0 8m6-5h1a1 1 0 0 1 0 2h-1a1 1 0 0 1 0-2m-6 6a1 1 0 0 1 1 1v1a1 1 0 0 1-2 0v-1a1 1 0 0 1 1-1M8 0a1 1 0 0 1 1 1v1a1 1 0 1 1-2 0V1a1 1 0 0 1 1-1M1 7h1a1 1 0 1 1 0 2H1a1 1 0 1 1 0-2m11.95 4.536l.707.707a1 1 0 1 1-1.414 1.414l-.707-.707a1 1 0 0 1 1.414-1.414m-8.486 0a1 1 0 0 1 0 1.414l-.707.707a1 1 0 0 1-1.414-1.414l.707-.707a1 1 0 0 1 1.414 0m9.193-9.193a1 1 0 0 1 0 1.414l-.707.707a1 1 0 0 1-1.414-1.414l.707-.707a1 1 0 0 1 1.414 0m-9.9 0l.707.707A1 1 0 1 1 3.05 4.464l-.707-.707a1 1 0 0 1 1.414-1.414"/></svg>\nF1', '<svg xmlns="http://www.w3.org/2000/svg" width="24" height="24" viewBox="-2 -2 24 24"><path fill="currentColor" d="M10 12a2 2 0 1 0 0-4a2 2 0 0 0 0 4m0 2a4 4 0 1 1 0-8a4 4 0 0 1 0 8m6-5h3a1 1 0 0 1 0 2h-3a1 1 0 0 1 0-2m-6 6a1 1 0 0 1 1 1v3a1 1 0 0 1-2 0v-3a1 1 0 0 1 1-1m0-15a1 1 0 0 1 1 1v3a1 1 0 0 1-2 0V1a1 1 0 0 1 1-1M1 9h3a1 1 0 1 1 0 2H1a1 1 0 0 1 0-2m13.95 4.536l2.121 2.12a1 1 0 0 1-1.414 1.415l-2.121-2.121a1 1 0 0 1 1.414-1.414m-8.486 0a1 1 0 0 1 0 1.414l-2.12 2.121a1 1 0 1 1-1.415-1.414l2.121-2.121a1 1 0 0 1 1.414 0M17.071 2.929a1 1 0 0 1 0 1.414L14.95 6.464a1 1 0 0 1-1.414-1.414l2.12-2.121a1 1 0 0 1 1.415 0m-12.728 0L6.464 5.05A1 1 0 1 1 5.05 6.464l-2.12-2.12a1 1 0 0 1 1.414-1.415z"/></svg>\nF2', '<svg xmlns="http://www.w3.org/2000/svg" width="18" height="24" viewBox="0 0 24 24"><path fill="currentColor" d="M5 11q-.825 0-1.412-.587T3 9V5q0-.825.588-1.412T5 3h4q.825 0 1.413.588T11 5v4q0 .825-.587 1.413T9 11zm0 10q-.825 0-1.412-.587T3 19v-4q0-.825.588-1.412T5 13h4q.825 0 1.413.588T11 15v4q0 .825-.587 1.413T9 21zm10-10q-.825 0-1.412-.587T13 9V5q0-.825.588-1.412T15 3h4q.825 0 1.413.588T21 5v4q0 .825-.587 1.413T19 11zm0 10q-.825 0-1.412-.587T13 19v-4q0-.825.588-1.412T15 13h4q.825 0 1.413.588T21 15v4q0 .825-.587 1.413T19 21zM5 9h4V5H5zm10 0h4V5h-4zm0 10h4v-4h-4zM5 19h4v-4H5zM9 9"/></svg>\nF3', '<svg xmlns="http://www.w3.org/2000/svg" width="18" height="24" viewBox="0 0 24 24"><path fill="currentColor" d="M6 20q-.825 0-1.412-.587T4 18t.588-1.412T6 16t1.413.588T8 18t-.587 1.413T6 20m6 0q-.825 0-1.412-.587T10 18t.588-1.412T12 16t1.413.588T14 18t-.587 1.413T12 20m6 0q-.825 0-1.412-.587T16 18t.588-1.412T18 16t1.413.588T20 18t-.587 1.413T18 20M6 14q-.825 0-1.412-.587T4 12t.588-1.412T6 10t1.413.588T8 12t-.587 1.413T6 14m6 0q-.825 0-1.412-.587T10 12t.588-1.412T12 10t1.413.588T14 12t-.587 1.413T12 14m6 0q-.825 0-1.412-.587T16 12t.588-1.412T18 10t1.413.588T20 12t-.587 1.413T18 14M6 8q-.825 0-1.412-.587T4 6t.588-1.412T6 4t1.413.588T8 6t-.587 1.413T6 8m6 0q-.825 0-1.412-.587T10 6t.588-1.412T12 4t1.413.588T14 6t-.587 1.413T12 8m6 0q-.825 0-1.412-.587T16 6t.588-1.412T18 4t1.413.588T20 6t-.587 1.413T18 8"/></svg>\nF4', {'x': 0.25, 'c': '#aaaaaa'}, '<svg xmlns="http://www.w3.org/2000/svg" width="24" height="24" viewBox="0 0 24 24"><path fill="currentColor" d="M3.116 14.5q-.213 0-.357-.144t-.143-.357t.143-.356t.357-.143H4.5q.213 0 .356.144t.144.357t-.144.356t-.356.143zM7.05 9.05q-.14.14-.347.14t-.341-.14L5.348 8.036q-.14-.14-.14-.334t.14-.335t.348-.14t.34.14L7.05 8.381q.14.14.14.335q0 .194-.14.334M8.5 17q-.417 0-.708-.291q-.292-.291-.292-.707t.292-.709T8.5 15h7q.417 0 .708.291q.292.291.292.707t-.292.709T15.5 17zM12 7q-.214 0-.357-.144T11.5 6.5V5.116q0-.213.144-.357t.357-.144t.356.144t.143.356V6.5q0 .213-.144.356T11.999 7m4.913 2.03q-.14-.145-.134-.353t.153-.354l.994-.975q.146-.146.354-.143t.357.168q.137.166.14.364t-.162.344l-.995.956q-.146.146-.353.153q-.208.006-.354-.16M19.5 14.5q-.213 0-.356-.144T19 13.999t.144-.356t.356-.143h1.385q.212 0 .356.144t.143.357t-.143.356t-.357.143z"/></svg>\nF5', '<svg xmlns="http://www.w3.org/2000/svg" width="24" height="24" viewBox="0 0 24 24"><path fill="currentColor" d="M1.616 14.5v-1H5v1zm5.08-5.096l-2.421-2.44l.689-.695l2.42 2.447zM7.5 17v-2h9v2zm4-10V2.616h1V7zm5.766 2.385l-.689-.708l2.44-2.402l.695.708zM19 14.5v-1h3.385v1z"/></svg>\nF6', '<svg xmlns="http://www.w3.org/2000/svg" width="24" height="24" viewBox="0 0 24 24"><path fill="currentColor" d="m18.642 15.783l-4.661-3.112q-.187-.13-.27-.295T13.627 12t.083-.376t.27-.295l4.662-3.112q.106-.08.218-.105q.111-.025.236-.025q.323 0 .566.217t.242.59v6.212q0 .373-.243.59q-.242.218-.565.218q-.125 0-.236-.025q-.112-.025-.218-.106m-8.884 0L5.096 12.67q-.186-.13-.27-.295T4.742 12t.084-.376q.084-.164.27-.295l4.662-3.112q.106-.08.217-.105t.237-.025q.323 0 .565.217t.242.59v6.212q0 .373-.242.59q-.242.218-.565.218q-.125 0-.237-.025t-.217-.106"/></svg>\nF7', '<svg xmlns="http://www.w3.org/2000/svg" width="24" height="24" viewBox="0 0 24 24"><path fill="currentColor" d="M9 15.714V8.287q0-.368.244-.588q.243-.22.568-.22q.102 0 .213.028q.11.027.211.083l5.843 3.733q.186.13.28.298q.093.167.093.379t-.093.379t-.28.298l-5.843 3.733q-.101.055-.213.083t-.213.028q-.326 0-.568-.22T9 15.714"/></svg>\nF8', {'x': 0.25, 'c': '#cccccc'}, '<svg xmlns="http://www.w3.org/2000/svg" width="24" height="24" viewBox="0 0 24 24"><path fill="currentColor" d="M4.096 15.106V8.894q0-.373.243-.59q.242-.218.565-.218q.125 0 .237.025t.217.106l4.661 3.112q.187.13.27.295t.084.376t-.083.376t-.27.295l-4.662 3.112q-.106.08-.217.106q-.112.025-.237.025q-.323 0-.565-.218q-.243-.217-.243-.59m8.885 0V8.894q0-.373.242-.59q.243-.218.566-.218q.125 0 .236.025t.217.106l4.662 3.112q.187.13.27.295t.084.376t-.084.376q-.083.164-.27.295l-4.662 3.112q-.105.08-.217.106t-.236.025q-.323 0-.566-.218q-.242-.217-.242-.59"/></svg>\nF9', '<svg xmlns="http://www.w3.org/2000/svg" width="24" height="24" viewBox="0 0 24 24"><path fill="currentColor" d="m17.385 12.708l-2.247 2.246q-.14.14-.344.15t-.363-.15t-.16-.354t.16-.354L16.677 12l-2.246-2.246q-.14-.14-.15-.344t.15-.364t.354-.16t.354.16l2.246 2.246l2.246-2.246q.14-.14.344-.15t.364.15t.159.354t-.16.354L18.093 12l2.247 2.246q.14.14.15.344t-.15.364t-.354.16t-.354-.16zM7.73 14H5.116q-.349 0-.578-.23t-.23-.578v-2.384q0-.348.23-.578t.578-.23H7.73l2.685-2.685q.244-.244.568-.116t.324.476v8.65q0 .348-.324.476t-.568-.116z"/></svg>\nF10', '<svg xmlns="http://www.w3.org/2000/svg" width="24" height="24" viewBox="0 0 24 24"><path fill="currentColor" d="M9.423 14H6.808q-.348 0-.578-.23T6 13.192v-2.384q0-.348.23-.578t.578-.23h2.615l2.685-2.685q.244-.244.568-.116t.324.476v8.65q0 .348-.324.476t-.568-.116zm8.077-2q0 .82-.302 1.555q-.302.736-.846 1.278q-.173.13-.378.041t-.205-.312V9.389q0-.223.205-.313t.378.041q.544.548.846 1.306T17.5 12"/></svg>\nF11', '<svg xmlns="http://www.w3.org/2000/svg" width="24" height="24" viewBox="0 0 24 24"><path fill="currentColor" d="M18.692 11.975q0-2.056-1.11-3.749q-1.109-1.693-2.978-2.524q-.202-.098-.3-.278t-.012-.362q.093-.208.317-.268t.45.039q2.099.979 3.366 2.893t1.267 4.249t-1.267 4.249t-3.366 2.893q-.226.099-.45.039t-.317-.267q-.086-.183.012-.363t.3-.278q1.869-.83 2.979-2.524t1.11-3.749M7.73 14H5.116q-.349 0-.578-.23t-.23-.578v-2.384q0-.349.23-.578t.578-.23H7.73l2.685-2.685q.244-.244.568-.116t.324.476v8.65q0 .348-.324.476t-.568-.116zm8.077-2q0 .82-.302 1.555q-.302.736-.846 1.278q-.173.13-.378.041t-.205-.312V9.389q0-.223.205-.313t.377.041q.545.548.847 1.306T15.808 12"/></svg>\nF12', {'x': 0.25, 'c': '#aaaaaa', 'a': 7}, 'del', {'x': 0.25, 'a': 0}, '', ''], [{'x': -5, 'y': -0.75, 'c': '#cccccc'}, ''], [{'x': -6.5, 'y': -0.25}, ''], [{'y': -0.75, 'c': '#aaaaaa', 'a': 5}, '~\n`', {'c': '#cccccc'}, '!\n1', '@\n2', '#\n3', '$\n4', '%\n5', '^\n6', '&\n7', '*\n8', '(\n9', ')\n0', '_\n-', '+\n=', {'c': '#aaaaaa', 'a': 7, 'w': 2}, '🠰 backspace'], [{'x': 15.25, 'y': -0.25, 'a': 0}, ''], [{'y': -0.75, 'a': 7, 'w': 1.5}, 'tab ⭾', {'c': '#cccccc'}, 'Q', 'W', 'E', 'R', 'T', 'Y', 'U', 'I', 'O', 'P', {'a': 5}, '{\n[', '}\n]', {'w': 1.5}, '|\n\\'], [{'x': 16.25, 'y': -0.5, 'c': '#aaaaaa', 'a': 0}, ''], [{'x': 15.25, 'y': -0.75}, ''], [{'y': -0.75, 'a': 7, 'w': 1.75}, 'caps lock', {'c': '#cccccc'}, 'A', 'S', 'D', 'F', 'G', 'H', 'J', 'K', 'L', {'a': 5}, ':\n;', '"\n\'', {'c': '#d1021a', 't': '#ffffff', 'a': 7, 'w': 2.25}, '↵ enter'], [{'x': -2.5, 'y': -0.25, 'c': '#cccccc', 't': '#000000', 'a': 0}, ''], [{'y': -0.75, 'c': '#aaaaaa', 'a': 7, 'w': 2.25}, '⇧ shift', {'c': '#cccccc'}, 'Z', 'X', 'C', 'V', 'B', 'N', 'M', {'a': 5}, '<\n,', '>\n.', '?\n/', {'c': '#aaaaaa', 'a': 7, 'w': 1.75}, '⇧ shift'], [{'x': 14.25, 'y': -0.75, 'c': '#cccccc'}, '˄'], [{'y': -0.25, 'c': '#aaaaaa', 'w': 1.25}, 'control', {'w': 1.25}, 'option', {'w': 1.25}, '⌘', {'c': '#cccccc', 'a': 0, 'w': 6.25}, '', {'c': '#aaaaaa', 'a': 7}, '⌘', 'fn', 'ctrl'], [{'x': 13.25, 'y': -0.75, 'c': '#cccccc'}, '˂', '˅', '˃'], [{'r': 15, 'x': -2.75, 'y': -5, 'a': 0}, ''], [{'x': -2.75}, ''], [{'y': 0.75}, ''], [{'r': -15, 'x': -8.75, 'y': -4.5}, '']]
DEBUG: key_placer.py:757: Using key 1U distance: (19.05, 19.05) mm
DEBUG: key_placer.py:775: Layout offset: (28575000, 28575000)
DEBUG: kle_serial.py:1132: Layout with: x_ortholinear_keys=25, y_ortholinear_keys=20, rotated_keys=4, encoders=0, iso_enters=0 and unrecognized_shape_keys=0
DEBUG: kle_serial.py:1157: Layout tagged: [<KeyboardTag.OTHER: 4>]
WARNING: key_placer.py:792: Layout of this kind with missing key matrix annotations may produce unexpected footprint order. For details see: https://github.com/adamws/kicad-kbplacer/blob/master/docs/annotation_guide.md
DEBUG: board_modifier.py:119: Setting SW1 footprint position: (38100000, 38100000)
DEBUG: board_modifier.py:119: Setting SW2 footprint position: (61912500, 38100000)
DEBUG: board_modifier.py:119: Setting SW3 footprint position: (80962500, 38100000)
DEBUG: board_modifier.py:119: Setting SW4 footprint position: (100012500, 38100000)
DEBUG: board_modifier.py:119: Setting SW5 footprint position: (119062500, 38100000)
DEBUG: board_modifier.py:119: Setting SW6 footprint position: (142875000, 38100000)
DEBUG: board_modifier.py:119: Setting SW7 footprint position: (161925000, 38100000)
DEBUG: board_modifier.py:119: Setting SW8 footprint position: (180975000, 38100000)
DEBUG: board_modifier.py:119: Setting SW9 footprint position: (200025000, 38100000)
DEBUG: board_modifier.py:119: Setting SW10 footprint position: (223837500, 38100000)
DEBUG: board_modifier.py:119: Setting SW11 footprint position: (242887500, 38100000)
DEBUG: board_modifier.py:119: Setting SW12 footprint position: (261937500, 38100000)
DEBUG: board_modifier.py:119: Setting SW13 footprint position: (280987500, 38100000)
DEBUG: board_modifier.py:119: Setting SW14 footprint position: (304800000, 38100000)
DEBUG: board_modifier.py:119: Setting SW15 footprint position: (328612500, 38100000)
DEBUG: board_modifier.py:119: Setting SW16 footprint position: (347662500, 38100000)
DEBUG: board_modifier.py:119: Setting SW17 footprint position: (-57150000, 42862500)
DEBUG: board_modifier.py:119: Setting SW18 footprint position: (-85725000, 57150000)
DEBUG: board_modifier.py:119: Setting SW19 footprint position: (38100000, 61912500)
DEBUG: board_modifier.py:119: Setting SW20 footprint position: (57150000, 61912500)
DEBUG: board_modifier.py:119: Setting SW21 footprint position: (76200000, 61912500)
DEBUG: board_modifier.py:119: Setting SW22 footprint position: (95250000, 61912500)
DEBUG: board_modifier.py:119: Setting SW23 footprint position: (114300000, 61912500)
DEBUG: board_modifier.py:119: Setting SW24 footprint position: (133350000, 61912500)
DEBUG: board_modifier.py:119: Setting SW25 footprint position: (152400000, 61912500)
DEBUG: board_modifier.py:119: Setting SW26 footprint position: (171450000, 61912500)
DEBUG: board_modifier.py:119: Setting SW27 footprint position: (190500000, 61912500)
DEBUG: board_modifier.py:119: Setting SW28 footprint position: (209550000, 61912500)
DEBUG: board_modifier.py:119: Setting SW29 footprint position: (228600000, 61912500)
DEBUG: board_modifier.py:119: Setting SW30 footprint position: (247650000, 61912500)
DEBUG: board_modifier.py:119: Setting SW31 footprint position: (266700000, 61912500)
DEBUG: board_modifier.py:119: Setting SW32 footprint position: (295275000, 61912500)
DEBUG: board_modifier.py:119: Setting SW33 footprint position: (328612500, 76200000)
DEBUG: board_modifier.py:119: Setting SW34 footprint position: (42862500, 80962500)
DEBUG: board_modifier.py:119: Setting SW35 footprint position: (66675000, 80962500)
DEBUG: board_modifier.py:119: Setting SW36 footprint position: (85725000, 80962500)
DEBUG: board_modifier.py:119: Setting SW37 footprint position: (104775000, 80962500)
DEBUG: board_modifier.py:119: Setting SW38 footprint position: (123825000, 80962500)
DEBUG: board_modifier.py:119: Setting SW39 footprint position: (142875000, 80962500)
DEBUG: board_modifier.py:119: Setting SW40 footprint position: (161925000, 80962500)
DEBUG: board_modifier.py:119: Setting SW41 footprint position: (180975000, 80962500)
DEBUG: board_modifier.py:119: Setting SW42 footprint position: (200025000, 80962500)
DEBUG: board_modifier.py:119: Setting SW43 footprint position: (219075000, 80962500)
DEBUG: board_modifier.py:119: Setting SW44 footprint position: (238125000, 80962500)
DEBUG: board_modifier.py:119: Setting SW45 footprint position: (257175000, 80962500)
DEBUG: board_modifier.py:119: Setting SW46 footprint position: (276225000, 80962500)
DEBUG: board_modifier.py:119: Setting SW47 footprint position: (300037500, 80962500)
DEBUG: board_modifier.py:119: Setting SW48 footprint position: (347662500, 90487500)
DEBUG: board_modifier.py:119: Setting SW49 footprint position: (328612500, 95250000)
DEBUG: board_modifier.py:119: Setting SW50 footprint position: (45243750, 100012500)
DEBUG: board_modifier.py:119: Setting SW51 footprint position: (71437500, 100012500)
DEBUG: board_modifier.py:119: Setting SW52 footprint position: (90487500, 100012500)
DEBUG: board_modifier.py:119: Setting SW53 footprint position: (109537500, 100012500)
DEBUG: board_modifier.py:119: Setting SW54 footprint position: (128587500, 100012500)
DEBUG: board_modifier.py:119: Setting SW55 footprint position: (147637500, 100012500)
DEBUG: board_modifier.py:119: Setting SW56 footprint position: (166687500, 100012500)
DEBUG: board_modifier.py:119: Setting SW57 footprint position: (185737500, 100012500)
DEBUG: board_modifier.py:119: Setting SW58 footprint position: (204787500, 100012500)
DEBUG: board_modifier.py:119: Setting SW59 footprint position: (223837500, 100012500)
DEBUG: board_modifier.py:119: Setting SW60 footprint position: (242887500, 100012500)
DEBUG: board_modifier.py:119: Setting SW61 footprint position: (261937500, 100012500)
DEBUG: board_modifier.py:119: Setting SW62 footprint position: (292893750, 100012500)
DEBUG: board_modifier.py:119: Setting SW63 footprint position: (-9525000, 114300000)
DEBUG: board_modifier.py:119: Setting SW64 footprint position: (50006250, 119062500)
DEBUG: board_modifier.py:119: Setting SW65 footprint position: (80962500, 119062500)
DEBUG: board_modifier.py:119: Setting SW66 footprint position: (100012500, 119062500)
DEBUG: board_modifier.py:119: Setting SW67 footprint position: (119062500, 119062500)
DEBUG: board_modifier.py:119: Setting SW68 footprint position: (138112500, 119062500)
DEBUG: board_modifier.py:119: Setting SW69 footprint position: (157162500, 119062500)
DEBUG: board_modifier.py:119: Setting SW70 footprint position: (176212500, 119062500)
DEBUG: board_modifier.py:119: Setting SW71 footprint position: (195262500, 119062500)
DEBUG: board_modifier.py:119: Setting SW72 footprint position: (214312500, 119062500)
DEBUG: board_modifier.py:119: Setting SW73 footprint position: (233362500, 119062500)
DEBUG: board_modifier.py:119: Setting SW74 footprint position: (252412500, 119062500)
DEBUG: board_modifier.py:119: Setting SW75 footprint position: (278606250, 119062500)
DEBUG: board_modifier.py:119: Setting SW76 footprint position: (309562500, 123825000)
DEBUG: board_modifier.py:119: Setting SW77 footprint position: (40481250, 138112500)
DEBUG: board_modifier.py:119: Setting SW78 footprint position: (64293750, 138112500)
DEBUG: board_modifier.py:119: Setting SW79 footprint position: (88106250, 138112500)
DEBUG: board_modifier.py:119: Setting SW80 footprint position: (159543750, 138112500)
DEBUG: board_modifier.py:119: Setting SW81 footprint position: (228600000, 138112500)
DEBUG: board_modifier.py:119: Setting SW82 footprint position: (247650000, 138112500)
DEBUG: board_modifier.py:119: Setting SW83 footprint position: (266700000, 138112500)
DEBUG: board_modifier.py:119: Setting SW84 footprint position: (290512500, 142875000)
DEBUG: board_modifier.py:119: Setting SW85 footprint position: (309562500, 142875000)
DEBUG: board_modifier.py:119: Setting SW86 footprint position: (328612500, 142875000)
DEBUG: board_modifier.py:119: Setting SW87 footprint position: (-14287500, 66675000)
DEBUG: board_modifier.py:119: Setting SW88 footprint position: (-14287500, 85725000)
DEBUG: board_modifier.py:119: Setting SW89 footprint position: (38100000, 119062500)
DEBUG: board_modifier.py:119: Setting SW90 footprint position: (-128587500, 52387500)
INFO: key_placer.py:1188: Diode info: [ElementInfo(annotation_format='D{}', position_option=<PositionOption.DEFAULT: 'Default'>, position=ElementPosition(x=5.08, y=4.0, orientation=90.0, side=<Side.BACK: 'Back'>), template_path='', start_index=-1)]
DEBUG: board_modifier.py:132: Getting SW1 footprint position: (38100000, 38100000)
DEBUG: board_modifier.py:119: Setting D1 footprint position: (43180000, 42100000)
DEBUG: board_modifier.py:132: Getting SW2 footprint position: (61912500, 38100000)
DEBUG: board_modifier.py:119: Setting D2 footprint position: (66992500, 42100000)
DEBUG: board_modifier.py:132: Getting SW3 footprint position: (80962500, 38100000)
DEBUG: board_modifier.py:119: Setting D3 footprint position: (86042500, 42100000)
DEBUG: board_modifier.py:132: Getting SW4 footprint position: (100012500, 38100000)
DEBUG: board_modifier.py:119: Setting D4 footprint position: (105092500, 42100000)
DEBUG: board_modifier.py:132: Getting SW5 footprint position: (119062500, 38100000)
DEBUG: board_modifier.py:119: Setting D5 footprint position: (124142500, 42100000)
DEBUG: board_modifier.py:132: Getting SW6 footprint position: (142875000, 38100000)
DEBUG: board_modifier.py:119: Setting D6 footprint position: (147955000, 42100000)
DEBUG: board_modifier.py:132: Getting SW7 footprint position: (161925000, 38100000)
DEBUG: board_modifier.py:119: Setting D7 footprint position: (167005000, 42100000)
DEBUG: board_modifier.py:132: Getting SW8 footprint position: (180975000, 38100000)
DEBUG: board_modifier.py:119: Setting D8 footprint position: (186055000, 42100000)
DEBUG: board_modifier.py:132: Getting SW9 footprint position: (200025000, 38100000)
DEBUG: board_modifier.py:119: Setting D9 footprint position: (205105000, 42100000)
DEBUG: board_modifier.py:132: Getting SW10 footprint position: (223837500, 38100000)
DEBUG: board_modifier.py:119: Setting D10 footprint position: (228917500, 42100000)
DEBUG: board_modifier.py:132: Getting SW11 footprint position: (242887500, 38100000)
DEBUG: board_modifier.py:119: Setting D11 footprint position: (247967500, 42100000)
DEBUG: board_modifier.py:132: Getting SW12 footprint position: (261937500, 38100000)
DEBUG: board_modifier.py:119: Setting D12 footprint position: (267017500, 42100000)
DEBUG: board_modifier.py:132: Getting SW13 footprint position: (280987500, 38100000)
DEBUG: board_modifier.py:119: Setting D13 footprint position: (286067500, 42100000)
DEBUG: board_modifier.py:132: Getting SW14 footprint position: (304800000, 38100000)
DEBUG: board_modifier.py:119: Setting D14 footprint position: (309880000, 42100000)
DEBUG: board_modifier.py:132: Getting SW15 footprint position: (328612500, 38100000)
DEBUG: board_modifier.py:119: Setting D15 footprint position: (333692500, 42100000)
DEBUG: board_modifier.py:132: Getting SW16 footprint position: (347662500, 38100000)
DEBUG: board_modifier.py:119: Setting D16 footprint position: (352742500, 42100000)
DEBUG: board_modifier.py:132: Getting SW17 footprint position: (-57150000, 42862500)
DEBUG: board_modifier.py:119: Setting D17 footprint position: (-52070000, 46862500)
DEBUG: board_modifier.py:132: Getting SW18 footprint position: (-85725000, 57150000)
DEBUG: board_modifier.py:119: Setting D18 footprint position: (-80645000, 61150000)
DEBUG: board_modifier.py:132: Getting SW19 footprint position: (38100000, 61912500)
DEBUG: board_modifier.py:119: Setting D19 footprint position: (43180000, 65912500)
DEBUG: board_modifier.py:132: Getting SW20 footprint position: (57150000, 61912500)
DEBUG: board_modifier.py:119: Setting D20 footprint position: (62230000, 65912500)
DEBUG: board_modifier.py:132: Getting SW21 footprint position: (76200000, 61912500)
DEBUG: board_modifier.py:119: Setting D21 footprint position: (81280000, 65912500)
DEBUG: board_modifier.py:132: Getting SW22 footprint position: (95250000, 61912500)
DEBUG: board_modifier.py:119: Setting D22 footprint position: (100330000, 65912500)
DEBUG: board_modifier.py:132: Getting SW23 footprint position: (114300000, 61912500)
DEBUG: board_modifier.py:119: Setting D23 footprint position: (119380000, 65912500)
DEBUG: board_modifier.py:132: Getting SW24 footprint position: (133350000, 61912500)
DEBUG: board_modifier.py:119: Setting D24 footprint position: (138430000, 65912500)
DEBUG: board_modifier.py:132: Getting SW25 footprint position: (152400000, 61912500)
DEBUG: board_modifier.py:119: Setting D25 footprint position: (157480000, 65912500)
DEBUG: board_modifier.py:132: Getting SW26 footprint position: (171450000, 61912500)
DEBUG: board_modifier.py:119: Setting D26 footprint position: (176530000, 65912500)
DEBUG: board_modifier.py:132: Getting SW27 footprint position: (190500000, 61912500)
DEBUG: board_modifier.py:119: Setting D27 footprint position: (195580000, 65912500)
DEBUG: board_modifier.py:132: Getting SW28 footprint position: (209550000, 61912500)
DEBUG: board_modifier.py:119: Setting D28 footprint position: (214630000, 65912500)
DEBUG: board_modifier.py:132: Getting SW29 footprint position: (228600000, 61912500)
DEBUG: board_modifier.py:119: Setting D29 footprint position: (233680000, 65912500)
DEBUG: board_modifier.py:132: Getting SW30 footprint position: (247650000, 61912500)
DEBUG: board_modifier.py:119: Setting D30 footprint position: (252730000, 65912500)
DEBUG: board_modifier.py:132: Getting SW31 footprint position: (266700000, 61912500)
DEBUG: board_modifier.py:119: Setting D31 footprint position: (271780000, 65912500)
DEBUG: board_modifier.py:132: Getting SW32 footprint position: (295275000, 61912500)
DEBUG: board_modifier.py:119: Setting D32 footprint position: (300355000, 65912500)
DEBUG: board_modifier.py:132: Getting SW33 footprint position: (328612500, 76200000)
DEBUG: board_modifier.py:119: Setting D33 footprint position: (333692500, 80200000)
DEBUG: board_modifier.py:132: Getting SW34 footprint position: (42862500, 80962500)
DEBUG: board_modifier.py:119: Setting D34 footprint position: (47942500, 84962500)
DEBUG: board_modifier.py:132: Getting SW35 footprint position: (66675000, 80962500)
DEBUG: board_modifier.py:119: Setting D35 footprint position: (71755000, 84962500)
DEBUG: board_modifier.py:132: Getting SW36 footprint position: (85725000, 80962500)
DEBUG: board_modifier.py:119: Setting D36 footprint position: (90805000, 84962500)
DEBUG: board_modifier.py:132: Getting SW37 footprint position: (104775000, 80962500)
DEBUG: board_modifier.py:119: Setting D37 footprint position: (109855000, 84962500)
DEBUG: board_modifier.py:132: Getting SW38 footprint position: (123825000, 80962500)
DEBUG: board_modifier.py:119: Setting D38 footprint position: (128905000, 84962500)
DEBUG: board_modifier.py:132: Getting SW39 footprint position: (142875000, 80962500)
DEBUG: board_modifier.py:119: Setting D39 footprint position: (147955000, 84962500)
DEBUG: board_modifier.py:132: Getting SW40 footprint position: (161925000, 80962500)
DEBUG: board_modifier.py:119: Setting D40 footprint position: (167005000, 84962500)
DEBUG: board_modifier.py:132: Getting SW41 footprint position: (180975000, 80962500)
DEBUG: board_modifier.py:119: Setting D41 footprint position: (186055000, 84962500)
DEBUG: board_modifier.py:132: Getting SW42 footprint position: (200025000, 80962500)
DEBUG: board_modifier.py:119: Setting D42 footprint position: (205105000, 84962500)
DEBUG: board_modifier.py:132: Getting SW43 footprint position: (219075000, 80962500)
DEBUG: board_modifier.py:119: Setting D43 footprint position: (224155000, 84962500)
DEBUG: board_modifier.py:132: Getting SW44 footprint position: (238125000, 80962500)
DEBUG: board_modifier.py:119: Setting D44 footprint position: (243205000, 84962500)
DEBUG: board_modifier.py:132: Getting SW45 footprint position: (257175000, 80962500)
DEBUG: board_modifier.py:119: Setting D45 footprint position: (262255000, 84962500)
DEBUG: board_modifier.py:132: Getting SW46 footprint position: (276225000, 80962500)
DEBUG: board_modifier.py:119: Setting D46 footprint position: (281305000, 84962500)
DEBUG: board_modifier.py:132: Getting SW47 footprint position: (300037500, 80962500)
DEBUG: board_modifier.py:119: Setting D47 footprint position: (305117500, 84962500)
DEBUG: board_modifier.py:132: Getting SW48 footprint position: (347662500, 90487500)
DEBUG: board_modifier.py:119: Setting D48 footprint position: (352742500, 94487500)
DEBUG: board_modifier.py:132: Getting SW49 footprint position: (328612500, 95250000)
DEBUG: board_modifier.py:119: Setting D49 footprint position: (333692500, 99250000)
DEBUG: board_modifier.py:132: Getting SW50 footprint position: (45243750, 100012500)
DEBUG: board_modifier.py:119: Setting D50 footprint position: (50323750, 104012500)
DEBUG: board_modifier.py:132: Getting SW51 footprint position: (71437500, 100012500)
DEBUG: board_modifier.py:119: Setting D51 footprint position: (76517500, 104012500)
DEBUG: board_modifier.py:132: Getting SW52 footprint position: (90487500, 100012500)
DEBUG: board_modifier.py:119: Setting D52 footprint position: (95567500, 104012500)
DEBUG: board_modifier.py:132: Getting SW53 footprint position: (109537500, 100012500)
DEBUG: board_modifier.py:119: Setting D53 footprint position: (114617500, 104012500)
DEBUG: board_modifier.py:132: Getting SW54 footprint position: (128587500, 100012500)
DEBUG: board_modifier.py:119: Setting D54 footprint position: (133667500, 104012500)
DEBUG: board_modifier.py:132: Getting SW55 footprint position: (147637500, 100012500)
DEBUG: board_modifier.py:119: Setting D55 footprint position: (152717500, 104012500)
DEBUG: board_modifier.py:132: Getting SW56 footprint position: (166687500, 100012500)
DEBUG: board_modifier.py:119: Setting D56 footprint position: (171767500, 104012500)
DEBUG: board_modifier.py:132: Getting SW57 footprint position: (185737500, 100012500)
DEBUG: board_modifier.py:119: Setting D57 footprint position: (190817500, 104012500)
DEBUG: board_modifier.py:132: Getting SW58 footprint position: (204787500, 100012500)
DEBUG: board_modifier.py:119: Setting D58 footprint position: (209867500, 104012500)
DEBUG: board_modifier.py:132: Getting SW59 footprint position: (223837500, 100012500)
DEBUG: board_modifier.py:119: Setting D59 footprint position: (228917500, 104012500)
DEBUG: board_modifier.py:132: Getting SW60 footprint position: (242887500, 100012500)
DEBUG: board_modifier.py:119: Setting D60 footprint position: (247967500, 104012500)
DEBUG: board_modifier.py:132: Getting SW61 footprint position: (261937500, 100012500)
DEBUG: board_modifier.py:119: Setting D61 footprint position: (267017500, 104012500)
DEBUG: board_modifier.py:132: Getting SW62 footprint position: (292893750, 100012500)
DEBUG: board_modifier.py:119: Setting D62 footprint position: (297973750, 104012500)
DEBUG: board_modifier.py:132: Getting SW63 footprint position: (-9525000, 114300000)
DEBUG: board_modifier.py:119: Setting D63 footprint position: (-4445000, 118300000)
DEBUG: board_modifier.py:132: Getting SW64 footprint position: (50006250, 119062500)
DEBUG: board_modifier.py:119: Setting D64 footprint position: (55086250, 123062500)
DEBUG: board_modifier.py:132: Getting SW65 footprint position: (80962500, 119062500)
DEBUG: board_modifier.py:119: Setting D65 footprint position: (86042500, 123062500)
DEBUG: board_modifier.py:132: Getting SW66 footprint position: (100012500, 119062500)
DEBUG: board_modifier.py:119: Setting D66 footprint position: (105092500, 123062500)
DEBUG: board_modifier.py:132: Getting SW67 footprint position: (119062500, 119062500)
DEBUG: board_modifier.py:119: Setting D67 footprint position: (124142500, 123062500)
DEBUG: board_modifier.py:132: Getting SW68 footprint position: (138112500, 119062500)
DEBUG: board_modifier.py:119: Setting D68 footprint position: (143192500, 123062500)
DEBUG: board_modifier.py:132: Getting SW69 footprint position: (157162500, 119062500)
DEBUG: board_modifier.py:119: Setting D69 footprint position: (162242500, 123062500)
DEBUG: board_modifier.py:132: Getting SW70 footprint position: (176212500, 119062500)
DEBUG: board_modifier.py:119: Setting D70 footprint position: (181292500, 123062500)
DEBUG: board_modifier.py:132: Getting SW71 footprint position: (195262500, 119062500)
DEBUG: board_modifier.py:119: Setting D71 footprint position: (200342500, 123062500)
DEBUG: board_modifier.py:132: Getting SW72 footprint position: (214312500, 119062500)
DEBUG: board_modifier.py:119: Setting D72 footprint position: (219392500, 123062500)
DEBUG: board_modifier.py:132: Getting SW73 footprint position: (233362500, 119062500)
DEBUG: board_modifier.py:119: Setting D73 footprint position: (238442500, 123062500)
DEBUG: board_modifier.py:132: Getting SW74 footprint position: (252412500, 119062500)
DEBUG: board_modifier.py:119: Setting D74 footprint position: (257492500, 123062500)
DEBUG: board_modifier.py:132: Getting SW75 footprint position: (278606250, 119062500)
DEBUG: board_modifier.py:119: Setting D75 footprint position: (283686250, 123062500)
DEBUG: board_modifier.py:132: Getting SW76 footprint position: (309562500, 123825000)
DEBUG: board_modifier.py:119: Setting D76 footprint position: (314642500, 127825000)
DEBUG: board_modifier.py:132: Getting SW77 footprint position: (40481250, 138112500)
DEBUG: board_modifier.py:119: Setting D77 footprint position: (45561250, 142112500)
DEBUG: board_modifier.py:132: Getting SW78 footprint position: (64293750, 138112500)
DEBUG: board_modifier.py:119: Setting D78 footprint position: (69373750, 142112500)
DEBUG: board_modifier.py:132: Getting SW79 footprint position: (88106250, 138112500)
DEBUG: board_modifier.py:119: Setting D79 footprint position: (93186250, 142112500)
DEBUG: board_modifier.py:132: Getting SW80 footprint position: (159543750, 138112500)
DEBUG: board_modifier.py:119: Setting D80 footprint position: (164623750, 142112500)
DEBUG: board_modifier.py:132: Getting SW81 footprint position: (228600000, 138112500)
DEBUG: board_modifier.py:119: Setting D81 footprint position: (233680000, 142112500)
DEBUG: board_modifier.py:132: Getting SW82 footprint position: (247650000, 138112500)
DEBUG: board_modifier.py:119: Setting D82 footprint position: (252730000, 142112500)
DEBUG: board_modifier.py:132: Getting SW83 footprint position: (266700000, 138112500)
DEBUG: board_modifier.py:119: Setting D83 footprint position: (271780000, 142112500)
DEBUG: board_modifier.py:132: Getting SW84 footprint position: (290512500, 142875000)
DEBUG: board_modifier.py:119: Setting D84 footprint position: (295592500, 146875000)
DEBUG: board_modifier.py:132: Getting SW85 footprint position: (309562500, 142875000)
DEBUG: board_modifier.py:119: Setting D85 footprint position: (314642500, 146875000)
DEBUG: board_modifier.py:132: Getting SW86 footprint position: (328612500, 142875000)
DEBUG: board_modifier.py:119: Setting D86 footprint position: (333692500, 146875000)
DEBUG: board_modifier.py:132: Getting SW87 footprint position: (-22688001, 54283143)
DEBUG: board_modifier.py:119: Setting D87 footprint position: (-18816374, 59461647)
DEBUG: board_modifier.py:132: Getting D87 footprint position: (-18816374, 59461647)
DEBUG: board_modifier.py:132: Getting SW88 footprint position: (-27618504, 72684030)
DEBUG: board_modifier.py:119: Setting D88 footprint position: (-23746877, 77862534)
DEBUG: board_modifier.py:132: Getting D88 footprint position: (-23746877, 77862534)
DEBUG: board_modifier.py:132: Getting SW89 footprint position: (14355555, 118444465)
DEBUG: board_modifier.py:119: Setting D89 footprint position: (18227182, 123622969)
DEBUG: board_modifier.py:132: Getting D89 footprint position: (18227182, 123622969)
DEBUG: board_modifier.py:132: Getting SW90 footprint position: (-117069189, 92252757)
DEBUG: board_modifier.py:119: Setting D90 footprint position: (-111127010, 94801659)
DEBUG: board_modifier.py:132: Getting D90 footprint position: (-111127010, 94801659)
DEBUG: key_placer.py:934: Placing additional elements for SW90
DEBUG: board_modifier.py:132: Getting SW90 footprint position: (-117069189, 92252757)
DEBUG: board_modifier.py:84: Searching for optional ST90 footprint in C:/Users/sahil/Documents/Kicad Projects/keystone/keystone.kicad_pcb
DEBUG: board_modifier.py:89: Footprint not found
DEBUG: key_placer.py:934: Placing additional elements for SW89
DEBUG: board_modifier.py:132: Getting SW89 footprint position: (14355555, 118444465)
DEBUG: board_modifier.py:84: Searching for optional ST89 footprint in C:/Users/sahil/Documents/Kicad Projects/keystone/keystone.kicad_pcb
DEBUG: board_modifier.py:89: Footprint not found
DEBUG: key_placer.py:934: Placing additional elements for SW88
DEBUG: board_modifier.py:132: Getting SW88 footprint position: (-27618504, 72684030)
DEBUG: board_modifier.py:84: Searching for optional ST88 footprint in C:/Users/sahil/Documents/Kicad Projects/keystone/keystone.kicad_pcb
DEBUG: board_modifier.py:89: Footprint not found
DEBUG: key_placer.py:934: Placing additional elements for SW87
DEBUG: board_modifier.py:132: Getting SW87 footprint position: (-22688001, 54283143)
DEBUG: board_modifier.py:84: Searching for optional ST87 footprint in C:/Users/sahil/Documents/Kicad Projects/keystone/keystone.kicad_pcb
DEBUG: board_modifier.py:89: Footprint not found
DEBUG: key_placer.py:934: Placing additional elements for SW86
DEBUG: board_modifier.py:132: Getting SW86 footprint position: (328612500, 142875000)
DEBUG: board_modifier.py:84: Searching for optional ST86 footprint in C:/Users/sahil/Documents/Kicad Projects/keystone/keystone.kicad_pcb
DEBUG: board_modifier.py:89: Footprint not found
DEBUG: key_placer.py:934: Placing additional elements for SW85
DEBUG: board_modifier.py:132: Getting SW85 footprint position: (309562500, 142875000)
DEBUG: board_modifier.py:84: Searching for optional ST85 footprint in C:/Users/sahil/Documents/Kicad Projects/keystone/keystone.kicad_pcb
DEBUG: board_modifier.py:89: Footprint not found
DEBUG: key_placer.py:934: Placing additional elements for SW84
DEBUG: board_modifier.py:132: Getting SW84 footprint position: (290512500, 142875000)
DEBUG: board_modifier.py:84: Searching for optional ST84 footprint in C:/Users/sahil/Documents/Kicad Projects/keystone/keystone.kicad_pcb
DEBUG: board_modifier.py:89: Footprint not found
DEBUG: key_placer.py:934: Placing additional elements for SW83
DEBUG: board_modifier.py:132: Getting SW83 footprint position: (266700000, 138112500)
DEBUG: board_modifier.py:84: Searching for optional ST83 footprint in C:/Users/sahil/Documents/Kicad Projects/keystone/keystone.kicad_pcb
DEBUG: board_modifier.py:89: Footprint not found
DEBUG: key_placer.py:934: Placing additional elements for SW82
DEBUG: board_modifier.py:132: Getting SW82 footprint position: (247650000, 138112500)
DEBUG: board_modifier.py:84: Searching for optional ST82 footprint in C:/Users/sahil/Documents/Kicad Projects/keystone/keystone.kicad_pcb
DEBUG: board_modifier.py:89: Footprint not found
DEBUG: key_placer.py:934: Placing additional elements for SW81
DEBUG: board_modifier.py:132: Getting SW81 footprint position: (228600000, 138112500)
DEBUG: board_modifier.py:84: Searching for optional ST81 footprint in C:/Users/sahil/Documents/Kicad Projects/keystone/keystone.kicad_pcb
DEBUG: board_modifier.py:89: Footprint not found
DEBUG: key_placer.py:934: Placing additional elements for SW80
DEBUG: board_modifier.py:132: Getting SW80 footprint position: (159543750, 138112500)
DEBUG: board_modifier.py:84: Searching for optional ST80 footprint in C:/Users/sahil/Documents/Kicad Projects/keystone/keystone.kicad_pcb
DEBUG: board_modifier.py:89: Footprint not found
DEBUG: key_placer.py:934: Placing additional elements for SW79
DEBUG: board_modifier.py:132: Getting SW79 footprint position: (88106250, 138112500)
DEBUG: board_modifier.py:84: Searching for optional ST79 footprint in C:/Users/sahil/Documents/Kicad Projects/keystone/keystone.kicad_pcb
DEBUG: board_modifier.py:89: Footprint not found
DEBUG: key_placer.py:934: Placing additional elements for SW78
DEBUG: board_modifier.py:132: Getting SW78 footprint position: (64293750, 138112500)
DEBUG: board_modifier.py:84: Searching for optional ST78 footprint in C:/Users/sahil/Documents/Kicad Projects/keystone/keystone.kicad_pcb
DEBUG: board_modifier.py:89: Footprint not found
DEBUG: key_placer.py:934: Placing additional elements for SW77
DEBUG: board_modifier.py:132: Getting SW77 footprint position: (40481250, 138112500)
DEBUG: board_modifier.py:84: Searching for optional ST77 footprint in C:/Users/sahil/Documents/Kicad Projects/keystone/keystone.kicad_pcb
DEBUG: board_modifier.py:89: Footprint not found
DEBUG: key_placer.py:934: Placing additional elements for SW76
DEBUG: board_modifier.py:132: Getting SW76 footprint position: (309562500, 123825000)
DEBUG: board_modifier.py:84: Searching for optional ST76 footprint in C:/Users/sahil/Documents/Kicad Projects/keystone/keystone.kicad_pcb
DEBUG: board_modifier.py:89: Footprint not found
DEBUG: key_placer.py:934: Placing additional elements for SW75
DEBUG: board_modifier.py:132: Getting SW75 footprint position: (278606250, 119062500)
DEBUG: board_modifier.py:84: Searching for optional ST75 footprint in C:/Users/sahil/Documents/Kicad Projects/keystone/keystone.kicad_pcb
DEBUG: board_modifier.py:89: Footprint not found
DEBUG: key_placer.py:934: Placing additional elements for SW74
DEBUG: board_modifier.py:132: Getting SW74 footprint position: (252412500, 119062500)
DEBUG: board_modifier.py:84: Searching for optional ST74 footprint in C:/Users/sahil/Documents/Kicad Projects/keystone/keystone.kicad_pcb
DEBUG: board_modifier.py:89: Footprint not found
DEBUG: key_placer.py:934: Placing additional elements for SW73
DEBUG: board_modifier.py:132: Getting SW73 footprint position: (233362500, 119062500)
DEBUG: board_modifier.py:84: Searching for optional ST73 footprint in C:/Users/sahil/Documents/Kicad Projects/keystone/keystone.kicad_pcb
DEBUG: board_modifier.py:89: Footprint not found
DEBUG: key_placer.py:934: Placing additional elements for SW72
DEBUG: board_modifier.py:132: Getting SW72 footprint position: (214312500, 119062500)
DEBUG: board_modifier.py:84: Searching for optional ST72 footprint in C:/Users/sahil/Documents/Kicad Projects/keystone/keystone.kicad_pcb
DEBUG: board_modifier.py:89: Footprint not found
DEBUG: key_placer.py:934: Placing additional elements for SW71
DEBUG: board_modifier.py:132: Getting SW71 footprint position: (195262500, 119062500)
DEBUG: board_modifier.py:84: Searching for optional ST71 footprint in C:/Users/sahil/Documents/Kicad Projects/keystone/keystone.kicad_pcb
DEBUG: board_modifier.py:89: Footprint not found
DEBUG: key_placer.py:934: Placing additional elements for SW70
DEBUG: board_modifier.py:132: Getting SW70 footprint position: (176212500, 119062500)
DEBUG: board_modifier.py:84: Searching for optional ST70 footprint in C:/Users/sahil/Documents/Kicad Projects/keystone/keystone.kicad_pcb
DEBUG: board_modifier.py:89: Footprint not found
DEBUG: key_placer.py:934: Placing additional elements for SW69
DEBUG: board_modifier.py:132: Getting SW69 footprint position: (157162500, 119062500)
DEBUG: board_modifier.py:84: Searching for optional ST69 footprint in C:/Users/sahil/Documents/Kicad Projects/keystone/keystone.kicad_pcb
DEBUG: board_modifier.py:89: Footprint not found
DEBUG: key_placer.py:934: Placing additional elements for SW68
DEBUG: board_modifier.py:132: Getting SW68 footprint position: (138112500, 119062500)
DEBUG: board_modifier.py:84: Searching for optional ST68 footprint in C:/Users/sahil/Documents/Kicad Projects/keystone/keystone.kicad_pcb
DEBUG: board_modifier.py:89: Footprint not found
DEBUG: key_placer.py:934: Placing additional elements for SW67
DEBUG: board_modifier.py:132: Getting SW67 footprint position: (119062500, 119062500)
DEBUG: board_modifier.py:84: Searching for optional ST67 footprint in C:/Users/sahil/Documents/Kicad Projects/keystone/keystone.kicad_pcb
DEBUG: board_modifier.py:89: Footprint not found
DEBUG: key_placer.py:934: Placing additional elements for SW66
DEBUG: board_modifier.py:132: Getting SW66 footprint position: (100012500, 119062500)
DEBUG: board_modifier.py:84: Searching for optional ST66 footprint in C:/Users/sahil/Documents/Kicad Projects/keystone/keystone.kicad_pcb
DEBUG: board_modifier.py:89: Footprint not found
DEBUG: key_placer.py:934: Placing additional elements for SW65
DEBUG: board_modifier.py:132: Getting SW65 footprint position: (80962500, 119062500)
DEBUG: board_modifier.py:84: Searching for optional ST65 footprint in C:/Users/sahil/Documents/Kicad Projects/keystone/keystone.kicad_pcb
DEBUG: board_modifier.py:89: Footprint not found
DEBUG: key_placer.py:934: Placing additional elements for SW64
DEBUG: board_modifier.py:132: Getting SW64 footprint position: (50006250, 119062500)
DEBUG: board_modifier.py:84: Searching for optional ST64 footprint in C:/Users/sahil/Documents/Kicad Projects/keystone/keystone.kicad_pcb
DEBUG: board_modifier.py:89: Footprint not found
DEBUG: key_placer.py:934: Placing additional elements for SW63
DEBUG: board_modifier.py:132: Getting SW63 footprint position: (-9525000, 114300000)
DEBUG: board_modifier.py:84: Searching for optional ST63 footprint in C:/Users/sahil/Documents/Kicad Projects/keystone/keystone.kicad_pcb
DEBUG: board_modifier.py:89: Footprint not found
DEBUG: key_placer.py:934: Placing additional elements for SW62
DEBUG: board_modifier.py:132: Getting SW62 footprint position: (292893750, 100012500)
DEBUG: board_modifier.py:84: Searching for optional ST62 footprint in C:/Users/sahil/Documents/Kicad Projects/keystone/keystone.kicad_pcb
DEBUG: board_modifier.py:89: Footprint not found
DEBUG: key_placer.py:934: Placing additional elements for SW61
DEBUG: board_modifier.py:132: Getting SW61 footprint position: (261937500, 100012500)
DEBUG: board_modifier.py:84: Searching for optional ST61 footprint in C:/Users/sahil/Documents/Kicad Projects/keystone/keystone.kicad_pcb
DEBUG: board_modifier.py:89: Footprint not found
DEBUG: key_placer.py:934: Placing additional elements for SW60
DEBUG: board_modifier.py:132: Getting SW60 footprint position: (242887500, 100012500)
DEBUG: board_modifier.py:84: Searching for optional ST60 footprint in C:/Users/sahil/Documents/Kicad Projects/keystone/keystone.kicad_pcb
DEBUG: board_modifier.py:89: Footprint not found
DEBUG: key_placer.py:934: Placing additional elements for SW59
DEBUG: board_modifier.py:132: Getting SW59 footprint position: (223837500, 100012500)
DEBUG: board_modifier.py:84: Searching for optional ST59 footprint in C:/Users/sahil/Documents/Kicad Projects/keystone/keystone.kicad_pcb
DEBUG: board_modifier.py:89: Footprint not found
DEBUG: key_placer.py:934: Placing additional elements for SW58
DEBUG: board_modifier.py:132: Getting SW58 footprint position: (204787500, 100012500)
DEBUG: board_modifier.py:84: Searching for optional ST58 footprint in C:/Users/sahil/Documents/Kicad Projects/keystone/keystone.kicad_pcb
DEBUG: board_modifier.py:89: Footprint not found
DEBUG: key_placer.py:934: Placing additional elements for SW57
DEBUG: board_modifier.py:132: Getting SW57 footprint position: (185737500, 100012500)
DEBUG: board_modifier.py:84: Searching for optional ST57 footprint in C:/Users/sahil/Documents/Kicad Projects/keystone/keystone.kicad_pcb
DEBUG: board_modifier.py:89: Footprint not found
DEBUG: key_placer.py:934: Placing additional elements for SW56
DEBUG: board_modifier.py:132: Getting SW56 footprint position: (166687500, 100012500)
DEBUG: board_modifier.py:84: Searching for optional ST56 footprint in C:/Users/sahil/Documents/Kicad Projects/keystone/keystone.kicad_pcb
DEBUG: board_modifier.py:89: Footprint not found
DEBUG: key_placer.py:934: Placing additional elements for SW55
DEBUG: board_modifier.py:132: Getting SW55 footprint position: (147637500, 100012500)
DEBUG: board_modifier.py:84: Searching for optional ST55 footprint in C:/Users/sahil/Documents/Kicad Projects/keystone/keystone.kicad_pcb
DEBUG: board_modifier.py:89: Footprint not found
DEBUG: key_placer.py:934: Placing additional elements for SW54
DEBUG: board_modifier.py:132: Getting SW54 footprint position: (128587500, 100012500)
DEBUG: board_modifier.py:84: Searching for optional ST54 footprint in C:/Users/sahil/Documents/Kicad Projects/keystone/keystone.kicad_pcb
DEBUG: board_modifier.py:89: Footprint not found
DEBUG: key_placer.py:934: Placing additional elements for SW53
DEBUG: board_modifier.py:132: Getting SW53 footprint position: (109537500, 100012500)
DEBUG: board_modifier.py:84: Searching for optional ST53 footprint in C:/Users/sahil/Documents/Kicad Projects/keystone/keystone.kicad_pcb
DEBUG: board_modifier.py:89: Footprint not found
DEBUG: key_placer.py:934: Placing additional elements for SW52
DEBUG: board_modifier.py:132: Getting SW52 footprint position: (90487500, 100012500)
DEBUG: board_modifier.py:84: Searching for optional ST52 footprint in C:/Users/sahil/Documents/Kicad Projects/keystone/keystone.kicad_pcb
DEBUG: board_modifier.py:89: Footprint not found
DEBUG: key_placer.py:934: Placing additional elements for SW51
DEBUG: board_modifier.py:132: Getting SW51 footprint position: (71437500, 100012500)
DEBUG: board_modifier.py:84: Searching for optional ST51 footprint in C:/Users/sahil/Documents/Kicad Projects/keystone/keystone.kicad_pcb
DEBUG: board_modifier.py:89: Footprint not found
DEBUG: key_placer.py:934: Placing additional elements for SW50
DEBUG: board_modifier.py:132: Getting SW50 footprint position: (45243750, 100012500)
DEBUG: board_modifier.py:84: Searching for optional ST50 footprint in C:/Users/sahil/Documents/Kicad Projects/keystone/keystone.kicad_pcb
DEBUG: board_modifier.py:89: Footprint not found
DEBUG: key_placer.py:934: Placing additional elements for SW49
DEBUG: board_modifier.py:132: Getting SW49 footprint position: (328612500, 95250000)
DEBUG: board_modifier.py:84: Searching for optional ST49 footprint in C:/Users/sahil/Documents/Kicad Projects/keystone/keystone.kicad_pcb
DEBUG: board_modifier.py:89: Footprint not found
DEBUG: key_placer.py:934: Placing additional elements for SW48
DEBUG: board_modifier.py:132: Getting SW48 footprint position: (347662500, 90487500)
DEBUG: board_modifier.py:84: Searching for optional ST48 footprint in C:/Users/sahil/Documents/Kicad Projects/keystone/keystone.kicad_pcb
DEBUG: board_modifier.py:89: Footprint not found
DEBUG: key_placer.py:934: Placing additional elements for SW47
DEBUG: board_modifier.py:132: Getting SW47 footprint position: (300037500, 80962500)
DEBUG: board_modifier.py:84: Searching for optional ST47 footprint in C:/Users/sahil/Documents/Kicad Projects/keystone/keystone.kicad_pcb
DEBUG: board_modifier.py:89: Footprint not found
DEBUG: key_placer.py:934: Placing additional elements for SW46
DEBUG: board_modifier.py:132: Getting SW46 footprint position: (276225000, 80962500)
DEBUG: board_modifier.py:84: Searching for optional ST46 footprint in C:/Users/sahil/Documents/Kicad Projects/keystone/keystone.kicad_pcb
DEBUG: board_modifier.py:89: Footprint not found
DEBUG: key_placer.py:934: Placing additional elements for SW45
DEBUG: board_modifier.py:132: Getting SW45 footprint position: (257175000, 80962500)
DEBUG: board_modifier.py:84: Searching for optional ST45 footprint in C:/Users/sahil/Documents/Kicad Projects/keystone/keystone.kicad_pcb
DEBUG: board_modifier.py:89: Footprint not found
DEBUG: key_placer.py:934: Placing additional elements for SW44
DEBUG: board_modifier.py:132: Getting SW44 footprint position: (238125000, 80962500)
DEBUG: board_modifier.py:84: Searching for optional ST44 footprint in C:/Users/sahil/Documents/Kicad Projects/keystone/keystone.kicad_pcb
DEBUG: board_modifier.py:89: Footprint not found
DEBUG: key_placer.py:934: Placing additional elements for SW43
DEBUG: board_modifier.py:132: Getting SW43 footprint position: (219075000, 80962500)
DEBUG: board_modifier.py:84: Searching for optional ST43 footprint in C:/Users/sahil/Documents/Kicad Projects/keystone/keystone.kicad_pcb
DEBUG: board_modifier.py:89: Footprint not found
DEBUG: key_placer.py:934: Placing additional elements for SW42
DEBUG: board_modifier.py:132: Getting SW42 footprint position: (200025000, 80962500)
DEBUG: board_modifier.py:84: Searching for optional ST42 footprint in C:/Users/sahil/Documents/Kicad Projects/keystone/keystone.kicad_pcb
DEBUG: board_modifier.py:89: Footprint not found
DEBUG: key_placer.py:934: Placing additional elements for SW41
DEBUG: board_modifier.py:132: Getting SW41 footprint position: (180975000, 80962500)
DEBUG: board_modifier.py:84: Searching for optional ST41 footprint in C:/Users/sahil/Documents/Kicad Projects/keystone/keystone.kicad_pcb
DEBUG: board_modifier.py:89: Footprint not found
DEBUG: key_placer.py:934: Placing additional elements for SW40
DEBUG: board_modifier.py:132: Getting SW40 footprint position: (161925000, 80962500)
DEBUG: board_modifier.py:84: Searching for optional ST40 footprint in C:/Users/sahil/Documents/Kicad Projects/keystone/keystone.kicad_pcb
DEBUG: board_modifier.py:89: Footprint not found
DEBUG: key_placer.py:934: Placing additional elements for SW39
DEBUG: board_modifier.py:132: Getting SW39 footprint position: (142875000, 80962500)
DEBUG: board_modifier.py:84: Searching for optional ST39 footprint in C:/Users/sahil/Documents/Kicad Projects/keystone/keystone.kicad_pcb
DEBUG: board_modifier.py:89: Footprint not found
DEBUG: key_placer.py:934: Placing additional elements for SW38
DEBUG: board_modifier.py:132: Getting SW38 footprint position: (123825000, 80962500)
DEBUG: board_modifier.py:84: Searching for optional ST38 footprint in C:/Users/sahil/Documents/Kicad Projects/keystone/keystone.kicad_pcb
DEBUG: board_modifier.py:89: Footprint not found
DEBUG: key_placer.py:934: Placing additional elements for SW37
DEBUG: board_modifier.py:132: Getting SW37 footprint position: (104775000, 80962500)
DEBUG: board_modifier.py:84: Searching for optional ST37 footprint in C:/Users/sahil/Documents/Kicad Projects/keystone/keystone.kicad_pcb
DEBUG: board_modifier.py:89: Footprint not found
DEBUG: key_placer.py:934: Placing additional elements for SW36
DEBUG: board_modifier.py:132: Getting SW36 footprint position: (85725000, 80962500)
DEBUG: board_modifier.py:84: Searching for optional ST36 footprint in C:/Users/sahil/Documents/Kicad Projects/keystone/keystone.kicad_pcb
DEBUG: board_modifier.py:89: Footprint not found
DEBUG: key_placer.py:934: Placing additional elements for SW35
DEBUG: board_modifier.py:132: Getting SW35 footprint position: (66675000, 80962500)
DEBUG: board_modifier.py:84: Searching for optional ST35 footprint in C:/Users/sahil/Documents/Kicad Projects/keystone/keystone.kicad_pcb
DEBUG: board_modifier.py:89: Footprint not found
DEBUG: key_placer.py:934: Placing additional elements for SW34
DEBUG: board_modifier.py:132: Getting SW34 footprint position: (42862500, 80962500)
DEBUG: board_modifier.py:84: Searching for optional ST34 footprint in C:/Users/sahil/Documents/Kicad Projects/keystone/keystone.kicad_pcb
DEBUG: board_modifier.py:89: Footprint not found
DEBUG: key_placer.py:934: Placing additional elements for SW33
DEBUG: board_modifier.py:132: Getting SW33 footprint position: (328612500, 76200000)
DEBUG: board_modifier.py:84: Searching for optional ST33 footprint in C:/Users/sahil/Documents/Kicad Projects/keystone/keystone.kicad_pcb
DEBUG: board_modifier.py:89: Footprint not found
DEBUG: key_placer.py:934: Placing additional elements for SW32
DEBUG: board_modifier.py:132: Getting SW32 footprint position: (295275000, 61912500)
DEBUG: board_modifier.py:84: Searching for optional ST32 footprint in C:/Users/sahil/Documents/Kicad Projects/keystone/keystone.kicad_pcb
DEBUG: board_modifier.py:89: Footprint not found
DEBUG: key_placer.py:934: Placing additional elements for SW31
DEBUG: board_modifier.py:132: Getting SW31 footprint position: (266700000, 61912500)
DEBUG: board_modifier.py:84: Searching for optional ST31 footprint in C:/Users/sahil/Documents/Kicad Projects/keystone/keystone.kicad_pcb
DEBUG: board_modifier.py:89: Footprint not found
DEBUG: key_placer.py:934: Placing additional elements for SW30
DEBUG: board_modifier.py:132: Getting SW30 footprint position: (247650000, 61912500)
DEBUG: board_modifier.py:84: Searching for optional ST30 footprint in C:/Users/sahil/Documents/Kicad Projects/keystone/keystone.kicad_pcb
DEBUG: board_modifier.py:89: Footprint not found
DEBUG: key_placer.py:934: Placing additional elements for SW29
DEBUG: board_modifier.py:132: Getting SW29 footprint position: (228600000, 61912500)
DEBUG: board_modifier.py:84: Searching for optional ST29 footprint in C:/Users/sahil/Documents/Kicad Projects/keystone/keystone.kicad_pcb
DEBUG: board_modifier.py:89: Footprint not found
DEBUG: key_placer.py:934: Placing additional elements for SW28
DEBUG: board_modifier.py:132: Getting SW28 footprint position: (209550000, 61912500)
DEBUG: board_modifier.py:84: Searching for optional ST28 footprint in C:/Users/sahil/Documents/Kicad Projects/keystone/keystone.kicad_pcb
DEBUG: board_modifier.py:89: Footprint not found
DEBUG: key_placer.py:934: Placing additional elements for SW27
DEBUG: board_modifier.py:132: Getting SW27 footprint position: (190500000, 61912500)
DEBUG: board_modifier.py:84: Searching for optional ST27 footprint in C:/Users/sahil/Documents/Kicad Projects/keystone/keystone.kicad_pcb
DEBUG: board_modifier.py:89: Footprint not found
DEBUG: key_placer.py:934: Placing additional elements for SW26
DEBUG: board_modifier.py:132: Getting SW26 footprint position: (171450000, 61912500)
DEBUG: board_modifier.py:84: Searching for optional ST26 footprint in C:/Users/sahil/Documents/Kicad Projects/keystone/keystone.kicad_pcb
DEBUG: board_modifier.py:89: Footprint not found
DEBUG: key_placer.py:934: Placing additional elements for SW25
DEBUG: board_modifier.py:132: Getting SW25 footprint position: (152400000, 61912500)
DEBUG: board_modifier.py:84: Searching for optional ST25 footprint in C:/Users/sahil/Documents/Kicad Projects/keystone/keystone.kicad_pcb
DEBUG: board_modifier.py:89: Footprint not found
DEBUG: key_placer.py:934: Placing additional elements for SW24
DEBUG: board_modifier.py:132: Getting SW24 footprint position: (133350000, 61912500)
DEBUG: board_modifier.py:84: Searching for optional ST24 footprint in C:/Users/sahil/Documents/Kicad Projects/keystone/keystone.kicad_pcb
DEBUG: board_modifier.py:89: Footprint not found
DEBUG: key_placer.py:934: Placing additional elements for SW23
DEBUG: board_modifier.py:132: Getting SW23 footprint position: (114300000, 61912500)
DEBUG: board_modifier.py:84: Searching for optional ST23 footprint in C:/Users/sahil/Documents/Kicad Projects/keystone/keystone.kicad_pcb
DEBUG: board_modifier.py:89: Footprint not found
DEBUG: key_placer.py:934: Placing additional elements for SW22
DEBUG: board_modifier.py:132: Getting SW22 footprint position: (95250000, 61912500)
DEBUG: board_modifier.py:84: Searching for optional ST22 footprint in C:/Users/sahil/Documents/Kicad Projects/keystone/keystone.kicad_pcb
DEBUG: board_modifier.py:89: Footprint not found
DEBUG: key_placer.py:934: Placing additional elements for SW21
DEBUG: board_modifier.py:132: Getting SW21 footprint position: (76200000, 61912500)
DEBUG: board_modifier.py:84: Searching for optional ST21 footprint in C:/Users/sahil/Documents/Kicad Projects/keystone/keystone.kicad_pcb
DEBUG: board_modifier.py:89: Footprint not found
DEBUG: key_placer.py:934: Placing additional elements for SW20
DEBUG: board_modifier.py:132: Getting SW20 footprint position: (57150000, 61912500)
DEBUG: board_modifier.py:84: Searching for optional ST20 footprint in C:/Users/sahil/Documents/Kicad Projects/keystone/keystone.kicad_pcb
DEBUG: board_modifier.py:89: Footprint not found
DEBUG: key_placer.py:934: Placing additional elements for SW19
DEBUG: board_modifier.py:132: Getting SW19 footprint position: (38100000, 61912500)
DEBUG: board_modifier.py:84: Searching for optional ST19 footprint in C:/Users/sahil/Documents/Kicad Projects/keystone/keystone.kicad_pcb
DEBUG: board_modifier.py:89: Footprint not found
DEBUG: key_placer.py:934: Placing additional elements for SW18
DEBUG: board_modifier.py:132: Getting SW18 footprint position: (-85725000, 57150000)
DEBUG: board_modifier.py:84: Searching for optional ST18 footprint in C:/Users/sahil/Documents/Kicad Projects/keystone/keystone.kicad_pcb
DEBUG: board_modifier.py:89: Footprint not found
DEBUG: key_placer.py:934: Placing additional elements for SW17
DEBUG: board_modifier.py:132: Getting SW17 footprint position: (-57150000, 42862500)
DEBUG: board_modifier.py:84: Searching for optional ST17 footprint in C:/Users/sahil/Documents/Kicad Projects/keystone/keystone.kicad_pcb
DEBUG: board_modifier.py:89: Footprint not found
DEBUG: key_placer.py:934: Placing additional elements for SW16
DEBUG: board_modifier.py:132: Getting SW16 footprint position: (347662500, 38100000)
DEBUG: board_modifier.py:84: Searching for optional ST16 footprint in C:/Users/sahil/Documents/Kicad Projects/keystone/keystone.kicad_pcb
DEBUG: board_modifier.py:89: Footprint not found
DEBUG: key_placer.py:934: Placing additional elements for SW15
DEBUG: board_modifier.py:132: Getting SW15 footprint position: (328612500, 38100000)
DEBUG: board_modifier.py:84: Searching for optional ST15 footprint in C:/Users/sahil/Documents/Kicad Projects/keystone/keystone.kicad_pcb
DEBUG: board_modifier.py:89: Footprint not found
DEBUG: key_placer.py:934: Placing additional elements for SW14
DEBUG: board_modifier.py:132: Getting SW14 footprint position: (304800000, 38100000)
DEBUG: board_modifier.py:84: Searching for optional ST14 footprint in C:/Users/sahil/Documents/Kicad Projects/keystone/keystone.kicad_pcb
DEBUG: board_modifier.py:89: Footprint not found
DEBUG: key_placer.py:934: Placing additional elements for SW13
DEBUG: board_modifier.py:132: Getting SW13 footprint position: (280987500, 38100000)
DEBUG: board_modifier.py:84: Searching for optional ST13 footprint in C:/Users/sahil/Documents/Kicad Projects/keystone/keystone.kicad_pcb
DEBUG: board_modifier.py:89: Footprint not found
DEBUG: key_placer.py:934: Placing additional elements for SW12
DEBUG: board_modifier.py:132: Getting SW12 footprint position: (261937500, 38100000)
DEBUG: board_modifier.py:84: Searching for optional ST12 footprint in C:/Users/sahil/Documents/Kicad Projects/keystone/keystone.kicad_pcb
DEBUG: board_modifier.py:89: Footprint not found
DEBUG: key_placer.py:934: Placing additional elements for SW11
DEBUG: board_modifier.py:132: Getting SW11 footprint position: (242887500, 38100000)
DEBUG: board_modifier.py:84: Searching for optional ST11 footprint in C:/Users/sahil/Documents/Kicad Projects/keystone/keystone.kicad_pcb
DEBUG: board_modifier.py:89: Footprint not found
DEBUG: key_placer.py:934: Placing additional elements for SW10
DEBUG: board_modifier.py:132: Getting SW10 footprint position: (223837500, 38100000)
DEBUG: board_modifier.py:84: Searching for optional ST10 footprint in C:/Users/sahil/Documents/Kicad Projects/keystone/keystone.kicad_pcb
DEBUG: board_modifier.py:89: Footprint not found
DEBUG: key_placer.py:934: Placing additional elements for SW9
DEBUG: board_modifier.py:132: Getting SW9 footprint position: (200025000, 38100000)
DEBUG: board_modifier.py:84: Searching for optional ST9 footprint in C:/Users/sahil/Documents/Kicad Projects/keystone/keystone.kicad_pcb
DEBUG: board_modifier.py:89: Footprint not found
DEBUG: key_placer.py:934: Placing additional elements for SW8
DEBUG: board_modifier.py:132: Getting SW8 footprint position: (180975000, 38100000)
DEBUG: board_modifier.py:84: Searching for optional ST8 footprint in C:/Users/sahil/Documents/Kicad Projects/keystone/keystone.kicad_pcb
DEBUG: board_modifier.py:89: Footprint not found
DEBUG: key_placer.py:934: Placing additional elements for SW7
DEBUG: board_modifier.py:132: Getting SW7 footprint position: (161925000, 38100000)
DEBUG: board_modifier.py:84: Searching for optional ST7 footprint in C:/Users/sahil/Documents/Kicad Projects/keystone/keystone.kicad_pcb
DEBUG: board_modifier.py:89: Footprint not found
DEBUG: key_placer.py:934: Placing additional elements for SW6
DEBUG: board_modifier.py:132: Getting SW6 footprint position: (142875000, 38100000)
DEBUG: board_modifier.py:84: Searching for optional ST6 footprint in C:/Users/sahil/Documents/Kicad Projects/keystone/keystone.kicad_pcb
DEBUG: board_modifier.py:89: Footprint not found
DEBUG: key_placer.py:934: Placing additional elements for SW5
DEBUG: board_modifier.py:132: Getting SW5 footprint position: (119062500, 38100000)
DEBUG: board_modifier.py:84: Searching for optional ST5 footprint in C:/Users/sahil/Documents/Kicad Projects/keystone/keystone.kicad_pcb
DEBUG: board_modifier.py:89: Footprint not found
DEBUG: key_placer.py:934: Placing additional elements for SW4
DEBUG: board_modifier.py:132: Getting SW4 footprint position: (100012500, 38100000)
DEBUG: board_modifier.py:84: Searching for optional ST4 footprint in C:/Users/sahil/Documents/Kicad Projects/keystone/keystone.kicad_pcb
DEBUG: board_modifier.py:89: Footprint not found
DEBUG: key_placer.py:934: Placing additional elements for SW3
DEBUG: board_modifier.py:132: Getting SW3 footprint position: (80962500, 38100000)
DEBUG: board_modifier.py:84: Searching for optional ST3 footprint in C:/Users/sahil/Documents/Kicad Projects/keystone/keystone.kicad_pcb
DEBUG: board_modifier.py:89: Footprint not found
DEBUG: key_placer.py:934: Placing additional elements for SW2
DEBUG: board_modifier.py:132: Getting SW2 footprint position: (61912500, 38100000)
DEBUG: board_modifier.py:84: Searching for optional ST2 footprint in C:/Users/sahil/Documents/Kicad Projects/keystone/keystone.kicad_pcb
DEBUG: board_modifier.py:89: Footprint not found
DEBUG: key_placer.py:934: Placing additional elements for SW1
DEBUG: board_modifier.py:132: Getting SW1 footprint position: (38100000, 38100000)
DEBUG: board_modifier.py:84: Searching for optional ST1 footprint in C:/Users/sahil/Documents/Kicad Projects/keystone/keystone.kicad_pcb
DEBUG: board_modifier.py:89: Footprint not found
INFO: key_placer.py:484: Routing SW90 with D90
INFO: key_placer.py:486: Using internal autorouter method
DEBUG: board_modifier.py:592: Routing at F.Cu layer
DEBUG: board_modifier.py:609: Netclass: Default, track width: 200000
DEBUG: board_modifier.py:675: Routing pad 'SW90:2' at (-115930538, 86688453) with pad 'D90:2' at (-113099211, 87441304) using coordinate system rotated by 345.0 degree(s)
INFO: board_modifier.py:494: Adding track segment (F.Cu): [(-115930538, 86688453), (-114887337, 86408927)]
INFO: board_modifier.py:499: Track added
INFO: board_modifier.py:494: Adding track segment (F.Cu): [(-114887337, 86408927), (-113099211, 87441304)]
INFO: board_modifier.py:499: Track added
INFO: key_placer.py:484: Routing SW89 with D89
INFO: key_placer.py:486: Using internal autorouter method
DEBUG: board_modifier.py:592: Routing at F.Cu layer
DEBUG: board_modifier.py:609: Netclass: Default, track width: 200000
DEBUG: board_modifier.py:675: Routing pad 'SW89:2' at (18123807, 114194962) with pad 'D89:2' at (20199383, 116262614) using coordinate system rotated by 15.0 degree(s)
INFO: board_modifier.py:494: Adding track segment (F.Cu): [(18123807, 114194962), (19167006, 114474485)]
INFO: board_modifier.py:499: Track added
INFO: board_modifier.py:494: Adding track segment (F.Cu): [(19167006, 114474485), (20199383, 116262614)]
INFO: board_modifier.py:499: Track added
INFO: key_placer.py:484: Routing SW88 with D88
INFO: key_placer.py:486: Using internal autorouter method
DEBUG: board_modifier.py:592: Routing at F.Cu layer
DEBUG: board_modifier.py:609: Netclass: Default, track width: 200000
DEBUG: board_modifier.py:675: Routing pad 'SW88:2' at (-23850252, 68434527) with pad 'D88:2' at (-21774676, 70502179) using coordinate system rotated by 15.0 degree(s)
INFO: board_modifier.py:494: Adding track segment (F.Cu): [(-23850252, 68434527), (-22807051, 68714051)]
INFO: board_modifier.py:499: Track added
INFO: board_modifier.py:494: Adding track segment (F.Cu): [(-22807051, 68714051), (-21774676, 70502179)]
INFO: board_modifier.py:499: Track added
INFO: key_placer.py:484: Routing SW87 with D87
INFO: key_placer.py:486: Using internal autorouter method
DEBUG: board_modifier.py:592: Routing at F.Cu layer
DEBUG: board_modifier.py:609: Netclass: Default, track width: 200000
DEBUG: board_modifier.py:675: Routing pad 'SW87:2' at (-18919749, 50033640) with pad 'D87:2' at (-16844173, 52101292) using coordinate system rotated by 15.0 degree(s)
INFO: board_modifier.py:494: Adding track segment (F.Cu): [(-18919749, 50033640), (-17876548, 50313164)]
INFO: board_modifier.py:499: Track added
INFO: board_modifier.py:494: Adding track segment (F.Cu): [(-17876548, 50313164), (-16844173, 52101292)]
INFO: board_modifier.py:499: Track added
INFO: key_placer.py:484: Routing SW86 with D86
INFO: key_placer.py:486: Using internal autorouter method
DEBUG: board_modifier.py:592: Routing at F.Cu layer
DEBUG: board_modifier.py:609: Netclass: Default, track width: 200000
DEBUG: board_modifier.py:675: Routing pad 'SW86:2' at (331152500, 137795000) with pad 'D86:2' at (333692500, 139255000) using coordinate system rotated by 0 degree(s)
INFO: board_modifier.py:494: Adding track segment (F.Cu): [(331152500, 137795000), (332232500, 137795000)]
INFO: board_modifier.py:499: Track added
INFO: board_modifier.py:494: Adding track segment (F.Cu): [(332232500, 137795000), (333692500, 139255000)]
INFO: board_modifier.py:499: Track added
INFO: key_placer.py:484: Routing SW85 with D85
INFO: key_placer.py:486: Using internal autorouter method
DEBUG: board_modifier.py:592: Routing at F.Cu layer
DEBUG: board_modifier.py:609: Netclass: Default, track width: 200000
DEBUG: board_modifier.py:675: Routing pad 'SW85:2' at (312102500, 137795000) with pad 'D85:2' at (314642500, 139255000) using coordinate system rotated by 0 degree(s)
INFO: board_modifier.py:494: Adding track segment (F.Cu): [(312102500, 137795000), (313182500, 137795000)]
INFO: board_modifier.py:499: Track added
INFO: board_modifier.py:494: Adding track segment (F.Cu): [(313182500, 137795000), (314642500, 139255000)]
INFO: board_modifier.py:499: Track added
INFO: key_placer.py:484: Routing SW84 with D84
INFO: key_placer.py:486: Using internal autorouter method
DEBUG: board_modifier.py:592: Routing at F.Cu layer
DEBUG: board_modifier.py:609: Netclass: Default, track width: 200000
DEBUG: board_modifier.py:675: Routing pad 'SW84:2' at (293052500, 137795000) with pad 'D84:2' at (295592500, 139255000) using coordinate system rotated by 0 degree(s)
INFO: board_modifier.py:494: Adding track segment (F.Cu): [(293052500, 137795000), (294132500, 137795000)]
INFO: board_modifier.py:499: Track added
INFO: board_modifier.py:494: Adding track segment (F.Cu): [(294132500, 137795000), (295592500, 139255000)]
INFO: board_modifier.py:499: Track added
INFO: key_placer.py:484: Routing SW83 with D83
INFO: key_placer.py:486: Using internal autorouter method
DEBUG: board_modifier.py:592: Routing at F.Cu layer
DEBUG: board_modifier.py:609: Netclass: Default, track width: 200000
DEBUG: board_modifier.py:675: Routing pad 'SW83:2' at (269240000, 133032500) with pad 'D83:2' at (271780000, 134492500) using coordinate system rotated by 0 degree(s)
INFO: board_modifier.py:494: Adding track segment (F.Cu): [(269240000, 133032500), (270320000, 133032500)]
INFO: board_modifier.py:499: Track added
INFO: board_modifier.py:494: Adding track segment (F.Cu): [(270320000, 133032500), (271780000, 134492500)]
INFO: board_modifier.py:499: Track added
INFO: key_placer.py:484: Routing SW82 with D82
INFO: key_placer.py:486: Using internal autorouter method
DEBUG: board_modifier.py:592: Routing at F.Cu layer
DEBUG: board_modifier.py:609: Netclass: Default, track width: 200000
DEBUG: board_modifier.py:675: Routing pad 'SW82:2' at (250190000, 133032500) with pad 'D82:2' at (252730000, 134492500) using coordinate system rotated by 0 degree(s)
INFO: board_modifier.py:494: Adding track segment (F.Cu): [(250190000, 133032500), (251270000, 133032500)]
INFO: board_modifier.py:499: Track added
INFO: board_modifier.py:494: Adding track segment (F.Cu): [(251270000, 133032500), (252730000, 134492500)]
INFO: board_modifier.py:499: Track added
INFO: key_placer.py:484: Routing SW81 with D81
INFO: key_placer.py:486: Using internal autorouter method
DEBUG: board_modifier.py:592: Routing at F.Cu layer
DEBUG: board_modifier.py:609: Netclass: Default, track width: 200000
DEBUG: board_modifier.py:675: Routing pad 'SW81:2' at (231140000, 133032500) with pad 'D81:2' at (233680000, 134492500) using coordinate system rotated by 0 degree(s)
INFO: board_modifier.py:494: Adding track segment (F.Cu): [(231140000, 133032500), (232220000, 133032500)]
INFO: board_modifier.py:499: Track added
INFO: board_modifier.py:494: Adding track segment (F.Cu): [(232220000, 133032500), (233680000, 134492500)]
INFO: board_modifier.py:499: Track added
INFO: key_placer.py:484: Routing SW80 with D80
INFO: key_placer.py:486: Using internal autorouter method
DEBUG: board_modifier.py:592: Routing at F.Cu layer
DEBUG: board_modifier.py:609: Netclass: Default, track width: 200000
DEBUG: board_modifier.py:675: Routing pad 'SW80:2' at (162083750, 133032500) with pad 'D80:2' at (164623750, 134492500) using coordinate system rotated by 0 degree(s)
INFO: board_modifier.py:494: Adding track segment (F.Cu): [(162083750, 133032500), (163163750, 133032500)]
INFO: board_modifier.py:499: Track added
INFO: board_modifier.py:494: Adding track segment (F.Cu): [(163163750, 133032500), (164623750, 134492500)]
INFO: board_modifier.py:499: Track added
INFO: key_placer.py:484: Routing SW79 with D79
INFO: key_placer.py:486: Using internal autorouter method
DEBUG: board_modifier.py:592: Routing at F.Cu layer
DEBUG: board_modifier.py:609: Netclass: Default, track width: 200000
DEBUG: board_modifier.py:675: Routing pad 'SW79:2' at (90646250, 133032500) with pad 'D79:2' at (93186250, 134492500) using coordinate system rotated by 0 degree(s)
INFO: board_modifier.py:494: Adding track segment (F.Cu): [(90646250, 133032500), (91726250, 133032500)]
INFO: board_modifier.py:499: Track added
INFO: board_modifier.py:494: Adding track segment (F.Cu): [(91726250, 133032500), (93186250, 134492500)]
INFO: board_modifier.py:499: Track added
INFO: key_placer.py:484: Routing SW78 with D78
INFO: key_placer.py:486: Using internal autorouter method
DEBUG: board_modifier.py:592: Routing at F.Cu layer
DEBUG: board_modifier.py:609: Netclass: Default, track width: 200000
DEBUG: board_modifier.py:675: Routing pad 'SW78:2' at (66833750, 133032500) with pad 'D78:2' at (69373750, 134492500) using coordinate system rotated by 0 degree(s)
INFO: board_modifier.py:494: Adding track segment (F.Cu): [(66833750, 133032500), (67913750, 133032500)]
INFO: board_modifier.py:499: Track added
INFO: board_modifier.py:494: Adding track segment (F.Cu): [(67913750, 133032500), (69373750, 134492500)]
INFO: board_modifier.py:499: Track added
INFO: key_placer.py:484: Routing SW77 with D77
INFO: key_placer.py:486: Using internal autorouter method
DEBUG: board_modifier.py:592: Routing at F.Cu layer
DEBUG: board_modifier.py:609: Netclass: Default, track width: 200000
DEBUG: board_modifier.py:675: Routing pad 'SW77:2' at (43021250, 133032500) with pad 'D77:2' at (45561250, 134492500) using coordinate system rotated by 0 degree(s)
INFO: board_modifier.py:494: Adding track segment (F.Cu): [(43021250, 133032500), (44101250, 133032500)]
INFO: board_modifier.py:499: Track added
INFO: board_modifier.py:494: Adding track segment (F.Cu): [(44101250, 133032500), (45561250, 134492500)]
INFO: board_modifier.py:499: Track added
INFO: key_placer.py:484: Routing SW76 with D76
INFO: key_placer.py:486: Using internal autorouter method
DEBUG: board_modifier.py:592: Routing at F.Cu layer
DEBUG: board_modifier.py:609: Netclass: Default, track width: 200000
DEBUG: board_modifier.py:675: Routing pad 'SW76:2' at (312102500, 118745000) with pad 'D76:2' at (314642500, 120205000) using coordinate system rotated by 0 degree(s)
INFO: board_modifier.py:494: Adding track segment (F.Cu): [(312102500, 118745000), (313182500, 118745000)]
INFO: board_modifier.py:499: Track added
INFO: board_modifier.py:494: Adding track segment (F.Cu): [(313182500, 118745000), (314642500, 120205000)]
INFO: board_modifier.py:499: Track added
INFO: key_placer.py:484: Routing SW75 with D75
INFO: key_placer.py:486: Using internal autorouter method
DEBUG: board_modifier.py:592: Routing at F.Cu layer
DEBUG: board_modifier.py:609: Netclass: Default, track width: 200000
DEBUG: board_modifier.py:675: Routing pad 'SW75:2' at (281146250, 113982500) with pad 'D75:2' at (283686250, 115442500) using coordinate system rotated by 0 degree(s)
INFO: board_modifier.py:494: Adding track segment (F.Cu): [(281146250, 113982500), (282226250, 113982500)]
INFO: board_modifier.py:499: Track added
INFO: board_modifier.py:494: Adding track segment (F.Cu): [(282226250, 113982500), (283686250, 115442500)]
INFO: board_modifier.py:499: Track added
INFO: key_placer.py:484: Routing SW74 with D74
INFO: key_placer.py:486: Using internal autorouter method
DEBUG: board_modifier.py:592: Routing at F.Cu layer
DEBUG: board_modifier.py:609: Netclass: Default, track width: 200000
DEBUG: board_modifier.py:675: Routing pad 'SW74:2' at (254952500, 113982500) with pad 'D74:2' at (257492500, 115442500) using coordinate system rotated by 0 degree(s)
INFO: board_modifier.py:494: Adding track segment (F.Cu): [(254952500, 113982500), (256032500, 113982500)]
INFO: board_modifier.py:499: Track added
INFO: board_modifier.py:494: Adding track segment (F.Cu): [(256032500, 113982500), (257492500, 115442500)]
INFO: board_modifier.py:499: Track added
INFO: key_placer.py:484: Routing SW73 with D73
INFO: key_placer.py:486: Using internal autorouter method
DEBUG: board_modifier.py:592: Routing at F.Cu layer
DEBUG: board_modifier.py:609: Netclass: Default, track width: 200000
DEBUG: board_modifier.py:675: Routing pad 'SW73:2' at (235902500, 113982500) with pad 'D73:2' at (238442500, 115442500) using coordinate system rotated by 0 degree(s)
INFO: board_modifier.py:494: Adding track segment (F.Cu): [(235902500, 113982500), (236982500, 113982500)]
INFO: board_modifier.py:499: Track added
INFO: board_modifier.py:494: Adding track segment (F.Cu): [(236982500, 113982500), (238442500, 115442500)]
INFO: board_modifier.py:499: Track added
INFO: key_placer.py:484: Routing SW72 with D72
INFO: key_placer.py:486: Using internal autorouter method
DEBUG: board_modifier.py:592: Routing at F.Cu layer
DEBUG: board_modifier.py:609: Netclass: Default, track width: 200000
DEBUG: board_modifier.py:675: Routing pad 'SW72:2' at (216852500, 113982500) with pad 'D72:2' at (219392500, 115442500) using coordinate system rotated by 0 degree(s)
INFO: board_modifier.py:494: Adding track segment (F.Cu): [(216852500, 113982500), (217932500, 113982500)]
INFO: board_modifier.py:499: Track added
INFO: board_modifier.py:494: Adding track segment (F.Cu): [(217932500, 113982500), (219392500, 115442500)]
INFO: board_modifier.py:499: Track added
INFO: key_placer.py:484: Routing SW71 with D71
INFO: key_placer.py:486: Using internal autorouter method
DEBUG: board_modifier.py:592: Routing at F.Cu layer
DEBUG: board_modifier.py:609: Netclass: Default, track width: 200000
DEBUG: board_modifier.py:675: Routing pad 'SW71:2' at (197802500, 113982500) with pad 'D71:2' at (200342500, 115442500) using coordinate system rotated by 0 degree(s)
INFO: board_modifier.py:494: Adding track segment (F.Cu): [(197802500, 113982500), (198882500, 113982500)]
INFO: board_modifier.py:499: Track added
INFO: board_modifier.py:494: Adding track segment (F.Cu): [(198882500, 113982500), (200342500, 115442500)]
INFO: board_modifier.py:499: Track added
INFO: key_placer.py:484: Routing SW70 with D70
INFO: key_placer.py:486: Using internal autorouter method
DEBUG: board_modifier.py:592: Routing at F.Cu layer
DEBUG: board_modifier.py:609: Netclass: Default, track width: 200000
DEBUG: board_modifier.py:675: Routing pad 'SW70:2' at (178752500, 113982500) with pad 'D70:2' at (181292500, 115442500) using coordinate system rotated by 0 degree(s)
INFO: board_modifier.py:494: Adding track segment (F.Cu): [(178752500, 113982500), (179832500, 113982500)]
INFO: board_modifier.py:499: Track added
INFO: board_modifier.py:494: Adding track segment (F.Cu): [(179832500, 113982500), (181292500, 115442500)]
INFO: board_modifier.py:499: Track added
INFO: key_placer.py:484: Routing SW69 with D69
INFO: key_placer.py:486: Using internal autorouter method
DEBUG: board_modifier.py:592: Routing at F.Cu layer
DEBUG: board_modifier.py:609: Netclass: Default, track width: 200000
DEBUG: board_modifier.py:675: Routing pad 'SW69:2' at (159702500, 113982500) with pad 'D69:2' at (162242500, 115442500) using coordinate system rotated by 0 degree(s)
INFO: board_modifier.py:494: Adding track segment (F.Cu): [(159702500, 113982500), (160782500, 113982500)]
INFO: board_modifier.py:499: Track added
INFO: board_modifier.py:494: Adding track segment (F.Cu): [(160782500, 113982500), (162242500, 115442500)]
INFO: board_modifier.py:499: Track added
INFO: key_placer.py:484: Routing SW68 with D68
INFO: key_placer.py:486: Using internal autorouter method
DEBUG: board_modifier.py:592: Routing at F.Cu layer
DEBUG: board_modifier.py:609: Netclass: Default, track width: 200000
DEBUG: board_modifier.py:675: Routing pad 'SW68:2' at (140652500, 113982500) with pad 'D68:2' at (143192500, 115442500) using coordinate system rotated by 0 degree(s)
INFO: board_modifier.py:494: Adding track segment (F.Cu): [(140652500, 113982500), (141732500, 113982500)]
INFO: board_modifier.py:499: Track added
INFO: board_modifier.py:494: Adding track segment (F.Cu): [(141732500, 113982500), (143192500, 115442500)]
INFO: board_modifier.py:499: Track added
INFO: key_placer.py:484: Routing SW67 with D67
INFO: key_placer.py:486: Using internal autorouter method
DEBUG: board_modifier.py:592: Routing at F.Cu layer
DEBUG: board_modifier.py:609: Netclass: Default, track width: 200000
DEBUG: board_modifier.py:675: Routing pad 'SW67:2' at (121602500, 113982500) with pad 'D67:2' at (124142500, 115442500) using coordinate system rotated by 0 degree(s)
INFO: board_modifier.py:494: Adding track segment (F.Cu): [(121602500, 113982500), (122682500, 113982500)]
INFO: board_modifier.py:499: Track added
INFO: board_modifier.py:494: Adding track segment (F.Cu): [(122682500, 113982500), (124142500, 115442500)]
INFO: board_modifier.py:499: Track added
INFO: key_placer.py:484: Routing SW66 with D66
INFO: key_placer.py:486: Using internal autorouter method
DEBUG: board_modifier.py:592: Routing at F.Cu layer
DEBUG: board_modifier.py:609: Netclass: Default, track width: 200000
DEBUG: board_modifier.py:675: Routing pad 'SW66:2' at (102552500, 113982500) with pad 'D66:2' at (105092500, 115442500) using coordinate system rotated by 0 degree(s)
INFO: board_modifier.py:494: Adding track segment (F.Cu): [(102552500, 113982500), (103632500, 113982500)]
INFO: board_modifier.py:499: Track added
INFO: board_modifier.py:494: Adding track segment (F.Cu): [(103632500, 113982500), (105092500, 115442500)]
INFO: board_modifier.py:499: Track added
INFO: key_placer.py:484: Routing SW65 with D65
INFO: key_placer.py:486: Using internal autorouter method
DEBUG: board_modifier.py:592: Routing at F.Cu layer
DEBUG: board_modifier.py:609: Netclass: Default, track width: 200000
DEBUG: board_modifier.py:675: Routing pad 'SW65:2' at (83502500, 113982500) with pad 'D65:2' at (86042500, 115442500) using coordinate system rotated by 0 degree(s)
INFO: board_modifier.py:494: Adding track segment (F.Cu): [(83502500, 113982500), (84582500, 113982500)]
INFO: board_modifier.py:499: Track added
INFO: board_modifier.py:494: Adding track segment (F.Cu): [(84582500, 113982500), (86042500, 115442500)]
INFO: board_modifier.py:499: Track added
INFO: key_placer.py:484: Routing SW64 with D64
INFO: key_placer.py:486: Using internal autorouter method
DEBUG: board_modifier.py:592: Routing at F.Cu layer
DEBUG: board_modifier.py:609: Netclass: Default, track width: 200000
DEBUG: board_modifier.py:675: Routing pad 'SW64:2' at (52546250, 113982500) with pad 'D64:2' at (55086250, 115442500) using coordinate system rotated by 0 degree(s)
INFO: board_modifier.py:494: Adding track segment (F.Cu): [(52546250, 113982500), (53626250, 113982500)]
INFO: board_modifier.py:499: Track added
INFO: board_modifier.py:494: Adding track segment (F.Cu): [(53626250, 113982500), (55086250, 115442500)]
INFO: board_modifier.py:499: Track added
INFO: key_placer.py:484: Routing SW63 with D63
INFO: key_placer.py:486: Using internal autorouter method
DEBUG: board_modifier.py:592: Routing at F.Cu layer
DEBUG: board_modifier.py:609: Netclass: Default, track width: 200000
DEBUG: board_modifier.py:675: Routing pad 'SW63:2' at (-6985000, 109220000) with pad 'D63:2' at (-4445000, 110680000) using coordinate system rotated by 0 degree(s)
INFO: board_modifier.py:494: Adding track segment (F.Cu): [(-6985000, 109220000), (-5905000, 109220000)]
INFO: board_modifier.py:499: Track added
INFO: board_modifier.py:494: Adding track segment (F.Cu): [(-5905000, 109220000), (-4445000, 110680000)]
INFO: board_modifier.py:499: Track added
INFO: key_placer.py:484: Routing SW62 with D62
INFO: key_placer.py:486: Using internal autorouter method
DEBUG: board_modifier.py:592: Routing at F.Cu layer
DEBUG: board_modifier.py:609: Netclass: Default, track width: 200000
DEBUG: board_modifier.py:675: Routing pad 'SW62:2' at (295433750, 94932500) with pad 'D62:2' at (297973750, 96392500) using coordinate system rotated by 0 degree(s)
INFO: board_modifier.py:494: Adding track segment (F.Cu): [(295433750, 94932500), (296513750, 94932500)]
INFO: board_modifier.py:499: Track added
INFO: board_modifier.py:494: Adding track segment (F.Cu): [(296513750, 94932500), (297973750, 96392500)]
INFO: board_modifier.py:499: Track added
INFO: key_placer.py:484: Routing SW61 with D61
INFO: key_placer.py:486: Using internal autorouter method
DEBUG: board_modifier.py:592: Routing at F.Cu layer
DEBUG: board_modifier.py:609: Netclass: Default, track width: 200000
DEBUG: board_modifier.py:675: Routing pad 'SW61:2' at (264477500, 94932500) with pad 'D61:2' at (267017500, 96392500) using coordinate system rotated by 0 degree(s)
INFO: board_modifier.py:494: Adding track segment (F.Cu): [(264477500, 94932500), (265557500, 94932500)]
INFO: board_modifier.py:499: Track added
INFO: board_modifier.py:494: Adding track segment (F.Cu): [(265557500, 94932500), (267017500, 96392500)]
INFO: board_modifier.py:499: Track added
INFO: key_placer.py:484: Routing SW60 with D60
INFO: key_placer.py:486: Using internal autorouter method
DEBUG: board_modifier.py:592: Routing at F.Cu layer
DEBUG: board_modifier.py:609: Netclass: Default, track width: 200000
DEBUG: board_modifier.py:675: Routing pad 'SW60:2' at (245427500, 94932500) with pad 'D60:2' at (247967500, 96392500) using coordinate system rotated by 0 degree(s)
INFO: board_modifier.py:494: Adding track segment (F.Cu): [(245427500, 94932500), (246507500, 94932500)]
INFO: board_modifier.py:499: Track added
INFO: board_modifier.py:494: Adding track segment (F.Cu): [(246507500, 94932500), (247967500, 96392500)]
INFO: board_modifier.py:499: Track added
INFO: key_placer.py:484: Routing SW59 with D59
INFO: key_placer.py:486: Using internal autorouter method
DEBUG: board_modifier.py:592: Routing at F.Cu layer
DEBUG: board_modifier.py:609: Netclass: Default, track width: 200000
DEBUG: board_modifier.py:675: Routing pad 'SW59:2' at (226377500, 94932500) with pad 'D59:2' at (228917500, 96392500) using coordinate system rotated by 0 degree(s)
INFO: board_modifier.py:494: Adding track segment (F.Cu): [(226377500, 94932500), (227457500, 94932500)]
INFO: board_modifier.py:499: Track added
INFO: board_modifier.py:494: Adding track segment (F.Cu): [(227457500, 94932500), (228917500, 96392500)]
INFO: board_modifier.py:499: Track added
INFO: key_placer.py:484: Routing SW58 with D58
INFO: key_placer.py:486: Using internal autorouter method
DEBUG: board_modifier.py:592: Routing at F.Cu layer
DEBUG: board_modifier.py:609: Netclass: Default, track width: 200000
DEBUG: board_modifier.py:675: Routing pad 'SW58:2' at (207327500, 94932500) with pad 'D58:2' at (209867500, 96392500) using coordinate system rotated by 0 degree(s)
INFO: board_modifier.py:494: Adding track segment (F.Cu): [(207327500, 94932500), (208407500, 94932500)]
INFO: board_modifier.py:499: Track added
INFO: board_modifier.py:494: Adding track segment (F.Cu): [(208407500, 94932500), (209867500, 96392500)]
INFO: board_modifier.py:499: Track added
INFO: key_placer.py:484: Routing SW57 with D57
INFO: key_placer.py:486: Using internal autorouter method
DEBUG: board_modifier.py:592: Routing at F.Cu layer
DEBUG: board_modifier.py:609: Netclass: Default, track width: 200000
DEBUG: board_modifier.py:675: Routing pad 'SW57:2' at (188277500, 94932500) with pad 'D57:2' at (190817500, 96392500) using coordinate system rotated by 0 degree(s)
INFO: board_modifier.py:494: Adding track segment (F.Cu): [(188277500, 94932500), (189357500, 94932500)]
INFO: board_modifier.py:499: Track added
INFO: board_modifier.py:494: Adding track segment (F.Cu): [(189357500, 94932500), (190817500, 96392500)]
INFO: board_modifier.py:499: Track added
INFO: key_placer.py:484: Routing SW56 with D56
INFO: key_placer.py:486: Using internal autorouter method
DEBUG: board_modifier.py:592: Routing at F.Cu layer
DEBUG: board_modifier.py:609: Netclass: Default, track width: 200000
DEBUG: board_modifier.py:675: Routing pad 'SW56:2' at (169227500, 94932500) with pad 'D56:2' at (171767500, 96392500) using coordinate system rotated by 0 degree(s)
INFO: board_modifier.py:494: Adding track segment (F.Cu): [(169227500, 94932500), (170307500, 94932500)]
INFO: board_modifier.py:499: Track added
INFO: board_modifier.py:494: Adding track segment (F.Cu): [(170307500, 94932500), (171767500, 96392500)]
INFO: board_modifier.py:499: Track added
INFO: key_placer.py:484: Routing SW55 with D55
INFO: key_placer.py:486: Using internal autorouter method
DEBUG: board_modifier.py:592: Routing at F.Cu layer
DEBUG: board_modifier.py:609: Netclass: Default, track width: 200000
DEBUG: board_modifier.py:675: Routing pad 'SW55:2' at (150177500, 94932500) with pad 'D55:2' at (152717500, 96392500) using coordinate system rotated by 0 degree(s)
INFO: board_modifier.py:494: Adding track segment (F.Cu): [(150177500, 94932500), (151257500, 94932500)]
INFO: board_modifier.py:499: Track added
INFO: board_modifier.py:494: Adding track segment (F.Cu): [(151257500, 94932500), (152717500, 96392500)]
INFO: board_modifier.py:499: Track added
INFO: key_placer.py:484: Routing SW54 with D54
INFO: key_placer.py:486: Using internal autorouter method
DEBUG: board_modifier.py:592: Routing at F.Cu layer
DEBUG: board_modifier.py:609: Netclass: Default, track width: 200000
DEBUG: board_modifier.py:675: Routing pad 'SW54:2' at (131127500, 94932500) with pad 'D54:2' at (133667500, 96392500) using coordinate system rotated by 0 degree(s)
INFO: board_modifier.py:494: Adding track segment (F.Cu): [(131127500, 94932500), (132207500, 94932500)]
INFO: board_modifier.py:499: Track added
INFO: board_modifier.py:494: Adding track segment (F.Cu): [(132207500, 94932500), (133667500, 96392500)]
INFO: board_modifier.py:499: Track added
INFO: key_placer.py:484: Routing SW53 with D53
INFO: key_placer.py:486: Using internal autorouter method
DEBUG: board_modifier.py:592: Routing at F.Cu layer
DEBUG: board_modifier.py:609: Netclass: Default, track width: 200000
DEBUG: board_modifier.py:675: Routing pad 'SW53:2' at (112077500, 94932500) with pad 'D53:2' at (114617500, 96392500) using coordinate system rotated by 0 degree(s)
INFO: board_modifier.py:494: Adding track segment (F.Cu): [(112077500, 94932500), (113157500, 94932500)]
INFO: board_modifier.py:499: Track added
INFO: board_modifier.py:494: Adding track segment (F.Cu): [(113157500, 94932500), (114617500, 96392500)]
INFO: board_modifier.py:499: Track added
INFO: key_placer.py:484: Routing SW52 with D52
INFO: key_placer.py:486: Using internal autorouter method
DEBUG: board_modifier.py:592: Routing at F.Cu layer
DEBUG: board_modifier.py:609: Netclass: Default, track width: 200000
DEBUG: board_modifier.py:675: Routing pad 'SW52:2' at (93027500, 94932500) with pad 'D52:2' at (95567500, 96392500) using coordinate system rotated by 0 degree(s)
INFO: board_modifier.py:494: Adding track segment (F.Cu): [(93027500, 94932500), (94107500, 94932500)]
INFO: board_modifier.py:499: Track added
INFO: board_modifier.py:494: Adding track segment (F.Cu): [(94107500, 94932500), (95567500, 96392500)]
INFO: board_modifier.py:499: Track added
INFO: key_placer.py:484: Routing SW51 with D51
INFO: key_placer.py:486: Using internal autorouter method
DEBUG: board_modifier.py:592: Routing at F.Cu layer
DEBUG: board_modifier.py:609: Netclass: Default, track width: 200000
DEBUG: board_modifier.py:675: Routing pad 'SW51:2' at (73977500, 94932500) with pad 'D51:2' at (76517500, 96392500) using coordinate system rotated by 0 degree(s)
INFO: board_modifier.py:494: Adding track segment (F.Cu): [(73977500, 94932500), (75057500, 94932500)]
INFO: board_modifier.py:499: Track added
INFO: board_modifier.py:494: Adding track segment (F.Cu): [(75057500, 94932500), (76517500, 96392500)]
INFO: board_modifier.py:499: Track added
INFO: key_placer.py:484: Routing SW50 with D50
INFO: key_placer.py:486: Using internal autorouter method
DEBUG: board_modifier.py:592: Routing at F.Cu layer
DEBUG: board_modifier.py:609: Netclass: Default, track width: 200000
DEBUG: board_modifier.py:675: Routing pad 'SW50:2' at (47783750, 94932500) with pad 'D50:2' at (50323750, 96392500) using coordinate system rotated by 0 degree(s)
INFO: board_modifier.py:494: Adding track segment (F.Cu): [(47783750, 94932500), (48863750, 94932500)]
INFO: board_modifier.py:499: Track added
INFO: board_modifier.py:494: Adding track segment (F.Cu): [(48863750, 94932500), (50323750, 96392500)]
INFO: board_modifier.py:499: Track added
INFO: key_placer.py:484: Routing SW49 with D49
INFO: key_placer.py:486: Using internal autorouter method
DEBUG: board_modifier.py:592: Routing at F.Cu layer
DEBUG: board_modifier.py:609: Netclass: Default, track width: 200000
DEBUG: board_modifier.py:675: Routing pad 'SW49:2' at (331152500, 90170000) with pad 'D49:2' at (333692500, 91630000) using coordinate system rotated by 0 degree(s)
INFO: board_modifier.py:494: Adding track segment (F.Cu): [(331152500, 90170000), (332232500, 90170000)]
INFO: board_modifier.py:499: Track added
INFO: board_modifier.py:494: Adding track segment (F.Cu): [(332232500, 90170000), (333692500, 91630000)]
INFO: board_modifier.py:499: Track added
INFO: key_placer.py:484: Routing SW48 with D48
INFO: key_placer.py:486: Using internal autorouter method
DEBUG: board_modifier.py:592: Routing at F.Cu layer
DEBUG: board_modifier.py:609: Netclass: Default, track width: 200000
DEBUG: board_modifier.py:675: Routing pad 'SW48:2' at (350202500, 85407500) with pad 'D48:2' at (352742500, 86867500) using coordinate system rotated by 0 degree(s)
INFO: board_modifier.py:494: Adding track segment (F.Cu): [(350202500, 85407500), (351282500, 85407500)]
INFO: board_modifier.py:499: Track added
INFO: board_modifier.py:494: Adding track segment (F.Cu): [(351282500, 85407500), (352742500, 86867500)]
INFO: board_modifier.py:499: Track added
INFO: key_placer.py:484: Routing SW47 with D47
INFO: key_placer.py:486: Using internal autorouter method
DEBUG: board_modifier.py:592: Routing at F.Cu layer
DEBUG: board_modifier.py:609: Netclass: Default, track width: 200000
DEBUG: board_modifier.py:675: Routing pad 'SW47:2' at (302577500, 75882500) with pad 'D47:2' at (305117500, 77342500) using coordinate system rotated by 0 degree(s)
INFO: board_modifier.py:494: Adding track segment (F.Cu): [(302577500, 75882500), (303657500, 75882500)]
INFO: board_modifier.py:499: Track added
INFO: board_modifier.py:494: Adding track segment (F.Cu): [(303657500, 75882500), (305117500, 77342500)]
INFO: board_modifier.py:499: Track added
INFO: key_placer.py:484: Routing SW46 with D46
INFO: key_placer.py:486: Using internal autorouter method
DEBUG: board_modifier.py:592: Routing at F.Cu layer
DEBUG: board_modifier.py:609: Netclass: Default, track width: 200000
DEBUG: board_modifier.py:675: Routing pad 'SW46:2' at (278765000, 75882500) with pad 'D46:2' at (281305000, 77342500) using coordinate system rotated by 0 degree(s)
INFO: board_modifier.py:494: Adding track segment (F.Cu): [(278765000, 75882500), (279845000, 75882500)]
INFO: board_modifier.py:499: Track added
INFO: board_modifier.py:494: Adding track segment (F.Cu): [(279845000, 75882500), (281305000, 77342500)]
INFO: board_modifier.py:499: Track added
INFO: key_placer.py:484: Routing SW45 with D45
INFO: key_placer.py:486: Using internal autorouter method
DEBUG: board_modifier.py:592: Routing at F.Cu layer
DEBUG: board_modifier.py:609: Netclass: Default, track width: 200000
DEBUG: board_modifier.py:675: Routing pad 'SW45:2' at (259715000, 75882500) with pad 'D45:2' at (262255000, 77342500) using coordinate system rotated by 0 degree(s)
INFO: board_modifier.py:494: Adding track segment (F.Cu): [(259715000, 75882500), (260795000, 75882500)]
INFO: board_modifier.py:499: Track added
INFO: board_modifier.py:494: Adding track segment (F.Cu): [(260795000, 75882500), (262255000, 77342500)]
INFO: board_modifier.py:499: Track added
INFO: key_placer.py:484: Routing SW44 with D44
INFO: key_placer.py:486: Using internal autorouter method
DEBUG: board_modifier.py:592: Routing at F.Cu layer
DEBUG: board_modifier.py:609: Netclass: Default, track width: 200000
DEBUG: board_modifier.py:675: Routing pad 'SW44:2' at (240665000, 75882500) with pad 'D44:2' at (243205000, 77342500) using coordinate system rotated by 0 degree(s)
INFO: board_modifier.py:494: Adding track segment (F.Cu): [(240665000, 75882500), (241745000, 75882500)]
INFO: board_modifier.py:499: Track added
INFO: board_modifier.py:494: Adding track segment (F.Cu): [(241745000, 75882500), (243205000, 77342500)]
INFO: board_modifier.py:499: Track added
INFO: key_placer.py:484: Routing SW43 with D43
INFO: key_placer.py:486: Using internal autorouter method
DEBUG: board_modifier.py:592: Routing at F.Cu layer
DEBUG: board_modifier.py:609: Netclass: Default, track width: 200000
DEBUG: board_modifier.py:675: Routing pad 'SW43:2' at (221615000, 75882500) with pad 'D43:2' at (224155000, 77342500) using coordinate system rotated by 0 degree(s)
INFO: board_modifier.py:494: Adding track segment (F.Cu): [(221615000, 75882500), (222695000, 75882500)]
INFO: board_modifier.py:499: Track added
INFO: board_modifier.py:494: Adding track segment (F.Cu): [(222695000, 75882500), (224155000, 77342500)]
INFO: board_modifier.py:499: Track added
INFO: key_placer.py:484: Routing SW42 with D42
INFO: key_placer.py:486: Using internal autorouter method
DEBUG: board_modifier.py:592: Routing at F.Cu layer
DEBUG: board_modifier.py:609: Netclass: Default, track width: 200000
DEBUG: board_modifier.py:675: Routing pad 'SW42:2' at (202565000, 75882500) with pad 'D42:2' at (205105000, 77342500) using coordinate system rotated by 0 degree(s)
INFO: board_modifier.py:494: Adding track segment (F.Cu): [(202565000, 75882500), (203645000, 75882500)]
INFO: board_modifier.py:499: Track added
INFO: board_modifier.py:494: Adding track segment (F.Cu): [(203645000, 75882500), (205105000, 77342500)]
INFO: board_modifier.py:499: Track added
INFO: key_placer.py:484: Routing SW41 with D41
INFO: key_placer.py:486: Using internal autorouter method
DEBUG: board_modifier.py:592: Routing at F.Cu layer
DEBUG: board_modifier.py:609: Netclass: Default, track width: 200000
DEBUG: board_modifier.py:675: Routing pad 'SW41:2' at (183515000, 75882500) with pad 'D41:2' at (186055000, 77342500) using coordinate system rotated by 0 degree(s)
INFO: board_modifier.py:494: Adding track segment (F.Cu): [(183515000, 75882500), (184595000, 75882500)]
INFO: board_modifier.py:499: Track added
INFO: board_modifier.py:494: Adding track segment (F.Cu): [(184595000, 75882500), (186055000, 77342500)]
INFO: board_modifier.py:499: Track added
INFO: key_placer.py:484: Routing SW40 with D40
INFO: key_placer.py:486: Using internal autorouter method
DEBUG: board_modifier.py:592: Routing at F.Cu layer
DEBUG: board_modifier.py:609: Netclass: Default, track width: 200000
DEBUG: board_modifier.py:675: Routing pad 'SW40:2' at (164465000, 75882500) with pad 'D40:2' at (167005000, 77342500) using coordinate system rotated by 0 degree(s)
INFO: board_modifier.py:494: Adding track segment (F.Cu): [(164465000, 75882500), (165545000, 75882500)]
INFO: board_modifier.py:499: Track added
INFO: board_modifier.py:494: Adding track segment (F.Cu): [(165545000, 75882500), (167005000, 77342500)]
INFO: board_modifier.py:499: Track added
INFO: key_placer.py:484: Routing SW39 with D39
INFO: key_placer.py:486: Using internal autorouter method
DEBUG: board_modifier.py:592: Routing at F.Cu layer
DEBUG: board_modifier.py:609: Netclass: Default, track width: 200000
DEBUG: board_modifier.py:675: Routing pad 'SW39:2' at (145415000, 75882500) with pad 'D39:2' at (147955000, 77342500) using coordinate system rotated by 0 degree(s)
INFO: board_modifier.py:494: Adding track segment (F.Cu): [(145415000, 75882500), (146495000, 75882500)]
INFO: board_modifier.py:499: Track added
INFO: board_modifier.py:494: Adding track segment (F.Cu): [(146495000, 75882500), (147955000, 77342500)]
INFO: board_modifier.py:499: Track added
INFO: key_placer.py:484: Routing SW38 with D38
INFO: key_placer.py:486: Using internal autorouter method
DEBUG: board_modifier.py:592: Routing at F.Cu layer
DEBUG: board_modifier.py:609: Netclass: Default, track width: 200000
DEBUG: board_modifier.py:675: Routing pad 'SW38:2' at (126365000, 75882500) with pad 'D38:2' at (128905000, 77342500) using coordinate system rotated by 0 degree(s)
INFO: board_modifier.py:494: Adding track segment (F.Cu): [(126365000, 75882500), (127445000, 75882500)]
INFO: board_modifier.py:499: Track added
INFO: board_modifier.py:494: Adding track segment (F.Cu): [(127445000, 75882500), (128905000, 77342500)]
INFO: board_modifier.py:499: Track added
INFO: key_placer.py:484: Routing SW37 with D37
INFO: key_placer.py:486: Using internal autorouter method
DEBUG: board_modifier.py:592: Routing at F.Cu layer
DEBUG: board_modifier.py:609: Netclass: Default, track width: 200000
DEBUG: board_modifier.py:675: Routing pad 'SW37:2' at (107315000, 75882500) with pad 'D37:2' at (109855000, 77342500) using coordinate system rotated by 0 degree(s)
INFO: board_modifier.py:494: Adding track segment (F.Cu): [(107315000, 75882500), (108395000, 75882500)]
INFO: board_modifier.py:499: Track added
INFO: board_modifier.py:494: Adding track segment (F.Cu): [(108395000, 75882500), (109855000, 77342500)]
INFO: board_modifier.py:499: Track added
INFO: key_placer.py:484: Routing SW36 with D36
INFO: key_placer.py:486: Using internal autorouter method
DEBUG: board_modifier.py:592: Routing at F.Cu layer
DEBUG: board_modifier.py:609: Netclass: Default, track width: 200000
DEBUG: board_modifier.py:675: Routing pad 'SW36:2' at (88265000, 75882500) with pad 'D36:2' at (90805000, 77342500) using coordinate system rotated by 0 degree(s)
INFO: board_modifier.py:494: Adding track segment (F.Cu): [(88265000, 75882500), (89345000, 75882500)]
INFO: board_modifier.py:499: Track added
INFO: board_modifier.py:494: Adding track segment (F.Cu): [(89345000, 75882500), (90805000, 77342500)]
INFO: board_modifier.py:499: Track added
INFO: key_placer.py:484: Routing SW35 with D35
INFO: key_placer.py:486: Using internal autorouter method
DEBUG: board_modifier.py:592: Routing at F.Cu layer
DEBUG: board_modifier.py:609: Netclass: Default, track width: 200000
DEBUG: board_modifier.py:675: Routing pad 'SW35:2' at (69215000, 75882500) with pad 'D35:2' at (71755000, 77342500) using coordinate system rotated by 0 degree(s)
INFO: board_modifier.py:494: Adding track segment (F.Cu): [(69215000, 75882500), (70295000, 75882500)]
INFO: board_modifier.py:499: Track added
INFO: board_modifier.py:494: Adding track segment (F.Cu): [(70295000, 75882500), (71755000, 77342500)]
INFO: board_modifier.py:499: Track added
INFO: key_placer.py:484: Routing SW34 with D34
INFO: key_placer.py:486: Using internal autorouter method
DEBUG: board_modifier.py:592: Routing at F.Cu layer
DEBUG: board_modifier.py:609: Netclass: Default, track width: 200000
DEBUG: board_modifier.py:675: Routing pad 'SW34:2' at (45402500, 75882500) with pad 'D34:2' at (47942500, 77342500) using coordinate system rotated by 0 degree(s)
INFO: board_modifier.py:494: Adding track segment (F.Cu): [(45402500, 75882500), (46482500, 75882500)]
INFO: board_modifier.py:499: Track added
INFO: board_modifier.py:494: Adding track segment (F.Cu): [(46482500, 75882500), (47942500, 77342500)]
INFO: board_modifier.py:499: Track added
INFO: key_placer.py:484: Routing SW33 with D33
INFO: key_placer.py:486: Using internal autorouter method
DEBUG: board_modifier.py:592: Routing at F.Cu layer
DEBUG: board_modifier.py:609: Netclass: Default, track width: 200000
DEBUG: board_modifier.py:675: Routing pad 'SW33:2' at (331152500, 71120000) with pad 'D33:2' at (333692500, 72580000) using coordinate system rotated by 0 degree(s)
INFO: board_modifier.py:494: Adding track segment (F.Cu): [(331152500, 71120000), (332232500, 71120000)]
INFO: board_modifier.py:499: Track added
INFO: board_modifier.py:494: Adding track segment (F.Cu): [(332232500, 71120000), (333692500, 72580000)]
INFO: board_modifier.py:499: Track added
INFO: key_placer.py:484: Routing SW32 with D32
INFO: key_placer.py:486: Using internal autorouter method
DEBUG: board_modifier.py:592: Routing at F.Cu layer
DEBUG: board_modifier.py:609: Netclass: Default, track width: 200000
DEBUG: board_modifier.py:675: Routing pad 'SW32:2' at (297815000, 56832500) with pad 'D32:2' at (300355000, 58292500) using coordinate system rotated by 0 degree(s)
INFO: board_modifier.py:494: Adding track segment (F.Cu): [(297815000, 56832500), (298895000, 56832500)]
INFO: board_modifier.py:499: Track added
INFO: board_modifier.py:494: Adding track segment (F.Cu): [(298895000, 56832500), (300355000, 58292500)]
INFO: board_modifier.py:499: Track added
INFO: key_placer.py:484: Routing SW31 with D31
INFO: key_placer.py:486: Using internal autorouter method
DEBUG: board_modifier.py:592: Routing at F.Cu layer
DEBUG: board_modifier.py:609: Netclass: Default, track width: 200000
DEBUG: board_modifier.py:675: Routing pad 'SW31:2' at (269240000, 56832500) with pad 'D31:2' at (271780000, 58292500) using coordinate system rotated by 0 degree(s)
INFO: board_modifier.py:494: Adding track segment (F.Cu): [(269240000, 56832500), (270320000, 56832500)]
INFO: board_modifier.py:499: Track added
INFO: board_modifier.py:494: Adding track segment (F.Cu): [(270320000, 56832500), (271780000, 58292500)]
INFO: board_modifier.py:499: Track added
INFO: key_placer.py:484: Routing SW30 with D30
INFO: key_placer.py:486: Using internal autorouter method
DEBUG: board_modifier.py:592: Routing at F.Cu layer
DEBUG: board_modifier.py:609: Netclass: Default, track width: 200000
DEBUG: board_modifier.py:675: Routing pad 'SW30:2' at (250190000, 56832500) with pad 'D30:2' at (252730000, 58292500) using coordinate system rotated by 0 degree(s)
INFO: board_modifier.py:494: Adding track segment (F.Cu): [(250190000, 56832500), (251270000, 56832500)]
INFO: board_modifier.py:499: Track added
INFO: board_modifier.py:494: Adding track segment (F.Cu): [(251270000, 56832500), (252730000, 58292500)]
INFO: board_modifier.py:499: Track added
INFO: key_placer.py:484: Routing SW29 with D29
INFO: key_placer.py:486: Using internal autorouter method
DEBUG: board_modifier.py:592: Routing at F.Cu layer
DEBUG: board_modifier.py:609: Netclass: Default, track width: 200000
DEBUG: board_modifier.py:675: Routing pad 'SW29:2' at (231140000, 56832500) with pad 'D29:2' at (233680000, 58292500) using coordinate system rotated by 0 degree(s)
INFO: board_modifier.py:494: Adding track segment (F.Cu): [(231140000, 56832500), (232220000, 56832500)]
INFO: board_modifier.py:499: Track added
INFO: board_modifier.py:494: Adding track segment (F.Cu): [(232220000, 56832500), (233680000, 58292500)]
INFO: board_modifier.py:499: Track added
INFO: key_placer.py:484: Routing SW28 with D28
INFO: key_placer.py:486: Using internal autorouter method
DEBUG: board_modifier.py:592: Routing at F.Cu layer
DEBUG: board_modifier.py:609: Netclass: Default, track width: 200000
DEBUG: board_modifier.py:675: Routing pad 'SW28:2' at (212090000, 56832500) with pad 'D28:2' at (214630000, 58292500) using coordinate system rotated by 0 degree(s)
INFO: board_modifier.py:494: Adding track segment (F.Cu): [(212090000, 56832500), (213170000, 56832500)]
INFO: board_modifier.py:499: Track added
INFO: board_modifier.py:494: Adding track segment (F.Cu): [(213170000, 56832500), (214630000, 58292500)]
INFO: board_modifier.py:499: Track added
INFO: key_placer.py:484: Routing SW27 with D27
INFO: key_placer.py:486: Using internal autorouter method
DEBUG: board_modifier.py:592: Routing at F.Cu layer
DEBUG: board_modifier.py:609: Netclass: Default, track width: 200000
DEBUG: board_modifier.py:675: Routing pad 'SW27:2' at (193040000, 56832500) with pad 'D27:2' at (195580000, 58292500) using coordinate system rotated by 0 degree(s)
INFO: board_modifier.py:494: Adding track segment (F.Cu): [(193040000, 56832500), (194120000, 56832500)]
INFO: board_modifier.py:499: Track added
INFO: board_modifier.py:494: Adding track segment (F.Cu): [(194120000, 56832500), (195580000, 58292500)]
INFO: board_modifier.py:499: Track added
INFO: key_placer.py:484: Routing SW26 with D26
INFO: key_placer.py:486: Using internal autorouter method
DEBUG: board_modifier.py:592: Routing at F.Cu layer
DEBUG: board_modifier.py:609: Netclass: Default, track width: 200000
DEBUG: board_modifier.py:675: Routing pad 'SW26:2' at (173990000, 56832500) with pad 'D26:2' at (176530000, 58292500) using coordinate system rotated by 0 degree(s)
INFO: board_modifier.py:494: Adding track segment (F.Cu): [(173990000, 56832500), (175070000, 56832500)]
INFO: board_modifier.py:499: Track added
INFO: board_modifier.py:494: Adding track segment (F.Cu): [(175070000, 56832500), (176530000, 58292500)]
INFO: board_modifier.py:499: Track added
INFO: key_placer.py:484: Routing SW25 with D25
INFO: key_placer.py:486: Using internal autorouter method
DEBUG: board_modifier.py:592: Routing at F.Cu layer
DEBUG: board_modifier.py:609: Netclass: Default, track width: 200000
DEBUG: board_modifier.py:675: Routing pad 'SW25:2' at (154940000, 56832500) with pad 'D25:2' at (157480000, 58292500) using coordinate system rotated by 0 degree(s)
INFO: board_modifier.py:494: Adding track segment (F.Cu): [(154940000, 56832500), (156020000, 56832500)]
INFO: board_modifier.py:499: Track added
INFO: board_modifier.py:494: Adding track segment (F.Cu): [(156020000, 56832500), (157480000, 58292500)]
INFO: board_modifier.py:499: Track added
INFO: key_placer.py:484: Routing SW24 with D24
INFO: key_placer.py:486: Using internal autorouter method
DEBUG: board_modifier.py:592: Routing at F.Cu layer
DEBUG: board_modifier.py:609: Netclass: Default, track width: 200000
DEBUG: board_modifier.py:675: Routing pad 'SW24:2' at (135890000, 56832500) with pad 'D24:2' at (138430000, 58292500) using coordinate system rotated by 0 degree(s)
INFO: board_modifier.py:494: Adding track segment (F.Cu): [(135890000, 56832500), (136970000, 56832500)]
INFO: board_modifier.py:499: Track added
INFO: board_modifier.py:494: Adding track segment (F.Cu): [(136970000, 56832500), (138430000, 58292500)]
INFO: board_modifier.py:499: Track added
INFO: key_placer.py:484: Routing SW23 with D23
INFO: key_placer.py:486: Using internal autorouter method
DEBUG: board_modifier.py:592: Routing at F.Cu layer
DEBUG: board_modifier.py:609: Netclass: Default, track width: 200000
DEBUG: board_modifier.py:675: Routing pad 'SW23:2' at (116840000, 56832500) with pad 'D23:2' at (119380000, 58292500) using coordinate system rotated by 0 degree(s)
INFO: board_modifier.py:494: Adding track segment (F.Cu): [(116840000, 56832500), (117920000, 56832500)]
INFO: board_modifier.py:499: Track added
INFO: board_modifier.py:494: Adding track segment (F.Cu): [(117920000, 56832500), (119380000, 58292500)]
INFO: board_modifier.py:499: Track added
INFO: key_placer.py:484: Routing SW22 with D22
INFO: key_placer.py:486: Using internal autorouter method
DEBUG: board_modifier.py:592: Routing at F.Cu layer
DEBUG: board_modifier.py:609: Netclass: Default, track width: 200000
DEBUG: board_modifier.py:675: Routing pad 'SW22:2' at (97790000, 56832500) with pad 'D22:2' at (100330000, 58292500) using coordinate system rotated by 0 degree(s)
INFO: board_modifier.py:494: Adding track segment (F.Cu): [(97790000, 56832500), (98870000, 56832500)]
INFO: board_modifier.py:499: Track added
INFO: board_modifier.py:494: Adding track segment (F.Cu): [(98870000, 56832500), (100330000, 58292500)]
INFO: board_modifier.py:499: Track added
INFO: key_placer.py:484: Routing SW21 with D21
INFO: key_placer.py:486: Using internal autorouter method
DEBUG: board_modifier.py:592: Routing at F.Cu layer
DEBUG: board_modifier.py:609: Netclass: Default, track width: 200000
DEBUG: board_modifier.py:675: Routing pad 'SW21:2' at (78740000, 56832500) with pad 'D21:2' at (81280000, 58292500) using coordinate system rotated by 0 degree(s)
INFO: board_modifier.py:494: Adding track segment (F.Cu): [(78740000, 56832500), (79820000, 56832500)]
INFO: board_modifier.py:499: Track added
INFO: board_modifier.py:494: Adding track segment (F.Cu): [(79820000, 56832500), (81280000, 58292500)]
INFO: board_modifier.py:499: Track added
INFO: key_placer.py:484: Routing SW20 with D20
INFO: key_placer.py:486: Using internal autorouter method
DEBUG: board_modifier.py:592: Routing at F.Cu layer
DEBUG: board_modifier.py:609: Netclass: Default, track width: 200000
DEBUG: board_modifier.py:675: Routing pad 'SW20:2' at (59690000, 56832500) with pad 'D20:2' at (62230000, 58292500) using coordinate system rotated by 0 degree(s)
INFO: board_modifier.py:494: Adding track segment (F.Cu): [(59690000, 56832500), (60770000, 56832500)]
INFO: board_modifier.py:499: Track added
INFO: board_modifier.py:494: Adding track segment (F.Cu): [(60770000, 56832500), (62230000, 58292500)]
INFO: board_modifier.py:499: Track added
INFO: key_placer.py:484: Routing SW19 with D19
INFO: key_placer.py:486: Using internal autorouter method
DEBUG: board_modifier.py:592: Routing at F.Cu layer
DEBUG: board_modifier.py:609: Netclass: Default, track width: 200000
DEBUG: board_modifier.py:675: Routing pad 'SW19:2' at (40640000, 56832500) with pad 'D19:2' at (43180000, 58292500) using coordinate system rotated by 0 degree(s)
INFO: board_modifier.py:494: Adding track segment (F.Cu): [(40640000, 56832500), (41720000, 56832500)]
INFO: board_modifier.py:499: Track added
INFO: board_modifier.py:494: Adding track segment (F.Cu): [(41720000, 56832500), (43180000, 58292500)]
INFO: board_modifier.py:499: Track added
INFO: key_placer.py:484: Routing SW18 with D18
INFO: key_placer.py:486: Using internal autorouter method
DEBUG: board_modifier.py:592: Routing at F.Cu layer
DEBUG: board_modifier.py:609: Netclass: Default, track width: 200000
DEBUG: board_modifier.py:675: Routing pad 'SW18:2' at (-83185000, 52070000) with pad 'D18:2' at (-80645000, 53530000) using coordinate system rotated by 0 degree(s)
INFO: board_modifier.py:494: Adding track segment (F.Cu): [(-83185000, 52070000), (-82105000, 52070000)]
INFO: board_modifier.py:499: Track added
INFO: board_modifier.py:494: Adding track segment (F.Cu): [(-82105000, 52070000), (-80645000, 53530000)]
INFO: board_modifier.py:499: Track added
INFO: key_placer.py:484: Routing SW17 with D17
INFO: key_placer.py:486: Using internal autorouter method
DEBUG: board_modifier.py:592: Routing at F.Cu layer
DEBUG: board_modifier.py:609: Netclass: Default, track width: 200000
DEBUG: board_modifier.py:675: Routing pad 'SW17:2' at (-54610000, 37782500) with pad 'D17:2' at (-52070000, 39242500) using coordinate system rotated by 0 degree(s)
INFO: board_modifier.py:494: Adding track segment (F.Cu): [(-54610000, 37782500), (-53530000, 37782500)]
INFO: board_modifier.py:499: Track added
INFO: board_modifier.py:494: Adding track segment (F.Cu): [(-53530000, 37782500), (-52070000, 39242500)]
INFO: board_modifier.py:499: Track added
INFO: key_placer.py:484: Routing SW16 with D16
INFO: key_placer.py:486: Using internal autorouter method
DEBUG: board_modifier.py:592: Routing at F.Cu layer
DEBUG: board_modifier.py:609: Netclass: Default, track width: 200000
DEBUG: board_modifier.py:675: Routing pad 'SW16:2' at (350202500, 33020000) with pad 'D16:2' at (352742500, 34480000) using coordinate system rotated by 0 degree(s)
INFO: board_modifier.py:494: Adding track segment (F.Cu): [(350202500, 33020000), (351282500, 33020000)]
INFO: board_modifier.py:499: Track added
INFO: board_modifier.py:494: Adding track segment (F.Cu): [(351282500, 33020000), (352742500, 34480000)]
INFO: board_modifier.py:499: Track added
INFO: key_placer.py:484: Routing SW15 with D15
INFO: key_placer.py:486: Using internal autorouter method
DEBUG: board_modifier.py:592: Routing at F.Cu layer
DEBUG: board_modifier.py:609: Netclass: Default, track width: 200000
DEBUG: board_modifier.py:675: Routing pad 'SW15:2' at (331152500, 33020000) with pad 'D15:2' at (333692500, 34480000) using coordinate system rotated by 0 degree(s)
INFO: board_modifier.py:494: Adding track segment (F.Cu): [(331152500, 33020000), (332232500, 33020000)]
INFO: board_modifier.py:499: Track added
INFO: board_modifier.py:494: Adding track segment (F.Cu): [(332232500, 33020000), (333692500, 34480000)]
INFO: board_modifier.py:499: Track added
INFO: key_placer.py:484: Routing SW14 with D14
INFO: key_placer.py:486: Using internal autorouter method
DEBUG: board_modifier.py:592: Routing at F.Cu layer
DEBUG: board_modifier.py:609: Netclass: Default, track width: 200000
DEBUG: board_modifier.py:675: Routing pad 'SW14:2' at (307340000, 33020000) with pad 'D14:2' at (309880000, 34480000) using coordinate system rotated by 0 degree(s)
INFO: board_modifier.py:494: Adding track segment (F.Cu): [(307340000, 33020000), (308420000, 33020000)]
INFO: board_modifier.py:499: Track added
INFO: board_modifier.py:494: Adding track segment (F.Cu): [(308420000, 33020000), (309880000, 34480000)]
INFO: board_modifier.py:499: Track added
INFO: key_placer.py:484: Routing SW13 with D13
INFO: key_placer.py:486: Using internal autorouter method
DEBUG: board_modifier.py:592: Routing at F.Cu layer
DEBUG: board_modifier.py:609: Netclass: Default, track width: 200000
DEBUG: board_modifier.py:675: Routing pad 'SW13:2' at (283527500, 33020000) with pad 'D13:2' at (286067500, 34480000) using coordinate system rotated by 0 degree(s)
INFO: board_modifier.py:494: Adding track segment (F.Cu): [(283527500, 33020000), (284607500, 33020000)]
INFO: board_modifier.py:499: Track added
INFO: board_modifier.py:494: Adding track segment (F.Cu): [(284607500, 33020000), (286067500, 34480000)]
INFO: board_modifier.py:499: Track added
INFO: key_placer.py:484: Routing SW12 with D12
INFO: key_placer.py:486: Using internal autorouter method
DEBUG: board_modifier.py:592: Routing at F.Cu layer
DEBUG: board_modifier.py:609: Netclass: Default, track width: 200000
DEBUG: board_modifier.py:675: Routing pad 'SW12:2' at (264477500, 33020000) with pad 'D12:2' at (267017500, 34480000) using coordinate system rotated by 0 degree(s)
INFO: board_modifier.py:494: Adding track segment (F.Cu): [(264477500, 33020000), (265557500, 33020000)]
INFO: board_modifier.py:499: Track added
INFO: board_modifier.py:494: Adding track segment (F.Cu): [(265557500, 33020000), (267017500, 34480000)]
INFO: board_modifier.py:499: Track added
INFO: key_placer.py:484: Routing SW11 with D11
INFO: key_placer.py:486: Using internal autorouter method
DEBUG: board_modifier.py:592: Routing at F.Cu layer
DEBUG: board_modifier.py:609: Netclass: Default, track width: 200000
DEBUG: board_modifier.py:675: Routing pad 'SW11:2' at (245427500, 33020000) with pad 'D11:2' at (247967500, 34480000) using coordinate system rotated by 0 degree(s)
INFO: board_modifier.py:494: Adding track segment (F.Cu): [(245427500, 33020000), (246507500, 33020000)]
INFO: board_modifier.py:499: Track added
INFO: board_modifier.py:494: Adding track segment (F.Cu): [(246507500, 33020000), (247967500, 34480000)]
INFO: board_modifier.py:499: Track added
INFO: key_placer.py:484: Routing SW10 with D10
INFO: key_placer.py:486: Using internal autorouter method
DEBUG: board_modifier.py:592: Routing at F.Cu layer
DEBUG: board_modifier.py:609: Netclass: Default, track width: 200000
DEBUG: board_modifier.py:675: Routing pad 'SW10:2' at (226377500, 33020000) with pad 'D10:2' at (228917500, 34480000) using coordinate system rotated by 0 degree(s)
INFO: board_modifier.py:494: Adding track segment (F.Cu): [(226377500, 33020000), (227457500, 33020000)]
INFO: board_modifier.py:499: Track added
INFO: board_modifier.py:494: Adding track segment (F.Cu): [(227457500, 33020000), (228917500, 34480000)]
INFO: board_modifier.py:499: Track added
INFO: key_placer.py:484: Routing SW9 with D9
INFO: key_placer.py:486: Using internal autorouter method
DEBUG: board_modifier.py:592: Routing at F.Cu layer
DEBUG: board_modifier.py:609: Netclass: Default, track width: 200000
DEBUG: board_modifier.py:675: Routing pad 'SW9:2' at (202565000, 33020000) with pad 'D9:2' at (205105000, 34480000) using coordinate system rotated by 0 degree(s)
INFO: board_modifier.py:494: Adding track segment (F.Cu): [(202565000, 33020000), (203645000, 33020000)]
INFO: board_modifier.py:499: Track added
INFO: board_modifier.py:494: Adding track segment (F.Cu): [(203645000, 33020000), (205105000, 34480000)]
INFO: board_modifier.py:499: Track added
INFO: key_placer.py:484: Routing SW8 with D8
INFO: key_placer.py:486: Using internal autorouter method
DEBUG: board_modifier.py:592: Routing at F.Cu layer
DEBUG: board_modifier.py:609: Netclass: Default, track width: 200000
DEBUG: board_modifier.py:675: Routing pad 'SW8:2' at (183515000, 33020000) with pad 'D8:2' at (186055000, 34480000) using coordinate system rotated by 0 degree(s)
INFO: board_modifier.py:494: Adding track segment (F.Cu): [(183515000, 33020000), (184595000, 33020000)]
INFO: board_modifier.py:499: Track added
INFO: board_modifier.py:494: Adding track segment (F.Cu): [(184595000, 33020000), (186055000, 34480000)]
INFO: board_modifier.py:499: Track added
INFO: key_placer.py:484: Routing SW7 with D7
INFO: key_placer.py:486: Using internal autorouter method
DEBUG: board_modifier.py:592: Routing at F.Cu layer
DEBUG: board_modifier.py:609: Netclass: Default, track width: 200000
DEBUG: board_modifier.py:675: Routing pad 'SW7:2' at (164465000, 33020000) with pad 'D7:2' at (167005000, 34480000) using coordinate system rotated by 0 degree(s)
INFO: board_modifier.py:494: Adding track segment (F.Cu): [(164465000, 33020000), (165545000, 33020000)]
INFO: board_modifier.py:499: Track added
INFO: board_modifier.py:494: Adding track segment (F.Cu): [(165545000, 33020000), (167005000, 34480000)]
INFO: board_modifier.py:499: Track added
INFO: key_placer.py:484: Routing SW6 with D6
INFO: key_placer.py:486: Using internal autorouter method
DEBUG: board_modifier.py:592: Routing at F.Cu layer
DEBUG: board_modifier.py:609: Netclass: Default, track width: 200000
DEBUG: board_modifier.py:675: Routing pad 'SW6:2' at (145415000, 33020000) with pad 'D6:2' at (147955000, 34480000) using coordinate system rotated by 0 degree(s)
INFO: board_modifier.py:494: Adding track segment (F.Cu): [(145415000, 33020000), (146495000, 33020000)]
INFO: board_modifier.py:499: Track added
INFO: board_modifier.py:494: Adding track segment (F.Cu): [(146495000, 33020000), (147955000, 34480000)]
INFO: board_modifier.py:499: Track added
INFO: key_placer.py:484: Routing SW5 with D5
INFO: key_placer.py:486: Using internal autorouter method
DEBUG: board_modifier.py:592: Routing at F.Cu layer
DEBUG: board_modifier.py:609: Netclass: Default, track width: 200000
DEBUG: board_modifier.py:675: Routing pad 'SW5:2' at (121602500, 33020000) with pad 'D5:2' at (124142500, 34480000) using coordinate system rotated by 0 degree(s)
INFO: board_modifier.py:494: Adding track segment (F.Cu): [(121602500, 33020000), (122682500, 33020000)]
INFO: board_modifier.py:499: Track added
INFO: board_modifier.py:494: Adding track segment (F.Cu): [(122682500, 33020000), (124142500, 34480000)]
INFO: board_modifier.py:499: Track added
INFO: key_placer.py:484: Routing SW4 with D4
INFO: key_placer.py:486: Using internal autorouter method
DEBUG: board_modifier.py:592: Routing at F.Cu layer
DEBUG: board_modifier.py:609: Netclass: Default, track width: 200000
DEBUG: board_modifier.py:675: Routing pad 'SW4:2' at (102552500, 33020000) with pad 'D4:2' at (105092500, 34480000) using coordinate system rotated by 0 degree(s)
INFO: board_modifier.py:494: Adding track segment (F.Cu): [(102552500, 33020000), (103632500, 33020000)]
INFO: board_modifier.py:499: Track added
INFO: board_modifier.py:494: Adding track segment (F.Cu): [(103632500, 33020000), (105092500, 34480000)]
INFO: board_modifier.py:499: Track added
INFO: key_placer.py:484: Routing SW3 with D3
INFO: key_placer.py:486: Using internal autorouter method
DEBUG: board_modifier.py:592: Routing at F.Cu layer
DEBUG: board_modifier.py:609: Netclass: Default, track width: 200000
DEBUG: board_modifier.py:675: Routing pad 'SW3:2' at (83502500, 33020000) with pad 'D3:2' at (86042500, 34480000) using coordinate system rotated by 0 degree(s)
INFO: board_modifier.py:494: Adding track segment (F.Cu): [(83502500, 33020000), (84582500, 33020000)]
INFO: board_modifier.py:499: Track added
INFO: board_modifier.py:494: Adding track segment (F.Cu): [(84582500, 33020000), (86042500, 34480000)]
INFO: board_modifier.py:499: Track added
INFO: key_placer.py:484: Routing SW2 with D2
INFO: key_placer.py:486: Using internal autorouter method
DEBUG: board_modifier.py:592: Routing at F.Cu layer
DEBUG: board_modifier.py:609: Netclass: Default, track width: 200000
DEBUG: board_modifier.py:675: Routing pad 'SW2:2' at (64452500, 33020000) with pad 'D2:2' at (66992500, 34480000) using coordinate system rotated by 0 degree(s)
INFO: board_modifier.py:494: Adding track segment (F.Cu): [(64452500, 33020000), (65532500, 33020000)]
INFO: board_modifier.py:499: Track added
INFO: board_modifier.py:494: Adding track segment (F.Cu): [(65532500, 33020000), (66992500, 34480000)]
INFO: board_modifier.py:499: Track added
INFO: key_placer.py:484: Routing SW1 with D1
INFO: key_placer.py:486: Using internal autorouter method
DEBUG: board_modifier.py:592: Routing at F.Cu layer
DEBUG: board_modifier.py:609: Netclass: Default, track width: 200000
DEBUG: board_modifier.py:675: Routing pad 'SW1:2' at (40640000, 33020000) with pad 'D1:2' at (43180000, 34480000) using coordinate system rotated by 0 degree(s)
INFO: board_modifier.py:494: Adding track segment (F.Cu): [(40640000, 33020000), (41720000, 33020000)]
INFO: board_modifier.py:499: Track added
INFO: board_modifier.py:494: Adding track segment (F.Cu): [(41720000, 33020000), (43180000, 34480000)]
INFO: board_modifier.py:499: Track added
DEBUG: key_placer.py:985: Routing ROW0 pads
DEBUG: board_modifier.py:592: Routing at F.Cu layer
DEBUG: board_modifier.py:609: Netclass: Default, track width: 200000
DEBUG: board_modifier.py:675: Routing pad 'D1:1' at (43180000, 42100000) with pad 'D2:1' at (66992500, 42100000) using coordinate system rotated by 0 degree(s)
INFO: board_modifier.py:494: Adding track segment (F.Cu): [(43180000, 42100000), (66992500, 42100000)]
INFO: board_modifier.py:499: Track added
DEBUG: board_modifier.py:592: Routing at F.Cu layer
DEBUG: board_modifier.py:609: Netclass: Default, track width: 200000
DEBUG: board_modifier.py:675: Routing pad 'D2:1' at (66992500, 42100000) with pad 'D3:1' at (86042500, 42100000) using coordinate system rotated by 0 degree(s)
INFO: board_modifier.py:494: Adding track segment (F.Cu): [(66992500, 42100000), (86042500, 42100000)]
INFO: board_modifier.py:499: Track added
DEBUG: board_modifier.py:592: Routing at F.Cu layer
DEBUG: board_modifier.py:609: Netclass: Default, track width: 200000
DEBUG: board_modifier.py:675: Routing pad 'D3:1' at (86042500, 42100000) with pad 'D4:1' at (105092500, 42100000) using coordinate system rotated by 0 degree(s)
INFO: board_modifier.py:494: Adding track segment (F.Cu): [(86042500, 42100000), (105092500, 42100000)]
INFO: board_modifier.py:499: Track added
DEBUG: board_modifier.py:592: Routing at F.Cu layer
DEBUG: board_modifier.py:609: Netclass: Default, track width: 200000
DEBUG: board_modifier.py:675: Routing pad 'D4:1' at (105092500, 42100000) with pad 'D5:1' at (124142500, 42100000) using coordinate system rotated by 0 degree(s)
INFO: board_modifier.py:494: Adding track segment (F.Cu): [(105092500, 42100000), (124142500, 42100000)]
INFO: board_modifier.py:499: Track added
DEBUG: board_modifier.py:592: Routing at F.Cu layer
DEBUG: board_modifier.py:609: Netclass: Default, track width: 200000
DEBUG: board_modifier.py:675: Routing pad 'D5:1' at (124142500, 42100000) with pad 'D6:1' at (147955000, 42100000) using coordinate system rotated by 0 degree(s)
INFO: board_modifier.py:494: Adding track segment (F.Cu): [(124142500, 42100000), (147955000, 42100000)]
INFO: board_modifier.py:499: Track added
DEBUG: board_modifier.py:592: Routing at F.Cu layer
DEBUG: board_modifier.py:609: Netclass: Default, track width: 200000
DEBUG: board_modifier.py:675: Routing pad 'D6:1' at (147955000, 42100000) with pad 'D7:1' at (167005000, 42100000) using coordinate system rotated by 0 degree(s)
INFO: board_modifier.py:494: Adding track segment (F.Cu): [(147955000, 42100000), (167005000, 42100000)]
INFO: board_modifier.py:499: Track added
DEBUG: board_modifier.py:592: Routing at F.Cu layer
DEBUG: board_modifier.py:609: Netclass: Default, track width: 200000
DEBUG: board_modifier.py:675: Routing pad 'D7:1' at (167005000, 42100000) with pad 'D8:1' at (186055000, 42100000) using coordinate system rotated by 0 degree(s)
INFO: board_modifier.py:494: Adding track segment (F.Cu): [(167005000, 42100000), (186055000, 42100000)]
INFO: board_modifier.py:499: Track added
DEBUG: board_modifier.py:592: Routing at F.Cu layer
DEBUG: board_modifier.py:609: Netclass: Default, track width: 200000
DEBUG: board_modifier.py:675: Routing pad 'D8:1' at (186055000, 42100000) with pad 'D9:1' at (205105000, 42100000) using coordinate system rotated by 0 degree(s)
INFO: board_modifier.py:494: Adding track segment (F.Cu): [(186055000, 42100000), (205105000, 42100000)]
INFO: board_modifier.py:499: Track added
DEBUG: board_modifier.py:592: Routing at F.Cu layer
DEBUG: board_modifier.py:609: Netclass: Default, track width: 200000
DEBUG: board_modifier.py:675: Routing pad 'D9:1' at (205105000, 42100000) with pad 'A1:12' at (248305000, 664098000) using coordinate system rotated by 0 degree(s)
DEBUG: key_placer.py:985: Routing ROW8 pads
DEBUG: board_modifier.py:592: Routing at F.Cu layer
DEBUG: board_modifier.py:609: Netclass: Default, track width: 200000
DEBUG: board_modifier.py:675: Routing pad 'D77:1' at (45561250, 142112500) with pad 'D78:1' at (69373750, 142112500) using coordinate system rotated by 0 degree(s)
INFO: board_modifier.py:494: Adding track segment (F.Cu): [(45561250, 142112500), (69373750, 142112500)]
INFO: board_modifier.py:499: Track added
DEBUG: board_modifier.py:592: Routing at F.Cu layer
DEBUG: board_modifier.py:609: Netclass: Default, track width: 200000
DEBUG: board_modifier.py:675: Routing pad 'D78:1' at (69373750, 142112500) with pad 'D79:1' at (93186250, 142112500) using coordinate system rotated by 0 degree(s)
INFO: board_modifier.py:494: Adding track segment (F.Cu): [(69373750, 142112500), (93186250, 142112500)]
INFO: board_modifier.py:499: Track added
DEBUG: board_modifier.py:592: Routing at F.Cu layer
DEBUG: board_modifier.py:609: Netclass: Default, track width: 200000
DEBUG: board_modifier.py:675: Routing pad 'D79:1' at (93186250, 142112500) with pad 'D80:1' at (164623750, 142112500) using coordinate system rotated by 0 degree(s)
INFO: board_modifier.py:494: Adding track segment (F.Cu): [(93186250, 142112500), (164623750, 142112500)]
INFO: board_modifier.py:499: Track added
DEBUG: board_modifier.py:592: Routing at F.Cu layer
DEBUG: board_modifier.py:609: Netclass: Default, track width: 200000
DEBUG: board_modifier.py:675: Routing pad 'D80:1' at (164623750, 142112500) with pad 'D81:1' at (233680000, 142112500) using coordinate system rotated by 0 degree(s)
INFO: board_modifier.py:494: Adding track segment (F.Cu): [(164623750, 142112500), (233680000, 142112500)]
INFO: board_modifier.py:499: Track added
DEBUG: board_modifier.py:592: Routing at F.Cu layer
DEBUG: board_modifier.py:609: Netclass: Default, track width: 200000
DEBUG: board_modifier.py:675: Routing pad 'D81:1' at (233680000, 142112500) with pad 'D73:1' at (238442500, 123062500) using coordinate system rotated by 0 degree(s)
INFO: board_modifier.py:494: Adding track segment (F.Cu): [(233680000, 142112500), (238442500, 137350000)]
INFO: board_modifier.py:499: Track added
INFO: board_modifier.py:494: Adding track segment (F.Cu): [(238442500, 137350000), (238442500, 123062500)]
INFO: board_modifier.py:499: Track added
DEBUG: board_modifier.py:592: Routing at F.Cu layer
DEBUG: board_modifier.py:609: Netclass: Default, track width: 200000
DEBUG: board_modifier.py:675: Routing pad 'D73:1' at (238442500, 123062500) with pad 'D74:1' at (257492500, 123062500) using coordinate system rotated by 0 degree(s)
INFO: board_modifier.py:494: Adding track segment (F.Cu): [(238442500, 123062500), (257492500, 123062500)]
INFO: board_modifier.py:499: Track added
DEBUG: board_modifier.py:592: Routing at F.Cu layer
DEBUG: board_modifier.py:609: Netclass: Default, track width: 200000
DEBUG: board_modifier.py:675: Routing pad 'D81:1' at (233680000, 142112500) with pad 'A1:22' at (266085000, 681878000) using coordinate system rotated by 0 degree(s)
DEBUG: board_modifier.py:592: Routing at F.Cu layer
DEBUG: board_modifier.py:609: Netclass: Default, track width: 200000
DEBUG: board_modifier.py:675: Routing pad 'D74:1' at (257492500, 123062500) with pad 'D75:1' at (283686250, 123062500) using coordinate system rotated by 0 degree(s)
INFO: board_modifier.py:494: Adding track segment (F.Cu): [(257492500, 123062500), (283686250, 123062500)]
INFO: board_modifier.py:499: Track added
DEBUG: board_modifier.py:592: Routing at F.Cu layer
DEBUG: board_modifier.py:609: Netclass: Default, track width: 200000
DEBUG: board_modifier.py:675: Routing pad 'D75:1' at (283686250, 123062500) with pad 'D76:1' at (314642500, 127825000) using coordinate system rotated by 0 degree(s)
INFO: board_modifier.py:494: Adding track segment (F.Cu): [(283686250, 123062500), (288448750, 127825000)]
INFO: board_modifier.py:499: Track added
INFO: board_modifier.py:494: Adding track segment (F.Cu): [(288448750, 127825000), (314642500, 127825000)]
INFO: board_modifier.py:499: Track added
DEBUG: key_placer.py:985: Routing ROW2 pads
DEBUG: board_modifier.py:592: Routing at F.Cu layer
DEBUG: board_modifier.py:609: Netclass: Default, track width: 200000
DEBUG: board_modifier.py:675: Routing pad 'D19:1' at (43180000, 65912500) with pad 'D20:1' at (62230000, 65912500) using coordinate system rotated by 0 degree(s)
INFO: board_modifier.py:494: Adding track segment (F.Cu): [(43180000, 65912500), (62230000, 65912500)]
INFO: board_modifier.py:499: Track added
DEBUG: board_modifier.py:592: Routing at F.Cu layer
DEBUG: board_modifier.py:609: Netclass: Default, track width: 200000
DEBUG: board_modifier.py:675: Routing pad 'D20:1' at (62230000, 65912500) with pad 'D21:1' at (81280000, 65912500) using coordinate system rotated by 0 degree(s)
INFO: board_modifier.py:494: Adding track segment (F.Cu): [(62230000, 65912500), (81280000, 65912500)]
INFO: board_modifier.py:499: Track added
DEBUG: board_modifier.py:592: Routing at F.Cu layer
DEBUG: board_modifier.py:609: Netclass: Default, track width: 200000
DEBUG: board_modifier.py:675: Routing pad 'D21:1' at (81280000, 65912500) with pad 'D22:1' at (100330000, 65912500) using coordinate system rotated by 0 degree(s)
INFO: board_modifier.py:494: Adding track segment (F.Cu): [(81280000, 65912500), (100330000, 65912500)]
INFO: board_modifier.py:499: Track added
DEBUG: board_modifier.py:592: Routing at F.Cu layer
DEBUG: board_modifier.py:609: Netclass: Default, track width: 200000
DEBUG: board_modifier.py:675: Routing pad 'D22:1' at (100330000, 65912500) with pad 'D23:1' at (119380000, 65912500) using coordinate system rotated by 0 degree(s)
INFO: board_modifier.py:494: Adding track segment (F.Cu): [(100330000, 65912500), (119380000, 65912500)]
INFO: board_modifier.py:499: Track added
DEBUG: board_modifier.py:592: Routing at F.Cu layer
DEBUG: board_modifier.py:609: Netclass: Default, track width: 200000
DEBUG: board_modifier.py:675: Routing pad 'D23:1' at (119380000, 65912500) with pad 'D24:1' at (138430000, 65912500) using coordinate system rotated by 0 degree(s)
INFO: board_modifier.py:494: Adding track segment (F.Cu): [(119380000, 65912500), (138430000, 65912500)]
INFO: board_modifier.py:499: Track added
DEBUG: board_modifier.py:592: Routing at F.Cu layer
DEBUG: board_modifier.py:609: Netclass: Default, track width: 200000
DEBUG: board_modifier.py:675: Routing pad 'D24:1' at (138430000, 65912500) with pad 'D25:1' at (157480000, 65912500) using coordinate system rotated by 0 degree(s)
INFO: board_modifier.py:494: Adding track segment (F.Cu): [(138430000, 65912500), (157480000, 65912500)]
INFO: board_modifier.py:499: Track added
DEBUG: board_modifier.py:592: Routing at F.Cu layer
DEBUG: board_modifier.py:609: Netclass: Default, track width: 200000
DEBUG: board_modifier.py:675: Routing pad 'D25:1' at (157480000, 65912500) with pad 'D26:1' at (176530000, 65912500) using coordinate system rotated by 0 degree(s)
INFO: board_modifier.py:494: Adding track segment (F.Cu): [(157480000, 65912500), (176530000, 65912500)]
INFO: board_modifier.py:499: Track added
DEBUG: board_modifier.py:592: Routing at F.Cu layer
DEBUG: board_modifier.py:609: Netclass: Default, track width: 200000
DEBUG: board_modifier.py:675: Routing pad 'D26:1' at (176530000, 65912500) with pad 'D27:1' at (195580000, 65912500) using coordinate system rotated by 0 degree(s)
INFO: board_modifier.py:494: Adding track segment (F.Cu): [(176530000, 65912500), (195580000, 65912500)]
INFO: board_modifier.py:499: Track added
DEBUG: board_modifier.py:592: Routing at F.Cu layer
DEBUG: board_modifier.py:609: Netclass: Default, track width: 200000
DEBUG: board_modifier.py:675: Routing pad 'D27:1' at (195580000, 65912500) with pad 'A1:15' at (248305000, 671718000) using coordinate system rotated by 0 degree(s)
DEBUG: key_placer.py:985: Routing COL2 pads
DEBUG: board_modifier.py:592: Routing at F.Cu layer
DEBUG: board_modifier.py:609: Netclass: Default, track width: 200000
DEBUG: board_modifier.py:675: Routing pad 'SW21:1' at (72390000, 59372500) with pad 'SW3:1' at (77152500, 35560000) using coordinate system rotated by 0 degree(s)
DEBUG: board_modifier.py:592: Routing at F.Cu layer
DEBUG: board_modifier.py:609: Netclass: Default, track width: 200000
DEBUG: board_modifier.py:675: Routing pad 'SW21:1' at (72390000, 59372500) with pad 'SW66:1' at (96202500, 116522500) using coordinate system rotated by 0 degree(s)
DEBUG: board_modifier.py:592: Routing at F.Cu layer
DEBUG: board_modifier.py:609: Netclass: Default, track width: 200000
DEBUG: board_modifier.py:675: Routing pad 'SW66:1' at (96202500, 116522500) with pad 'SW39:1' at (139065000, 78422500) using coordinate system rotated by 0 degree(s)
DEBUG: board_modifier.py:592: Routing at F.Cu layer
DEBUG: board_modifier.py:609: Netclass: Default, track width: 200000
DEBUG: board_modifier.py:675: Routing pad 'SW39:1' at (139065000, 78422500) with pad 'SW57:1' at (181927500, 97472500) using coordinate system rotated by 0 degree(s)
DEBUG: board_modifier.py:592: Routing at F.Cu layer
DEBUG: board_modifier.py:609: Netclass: Default, track width: 200000
DEBUG: board_modifier.py:675: Routing pad 'SW57:1' at (181927500, 97472500) with pad 'SW30:1' at (243840000, 59372500) using coordinate system rotated by 0 degree(s)
DEBUG: board_modifier.py:592: Routing at F.Cu layer
DEBUG: board_modifier.py:609: Netclass: Default, track width: 200000
DEBUG: board_modifier.py:675: Routing pad 'SW84:1' at (286702500, 140335000) with pad 'A1:4' at (248305000, 643778000) using coordinate system rotated by 0 degree(s)
INFO: board_modifier.py:494: Adding track segment (F.Cu): [(286702500, 140335000), (286702500, 605380500)]
INFO: board_modifier.py:499: Track added
INFO: board_modifier.py:494: Adding track segment (F.Cu): [(286702500, 605380500), (248305000, 643778000)]
INFO: board_modifier.py:499: Track added
DEBUG: board_modifier.py:592: Routing at F.Cu layer
DEBUG: board_modifier.py:609: Netclass: Default, track width: 200000
DEBUG: board_modifier.py:675: Routing pad 'SW30:1' at (243840000, 59372500) with pad 'SW12:1' at (258127500, 35560000) using coordinate system rotated by 0 degree(s)
INFO: board_modifier.py:494: Adding track segment (F.Cu): [(243840000, 59372500), (258127500, 45085000)]
INFO: board_modifier.py:499: Track added
INFO: board_modifier.py:494: Adding track segment (F.Cu): [(258127500, 45085000), (258127500, 35560000)]
INFO: board_modifier.py:499: Track added
DEBUG: board_modifier.py:592: Routing at F.Cu layer
DEBUG: board_modifier.py:609: Netclass: Default, track width: 200000
DEBUG: board_modifier.py:675: Routing pad 'SW30:1' at (243840000, 59372500) with pad 'SW75:1' at (274796250, 116522500) using coordinate system rotated by 0 degree(s)
DEBUG: board_modifier.py:592: Routing at F.Cu layer
DEBUG: board_modifier.py:609: Netclass: Default, track width: 200000
DEBUG: board_modifier.py:675: Routing pad 'SW75:1' at (274796250, 116522500) with pad 'SW84:1' at (286702500, 140335000) using coordinate system rotated by 0 degree(s)
DEBUG: board_modifier.py:592: Routing at F.Cu layer
DEBUG: board_modifier.py:609: Netclass: Default, track width: 200000
DEBUG: board_modifier.py:675: Routing pad 'SW75:1' at (274796250, 116522500) with pad 'SW48:1' at (343852500, 87947500) using coordinate system rotated by 0 degree(s)
DEBUG: key_placer.py:985: Routing COL1 pads
DEBUG: board_modifier.py:592: Routing at F.Cu layer
DEBUG: board_modifier.py:609: Netclass: Default, track width: 200000
DEBUG: board_modifier.py:675: Routing pad 'SW20:1' at (53340000, 59372500) with pad 'SW2:1' at (58102500, 35560000) using coordinate system rotated by 0 degree(s)
DEBUG: board_modifier.py:592: Routing at F.Cu layer
DEBUG: board_modifier.py:609: Netclass: Default, track width: 200000
DEBUG: board_modifier.py:675: Routing pad 'SW20:1' at (53340000, 59372500) with pad 'SW65:1' at (77152500, 116522500) using coordinate system rotated by 0 degree(s)
DEBUG: board_modifier.py:592: Routing at F.Cu layer
DEBUG: board_modifier.py:609: Netclass: Default, track width: 200000
DEBUG: board_modifier.py:675: Routing pad 'SW65:1' at (77152500, 116522500) with pad 'SW38:1' at (120015000, 78422500) using coordinate system rotated by 0 degree(s)
DEBUG: board_modifier.py:592: Routing at F.Cu layer
DEBUG: board_modifier.py:609: Netclass: Default, track width: 200000
DEBUG: board_modifier.py:675: Routing pad 'SW38:1' at (120015000, 78422500) with pad 'SW56:1' at (162877500, 97472500) using coordinate system rotated by 0 degree(s)
DEBUG: board_modifier.py:592: Routing at F.Cu layer
DEBUG: board_modifier.py:609: Netclass: Default, track width: 200000
DEBUG: board_modifier.py:675: Routing pad 'SW56:1' at (162877500, 97472500) with pad 'SW29:1' at (224790000, 59372500) using coordinate system rotated by 0 degree(s)
DEBUG: board_modifier.py:592: Routing at F.Cu layer
DEBUG: board_modifier.py:609: Netclass: Default, track width: 200000
DEBUG: board_modifier.py:675: Routing pad 'SW29:1' at (224790000, 59372500) with pad 'SW11:1' at (239077500, 35560000) using coordinate system rotated by 0 degree(s)
INFO: board_modifier.py:494: Adding track segment (F.Cu): [(224790000, 59372500), (239077500, 45085000)]
INFO: board_modifier.py:499: Track added
INFO: board_modifier.py:494: Adding track segment (F.Cu): [(239077500, 45085000), (239077500, 35560000)]
INFO: board_modifier.py:499: Track added
DEBUG: board_modifier.py:592: Routing at F.Cu layer
DEBUG: board_modifier.py:609: Netclass: Default, track width: 200000
DEBUG: board_modifier.py:675: Routing pad 'SW83:1' at (262890000, 135572500) with pad 'A1:2' at (248305000, 638698000) using coordinate system rotated by 0 degree(s)
INFO: board_modifier.py:494: Adding track segment (F.Cu): [(262890000, 135572500), (262890000, 624113000)]
INFO: board_modifier.py:499: Track added
INFO: board_modifier.py:494: Adding track segment (F.Cu): [(262890000, 624113000), (248305000, 638698000)]
INFO: board_modifier.py:499: Track added
DEBUG: board_modifier.py:592: Routing at F.Cu layer
DEBUG: board_modifier.py:609: Netclass: Default, track width: 200000
DEBUG: board_modifier.py:675: Routing pad 'SW29:1' at (224790000, 59372500) with pad 'SW74:1' at (248602500, 116522500) using coordinate system rotated by 0 degree(s)
DEBUG: board_modifier.py:592: Routing at F.Cu layer
DEBUG: board_modifier.py:609: Netclass: Default, track width: 200000
DEBUG: board_modifier.py:675: Routing pad 'SW74:1' at (248602500, 116522500) with pad 'SW83:1' at (262890000, 135572500) using coordinate system rotated by 0 degree(s)
DEBUG: board_modifier.py:592: Routing at F.Cu layer
DEBUG: board_modifier.py:609: Netclass: Default, track width: 200000
DEBUG: board_modifier.py:675: Routing pad 'SW74:1' at (248602500, 116522500) with pad 'SW47:1' at (296227500, 78422500) using coordinate system rotated by 0 degree(s)
DEBUG: key_placer.py:985: Routing COL6 pads
DEBUG: board_modifier.py:592: Routing at F.Cu layer
DEBUG: board_modifier.py:609: Netclass: Default, track width: 200000
WARNING: board_modifier.py:668: Could not route pads when parent footprints not rotated the same, footprint1: SW88 at -15.0 degree(s) and footprint2: SW34 at 0.0 degree(s)
DEBUG: board_modifier.py:592: Routing at F.Cu layer
DEBUG: board_modifier.py:609: Netclass: Default, track width: 200000
DEBUG: board_modifier.py:675: Routing pad 'SW52:1' at (86677500, 97472500) with pad 'SW79:1' at (84296250, 135572500) using coordinate system rotated by 0 degree(s)
DEBUG: board_modifier.py:592: Routing at F.Cu layer
DEBUG: board_modifier.py:609: Netclass: Default, track width: 200000
DEBUG: board_modifier.py:675: Routing pad 'SW34:1' at (39052500, 78422500) with pad 'SW52:1' at (86677500, 97472500) using coordinate system rotated by 0 degree(s)
DEBUG: board_modifier.py:592: Routing at F.Cu layer
DEBUG: board_modifier.py:609: Netclass: Default, track width: 200000
DEBUG: board_modifier.py:675: Routing pad 'SW52:1' at (86677500, 97472500) with pad 'SW25:1' at (148590000, 59372500) using coordinate system rotated by 0 degree(s)
DEBUG: board_modifier.py:592: Routing at F.Cu layer
DEBUG: board_modifier.py:609: Netclass: Default, track width: 200000
DEBUG: board_modifier.py:675: Routing pad 'SW25:1' at (148590000, 59372500) with pad 'SW7:1' at (158115000, 35560000) using coordinate system rotated by 0 degree(s)
DEBUG: board_modifier.py:592: Routing at F.Cu layer
DEBUG: board_modifier.py:609: Netclass: Default, track width: 200000
DEBUG: board_modifier.py:675: Routing pad 'SW25:1' at (148590000, 59372500) with pad 'SW70:1' at (172402500, 116522500) using coordinate system rotated by 0 degree(s)
DEBUG: board_modifier.py:592: Routing at F.Cu layer
DEBUG: board_modifier.py:609: Netclass: Default, track width: 200000
DEBUG: board_modifier.py:675: Routing pad 'SW70:1' at (172402500, 116522500) with pad 'SW43:1' at (215265000, 78422500) using coordinate system rotated by 0 degree(s)
DEBUG: board_modifier.py:592: Routing at F.Cu layer
DEBUG: board_modifier.py:609: Netclass: Default, track width: 200000
DEBUG: board_modifier.py:675: Routing pad 'SW70:1' at (172402500, 116522500) with pad 'A1:9' at (248305000, 656478000) using coordinate system rotated by 0 degree(s)
DEBUG: board_modifier.py:592: Routing at F.Cu layer
DEBUG: board_modifier.py:609: Netclass: Default, track width: 200000
DEBUG: board_modifier.py:675: Routing pad 'SW43:1' at (215265000, 78422500) with pad 'SW61:1' at (258127500, 97472500) using coordinate system rotated by 0 degree(s)
DEBUG: board_modifier.py:592: Routing at F.Cu layer
DEBUG: board_modifier.py:609: Netclass: Default, track width: 200000
DEBUG: board_modifier.py:675: Routing pad 'SW61:1' at (258127500, 97472500) with pad 'SW16:1' at (343852500, 35560000) using coordinate system rotated by 0 degree(s)
DEBUG: key_placer.py:985: Routing ROW4 pads
DEBUG: board_modifier.py:592: Routing at F.Cu layer
DEBUG: board_modifier.py:609: Netclass: Default, track width: 200000
DEBUG: board_modifier.py:675: Routing pad 'D37:1' at (109855000, 84962500) with pad 'D38:1' at (128905000, 84962500) using coordinate system rotated by 0 degree(s)
INFO: board_modifier.py:494: Adding track segment (F.Cu): [(109855000, 84962500), (128905000, 84962500)]
INFO: board_modifier.py:499: Track added
DEBUG: board_modifier.py:592: Routing at F.Cu layer
DEBUG: board_modifier.py:609: Netclass: Default, track width: 200000
DEBUG: board_modifier.py:675: Routing pad 'D38:1' at (128905000, 84962500) with pad 'D39:1' at (147955000, 84962500) using coordinate system rotated by 0 degree(s)
INFO: board_modifier.py:494: Adding track segment (F.Cu): [(128905000, 84962500), (147955000, 84962500)]
INFO: board_modifier.py:499: Track added
DEBUG: board_modifier.py:592: Routing at F.Cu layer
DEBUG: board_modifier.py:609: Netclass: Default, track width: 200000
DEBUG: board_modifier.py:675: Routing pad 'D39:1' at (147955000, 84962500) with pad 'D40:1' at (167005000, 84962500) using coordinate system rotated by 0 degree(s)
INFO: board_modifier.py:494: Adding track segment (F.Cu): [(147955000, 84962500), (167005000, 84962500)]
INFO: board_modifier.py:499: Track added
DEBUG: board_modifier.py:592: Routing at F.Cu layer
DEBUG: board_modifier.py:609: Netclass: Default, track width: 200000
DEBUG: board_modifier.py:675: Routing pad 'D40:1' at (167005000, 84962500) with pad 'D41:1' at (186055000, 84962500) using coordinate system rotated by 0 degree(s)
INFO: board_modifier.py:494: Adding track segment (F.Cu): [(167005000, 84962500), (186055000, 84962500)]
INFO: board_modifier.py:499: Track added
DEBUG: board_modifier.py:592: Routing at F.Cu layer
DEBUG: board_modifier.py:609: Netclass: Default, track width: 200000
DEBUG: board_modifier.py:675: Routing pad 'D41:1' at (186055000, 84962500) with pad 'D42:1' at (205105000, 84962500) using coordinate system rotated by 0 degree(s)
INFO: board_modifier.py:494: Adding track segment (F.Cu): [(186055000, 84962500), (205105000, 84962500)]
INFO: board_modifier.py:499: Track added
DEBUG: board_modifier.py:592: Routing at F.Cu layer
DEBUG: board_modifier.py:609: Netclass: Default, track width: 200000
DEBUG: board_modifier.py:675: Routing pad 'D42:1' at (205105000, 84962500) with pad 'D43:1' at (224155000, 84962500) using coordinate system rotated by 0 degree(s)
INFO: board_modifier.py:494: Adding track segment (F.Cu): [(205105000, 84962500), (224155000, 84962500)]
INFO: board_modifier.py:499: Track added
DEBUG: board_modifier.py:592: Routing at F.Cu layer
DEBUG: board_modifier.py:609: Netclass: Default, track width: 200000
DEBUG: board_modifier.py:675: Routing pad 'D43:1' at (224155000, 84962500) with pad 'D44:1' at (243205000, 84962500) using coordinate system rotated by 0 degree(s)
INFO: board_modifier.py:494: Adding track segment (F.Cu): [(224155000, 84962500), (243205000, 84962500)]
INFO: board_modifier.py:499: Track added
DEBUG: board_modifier.py:592: Routing at F.Cu layer
DEBUG: board_modifier.py:609: Netclass: Default, track width: 200000
DEBUG: board_modifier.py:675: Routing pad 'D44:1' at (243205000, 84962500) with pad 'A1:17' at (248305000, 676798000) using coordinate system rotated by 0 degree(s)
DEBUG: board_modifier.py:592: Routing at F.Cu layer
DEBUG: board_modifier.py:609: Netclass: Default, track width: 200000
DEBUG: board_modifier.py:675: Routing pad 'D44:1' at (243205000, 84962500) with pad 'D45:1' at (262255000, 84962500) using coordinate system rotated by 0 degree(s)
INFO: board_modifier.py:494: Adding track segment (F.Cu): [(243205000, 84962500), (262255000, 84962500)]
INFO: board_modifier.py:499: Track added
DEBUG: key_placer.py:985: Routing ROW3 pads
DEBUG: board_modifier.py:592: Routing at F.Cu layer
DEBUG: board_modifier.py:609: Netclass: Default, track width: 200000
DEBUG: board_modifier.py:675: Routing pad 'D34:1' at (47942500, 84962500) with pad 'D35:1' at (71755000, 84962500) using coordinate system rotated by 0 degree(s)
INFO: board_modifier.py:494: Adding track segment (F.Cu): [(47942500, 84962500), (71755000, 84962500)]
INFO: board_modifier.py:499: Track added
DEBUG: board_modifier.py:592: Routing at F.Cu layer
DEBUG: board_modifier.py:609: Netclass: Default, track width: 200000
DEBUG: board_modifier.py:675: Routing pad 'D35:1' at (71755000, 84962500) with pad 'D36:1' at (90805000, 84962500) using coordinate system rotated by 0 degree(s)
INFO: board_modifier.py:494: Adding track segment (F.Cu): [(71755000, 84962500), (90805000, 84962500)]
INFO: board_modifier.py:499: Track added
DEBUG: board_modifier.py:592: Routing at F.Cu layer
DEBUG: board_modifier.py:609: Netclass: Default, track width: 200000
DEBUG: board_modifier.py:675: Routing pad 'D36:1' at (90805000, 84962500) with pad 'D28:1' at (214630000, 65912500) using coordinate system rotated by 0 degree(s)
DEBUG: board_modifier.py:592: Routing at F.Cu layer
DEBUG: board_modifier.py:609: Netclass: Default, track width: 200000
DEBUG: board_modifier.py:675: Routing pad 'D28:1' at (214630000, 65912500) with pad 'D29:1' at (233680000, 65912500) using coordinate system rotated by 0 degree(s)
INFO: board_modifier.py:494: Adding track segment (F.Cu): [(214630000, 65912500), (233680000, 65912500)]
INFO: board_modifier.py:499: Track added
DEBUG: board_modifier.py:592: Routing at F.Cu layer
DEBUG: board_modifier.py:609: Netclass: Default, track width: 200000
DEBUG: board_modifier.py:675: Routing pad 'D33:1' at (333692500, 80200000) with pad 'A1:16' at (248305000, 674258000) using coordinate system rotated by 0 degree(s)
DEBUG: board_modifier.py:592: Routing at F.Cu layer
DEBUG: board_modifier.py:609: Netclass: Default, track width: 200000
DEBUG: board_modifier.py:675: Routing pad 'D29:1' at (233680000, 65912500) with pad 'D30:1' at (252730000, 65912500) using coordinate system rotated by 0 degree(s)
INFO: board_modifier.py:494: Adding track segment (F.Cu): [(233680000, 65912500), (252730000, 65912500)]
INFO: board_modifier.py:499: Track added
DEBUG: board_modifier.py:592: Routing at F.Cu layer
DEBUG: board_modifier.py:609: Netclass: Default, track width: 200000
DEBUG: board_modifier.py:675: Routing pad 'D30:1' at (252730000, 65912500) with pad 'D31:1' at (271780000, 65912500) using coordinate system rotated by 0 degree(s)
INFO: board_modifier.py:494: Adding track segment (F.Cu): [(252730000, 65912500), (271780000, 65912500)]
INFO: board_modifier.py:499: Track added
DEBUG: board_modifier.py:592: Routing at F.Cu layer
DEBUG: board_modifier.py:609: Netclass: Default, track width: 200000
DEBUG: board_modifier.py:675: Routing pad 'D31:1' at (271780000, 65912500) with pad 'D32:1' at (300355000, 65912500) using coordinate system rotated by 0 degree(s)
INFO: board_modifier.py:494: Adding track segment (F.Cu): [(271780000, 65912500), (300355000, 65912500)]
INFO: board_modifier.py:499: Track added
DEBUG: board_modifier.py:592: Routing at F.Cu layer
DEBUG: board_modifier.py:609: Netclass: Default, track width: 200000
DEBUG: board_modifier.py:675: Routing pad 'D32:1' at (300355000, 65912500) with pad 'D33:1' at (333692500, 80200000) using coordinate system rotated by 0 degree(s)
INFO: board_modifier.py:494: Adding track segment (F.Cu): [(300355000, 65912500), (314642500, 80200000)]
INFO: board_modifier.py:499: Track added
INFO: board_modifier.py:494: Adding track segment (F.Cu): [(314642500, 80200000), (333692500, 80200000)]
INFO: board_modifier.py:499: Track added
DEBUG: key_placer.py:985: Routing COL7 pads
DEBUG: board_modifier.py:592: Routing at F.Cu layer
DEBUG: board_modifier.py:609: Netclass: Default, track width: 200000
WARNING: board_modifier.py:668: Could not route pads when parent footprints not rotated the same, footprint1: SW17 at 0.0 degree(s) and footprint2: SW89 at -15.0 degree(s)
DEBUG: board_modifier.py:592: Routing at F.Cu layer
DEBUG: board_modifier.py:609: Netclass: Default, track width: 200000
WARNING: board_modifier.py:668: Could not route pads when parent footprints not rotated the same, footprint1: SW89 at -15.0 degree(s) and footprint2: SW35 at 0.0 degree(s)
DEBUG: board_modifier.py:592: Routing at F.Cu layer
DEBUG: board_modifier.py:609: Netclass: Default, track width: 200000
DEBUG: board_modifier.py:675: Routing pad 'SW35:1' at (62865000, 78422500) with pad 'SW53:1' at (105727500, 97472500) using coordinate system rotated by 0 degree(s)
DEBUG: board_modifier.py:592: Routing at F.Cu layer
DEBUG: board_modifier.py:609: Netclass: Default, track width: 200000
DEBUG: board_modifier.py:675: Routing pad 'SW53:1' at (105727500, 97472500) with pad 'SW80:1' at (155733750, 135572500) using coordinate system rotated by 0 degree(s)
DEBUG: board_modifier.py:592: Routing at F.Cu layer
DEBUG: board_modifier.py:609: Netclass: Default, track width: 200000
DEBUG: board_modifier.py:675: Routing pad 'SW71:1' at (191452500, 116522500) with pad 'SW26:1' at (167640000, 59372500) using coordinate system rotated by 0 degree(s)
DEBUG: board_modifier.py:592: Routing at F.Cu layer
DEBUG: board_modifier.py:609: Netclass: Default, track width: 200000
DEBUG: board_modifier.py:675: Routing pad 'SW26:1' at (167640000, 59372500) with pad 'SW8:1' at (177165000, 35560000) using coordinate system rotated by 0 degree(s)
DEBUG: board_modifier.py:592: Routing at F.Cu layer
DEBUG: board_modifier.py:609: Netclass: Default, track width: 200000
DEBUG: board_modifier.py:675: Routing pad 'SW80:1' at (155733750, 135572500) with pad 'SW71:1' at (191452500, 116522500) using coordinate system rotated by 0 degree(s)
DEBUG: board_modifier.py:592: Routing at F.Cu layer
DEBUG: board_modifier.py:609: Netclass: Default, track width: 200000
DEBUG: board_modifier.py:675: Routing pad 'SW71:1' at (191452500, 116522500) with pad 'SW44:1' at (234315000, 78422500) using coordinate system rotated by 0 degree(s)
DEBUG: board_modifier.py:592: Routing at F.Cu layer
DEBUG: board_modifier.py:609: Netclass: Default, track width: 200000
DEBUG: board_modifier.py:675: Routing pad 'SW80:1' at (155733750, 135572500) with pad 'A1:10' at (248305000, 659018000) using coordinate system rotated by 0 degree(s)
DEBUG: board_modifier.py:592: Routing at F.Cu layer
DEBUG: board_modifier.py:609: Netclass: Default, track width: 200000
DEBUG: board_modifier.py:675: Routing pad 'SW44:1' at (234315000, 78422500) with pad 'SW62:1' at (289083750, 97472500) using coordinate system rotated by 0 degree(s)
DEBUG: key_placer.py:985: Routing COL4 pads
DEBUG: board_modifier.py:592: Routing at F.Cu layer
DEBUG: board_modifier.py:609: Netclass: Default, track width: 200000
DEBUG: board_modifier.py:675: Routing pad 'SW77:1' at (36671250, 135572500) with pad 'SW50:1' at (41433750, 97472500) using coordinate system rotated by 0 degree(s)
INFO: board_modifier.py:494: Adding track segment (F.Cu): [(36671250, 135572500), (41433750, 130810000)]
INFO: board_modifier.py:499: Track added
INFO: board_modifier.py:494: Adding track segment (F.Cu): [(41433750, 130810000), (41433750, 97472500)]
INFO: board_modifier.py:499: Track added
DEBUG: board_modifier.py:592: Routing at F.Cu layer
DEBUG: board_modifier.py:609: Netclass: Default, track width: 200000
DEBUG: board_modifier.py:675: Routing pad 'SW50:1' at (41433750, 97472500) with pad 'SW23:1' at (110490000, 59372500) using coordinate system rotated by 0 degree(s)
DEBUG: board_modifier.py:592: Routing at F.Cu layer
DEBUG: board_modifier.py:609: Netclass: Default, track width: 200000
DEBUG: board_modifier.py:675: Routing pad 'SW23:1' at (110490000, 59372500) with pad 'SW5:1' at (115252500, 35560000) using coordinate system rotated by 0 degree(s)
DEBUG: board_modifier.py:592: Routing at F.Cu layer
DEBUG: board_modifier.py:609: Netclass: Default, track width: 200000
DEBUG: board_modifier.py:675: Routing pad 'SW23:1' at (110490000, 59372500) with pad 'SW68:1' at (134302500, 116522500) using coordinate system rotated by 0 degree(s)
DEBUG: board_modifier.py:592: Routing at F.Cu layer
DEBUG: board_modifier.py:609: Netclass: Default, track width: 200000
DEBUG: board_modifier.py:675: Routing pad 'SW68:1' at (134302500, 116522500) with pad 'SW41:1' at (177165000, 78422500) using coordinate system rotated by 0 degree(s)
DEBUG: board_modifier.py:592: Routing at F.Cu layer
DEBUG: board_modifier.py:609: Netclass: Default, track width: 200000
DEBUG: board_modifier.py:675: Routing pad 'SW41:1' at (177165000, 78422500) with pad 'SW59:1' at (220027500, 97472500) using coordinate system rotated by 0 degree(s)
DEBUG: board_modifier.py:592: Routing at F.Cu layer
DEBUG: board_modifier.py:609: Netclass: Default, track width: 200000
DEBUG: board_modifier.py:675: Routing pad 'SW86:1' at (324802500, 140335000) with pad 'A1:6' at (248305000, 648858000) using coordinate system rotated by 0 degree(s)
INFO: board_modifier.py:494: Adding track segment (F.Cu): [(324802500, 140335000), (324802500, 572360500)]
INFO: board_modifier.py:499: Track added
INFO: board_modifier.py:494: Adding track segment (F.Cu): [(324802500, 572360500), (248305000, 648858000)]
INFO: board_modifier.py:499: Track added
DEBUG: board_modifier.py:592: Routing at F.Cu layer
DEBUG: board_modifier.py:609: Netclass: Default, track width: 200000
DEBUG: board_modifier.py:675: Routing pad 'SW59:1' at (220027500, 97472500) with pad 'SW32:1' at (291465000, 59372500) using coordinate system rotated by 0 degree(s)
DEBUG: board_modifier.py:592: Routing at F.Cu layer
DEBUG: board_modifier.py:609: Netclass: Default, track width: 200000
DEBUG: board_modifier.py:675: Routing pad 'SW32:1' at (291465000, 59372500) with pad 'SW14:1' at (300990000, 35560000) using coordinate system rotated by 0 degree(s)
INFO: board_modifier.py:494: Adding track segment (F.Cu): [(291465000, 59372500), (300990000, 49847500)]
INFO: board_modifier.py:499: Track added
INFO: board_modifier.py:494: Adding track segment (F.Cu): [(300990000, 49847500), (300990000, 35560000)]
INFO: board_modifier.py:499: Track added
DEBUG: board_modifier.py:592: Routing at F.Cu layer
DEBUG: board_modifier.py:609: Netclass: Default, track width: 200000
DEBUG: board_modifier.py:675: Routing pad 'SW32:1' at (291465000, 59372500) with pad 'SW86:1' at (324802500, 140335000) using coordinate system rotated by 0 degree(s)
DEBUG: key_placer.py:985: Routing COL3 pads
DEBUG: board_modifier.py:592: Routing at F.Cu layer
DEBUG: board_modifier.py:609: Netclass: Default, track width: 200000
DEBUG: board_modifier.py:675: Routing pad 'SW22:1' at (91440000, 59372500) with pad 'SW4:1' at (96202500, 35560000) using coordinate system rotated by 0 degree(s)
DEBUG: board_modifier.py:592: Routing at F.Cu layer
DEBUG: board_modifier.py:609: Netclass: Default, track width: 200000
DEBUG: board_modifier.py:675: Routing pad 'SW22:1' at (91440000, 59372500) with pad 'SW67:1' at (115252500, 116522500) using coordinate system rotated by 0 degree(s)
DEBUG: board_modifier.py:592: Routing at F.Cu layer
DEBUG: board_modifier.py:609: Netclass: Default, track width: 200000
DEBUG: board_modifier.py:675: Routing pad 'SW67:1' at (115252500, 116522500) with pad 'SW40:1' at (158115000, 78422500) using coordinate system rotated by 0 degree(s)
DEBUG: board_modifier.py:592: Routing at F.Cu layer
DEBUG: board_modifier.py:609: Netclass: Default, track width: 200000
DEBUG: board_modifier.py:675: Routing pad 'SW40:1' at (158115000, 78422500) with pad 'SW58:1' at (200977500, 97472500) using coordinate system rotated by 0 degree(s)
DEBUG: board_modifier.py:592: Routing at F.Cu layer
DEBUG: board_modifier.py:609: Netclass: Default, track width: 200000
DEBUG: board_modifier.py:675: Routing pad 'SW85:1' at (305752500, 140335000) with pad 'A1:5' at (248305000, 646318000) using coordinate system rotated by 0 degree(s)
INFO: board_modifier.py:494: Adding track segment (F.Cu): [(305752500, 140335000), (305752500, 588870500)]
INFO: board_modifier.py:499: Track added
INFO: board_modifier.py:494: Adding track segment (F.Cu): [(305752500, 588870500), (248305000, 646318000)]
INFO: board_modifier.py:499: Track added
DEBUG: board_modifier.py:592: Routing at F.Cu layer
DEBUG: board_modifier.py:609: Netclass: Default, track width: 200000
DEBUG: board_modifier.py:675: Routing pad 'SW58:1' at (200977500, 97472500) with pad 'SW31:1' at (262890000, 59372500) using coordinate system rotated by 0 degree(s)
DEBUG: board_modifier.py:592: Routing at F.Cu layer
DEBUG: board_modifier.py:609: Netclass: Default, track width: 200000
DEBUG: board_modifier.py:675: Routing pad 'SW31:1' at (262890000, 59372500) with pad 'SW13:1' at (277177500, 35560000) using coordinate system rotated by 0 degree(s)
INFO: board_modifier.py:494: Adding track segment (F.Cu): [(262890000, 59372500), (277177500, 45085000)]
INFO: board_modifier.py:499: Track added
INFO: board_modifier.py:494: Adding track segment (F.Cu): [(277177500, 45085000), (277177500, 35560000)]
INFO: board_modifier.py:499: Track added
DEBUG: board_modifier.py:592: Routing at F.Cu layer
DEBUG: board_modifier.py:609: Netclass: Default, track width: 200000
DEBUG: board_modifier.py:675: Routing pad 'SW49:1' at (324802500, 92710000) with pad 'SW76:1' at (305752500, 121285000) using coordinate system rotated by 0 degree(s)
INFO: board_modifier.py:494: Adding track segment (F.Cu): [(324802500, 92710000), (324802500, 102235000)]
INFO: board_modifier.py:499: Track added
INFO: board_modifier.py:494: Adding track segment (F.Cu): [(324802500, 102235000), (305752500, 121285000)]
INFO: board_modifier.py:499: Track added
DEBUG: board_modifier.py:592: Routing at F.Cu layer
DEBUG: board_modifier.py:609: Netclass: Default, track width: 200000
DEBUG: board_modifier.py:675: Routing pad 'SW76:1' at (305752500, 121285000) with pad 'SW85:1' at (305752500, 140335000) using coordinate system rotated by 0 degree(s)
INFO: board_modifier.py:494: Adding track segment (F.Cu): [(305752500, 121285000), (305752500, 140335000)]
DEBUG: board_modifier.py:504: Could not add track segment due to detected collision
DEBUG: board_modifier.py:592: Routing at F.Cu layer
DEBUG: board_modifier.py:609: Netclass: Default, track width: 200000
DEBUG: board_modifier.py:675: Routing pad 'SW31:1' at (262890000, 59372500) with pad 'SW49:1' at (324802500, 92710000) using coordinate system rotated by 0 degree(s)
DEBUG: key_placer.py:985: Routing ROW5 pads
DEBUG: board_modifier.py:592: Routing at F.Cu layer
DEBUG: board_modifier.py:609: Netclass: Default, track width: 200000
DEBUG: board_modifier.py:675: Routing pad 'D50:1' at (50323750, 104012500) with pad 'D51:1' at (76517500, 104012500) using coordinate system rotated by 0 degree(s)
INFO: board_modifier.py:494: Adding track segment (F.Cu): [(50323750, 104012500), (76517500, 104012500)]
INFO: board_modifier.py:499: Track added
DEBUG: board_modifier.py:592: Routing at F.Cu layer
DEBUG: board_modifier.py:609: Netclass: Default, track width: 200000
DEBUG: board_modifier.py:675: Routing pad 'D51:1' at (76517500, 104012500) with pad 'D52:1' at (95567500, 104012500) using coordinate system rotated by 0 degree(s)
INFO: board_modifier.py:494: Adding track segment (F.Cu): [(76517500, 104012500), (95567500, 104012500)]
INFO: board_modifier.py:499: Track added
DEBUG: board_modifier.py:592: Routing at F.Cu layer
DEBUG: board_modifier.py:609: Netclass: Default, track width: 200000
DEBUG: board_modifier.py:675: Routing pad 'D52:1' at (95567500, 104012500) with pad 'D53:1' at (114617500, 104012500) using coordinate system rotated by 0 degree(s)
INFO: board_modifier.py:494: Adding track segment (F.Cu): [(95567500, 104012500), (114617500, 104012500)]
INFO: board_modifier.py:499: Track added
DEBUG: board_modifier.py:592: Routing at F.Cu layer
DEBUG: board_modifier.py:609: Netclass: Default, track width: 200000
DEBUG: board_modifier.py:675: Routing pad 'D53:1' at (114617500, 104012500) with pad 'D54:1' at (133667500, 104012500) using coordinate system rotated by 0 degree(s)
INFO: board_modifier.py:494: Adding track segment (F.Cu): [(114617500, 104012500), (133667500, 104012500)]
INFO: board_modifier.py:499: Track added
DEBUG: board_modifier.py:592: Routing at F.Cu layer
DEBUG: board_modifier.py:609: Netclass: Default, track width: 200000
DEBUG: board_modifier.py:675: Routing pad 'D49:1' at (333692500, 99250000) with pad 'A1:19' at (248305000, 681878000) using coordinate system rotated by 0 degree(s)
DEBUG: board_modifier.py:592: Routing at F.Cu layer
DEBUG: board_modifier.py:609: Netclass: Default, track width: 200000
DEBUG: board_modifier.py:675: Routing pad 'D54:1' at (133667500, 104012500) with pad 'D46:1' at (281305000, 84962500) using coordinate system rotated by 0 degree(s)
DEBUG: board_modifier.py:592: Routing at F.Cu layer
DEBUG: board_modifier.py:609: Netclass: Default, track width: 200000
DEBUG: board_modifier.py:675: Routing pad 'D46:1' at (281305000, 84962500) with pad 'D47:1' at (305117500, 84962500) using coordinate system rotated by 0 degree(s)
INFO: board_modifier.py:494: Adding track segment (F.Cu): [(281305000, 84962500), (305117500, 84962500)]
INFO: board_modifier.py:499: Track added
DEBUG: board_modifier.py:592: Routing at F.Cu layer
DEBUG: board_modifier.py:609: Netclass: Default, track width: 200000
DEBUG: board_modifier.py:675: Routing pad 'D47:1' at (305117500, 84962500) with pad 'D49:1' at (333692500, 99250000) using coordinate system rotated by 0 degree(s)
DEBUG: board_modifier.py:592: Routing at F.Cu layer
DEBUG: board_modifier.py:609: Netclass: Default, track width: 200000
DEBUG: board_modifier.py:675: Routing pad 'D49:1' at (333692500, 99250000) with pad 'D48:1' at (352742500, 94487500) using coordinate system rotated by 0 degree(s)
INFO: board_modifier.py:494: Adding track segment (F.Cu): [(333692500, 99250000), (347980000, 99250000)]
INFO: board_modifier.py:499: Track added
INFO: board_modifier.py:494: Adding track segment (F.Cu): [(347980000, 99250000), (352742500, 94487500)]
INFO: board_modifier.py:499: Track added
DEBUG: key_placer.py:985: Routing COL0 pads
DEBUG: board_modifier.py:592: Routing at F.Cu layer
DEBUG: board_modifier.py:609: Netclass: Default, track width: 200000
DEBUG: board_modifier.py:675: Routing pad 'SW1:1' at (34290000, 35560000) with pad 'SW19:1' at (34290000, 59372500) using coordinate system rotated by 0 degree(s)
INFO: board_modifier.py:494: Adding track segment (F.Cu): [(34290000, 35560000), (34290000, 59372500)]
INFO: board_modifier.py:499: Track added
DEBUG: board_modifier.py:592: Routing at F.Cu layer
DEBUG: board_modifier.py:609: Netclass: Default, track width: 200000
DEBUG: board_modifier.py:675: Routing pad 'SW19:1' at (34290000, 59372500) with pad 'SW64:1' at (46196250, 116522500) using coordinate system rotated by 0 degree(s)
DEBUG: board_modifier.py:592: Routing at F.Cu layer
DEBUG: board_modifier.py:609: Netclass: Default, track width: 200000
DEBUG: board_modifier.py:675: Routing pad 'SW64:1' at (46196250, 116522500) with pad 'SW37:1' at (100965000, 78422500) using coordinate system rotated by 0 degree(s)
DEBUG: board_modifier.py:592: Routing at F.Cu layer
DEBUG: board_modifier.py:609: Netclass: Default, track width: 200000
DEBUG: board_modifier.py:675: Routing pad 'SW37:1' at (100965000, 78422500) with pad 'SW55:1' at (143827500, 97472500) using coordinate system rotated by 0 degree(s)
DEBUG: board_modifier.py:592: Routing at F.Cu layer
DEBUG: board_modifier.py:609: Netclass: Default, track width: 200000
DEBUG: board_modifier.py:675: Routing pad 'SW55:1' at (143827500, 97472500) with pad 'SW28:1' at (205740000, 59372500) using coordinate system rotated by 0 degree(s)
DEBUG: board_modifier.py:592: Routing at F.Cu layer
DEBUG: board_modifier.py:609: Netclass: Default, track width: 200000
DEBUG: board_modifier.py:675: Routing pad 'SW28:1' at (205740000, 59372500) with pad 'SW10:1' at (220027500, 35560000) using coordinate system rotated by 0 degree(s)
INFO: board_modifier.py:494: Adding track segment (F.Cu): [(205740000, 59372500), (220027500, 45085000)]
INFO: board_modifier.py:499: Track added
INFO: board_modifier.py:494: Adding track segment (F.Cu): [(220027500, 45085000), (220027500, 35560000)]
INFO: board_modifier.py:499: Track added
DEBUG: board_modifier.py:592: Routing at F.Cu layer
DEBUG: board_modifier.py:609: Netclass: Default, track width: 200000
DEBUG: board_modifier.py:675: Routing pad 'SW28:1' at (205740000, 59372500) with pad 'SW73:1' at (229552500, 116522500) using coordinate system rotated by 0 degree(s)
DEBUG: board_modifier.py:592: Routing at F.Cu layer
DEBUG: board_modifier.py:609: Netclass: Default, track width: 200000
DEBUG: board_modifier.py:675: Routing pad 'SW73:1' at (229552500, 116522500) with pad 'SW82:1' at (243840000, 135572500) using coordinate system rotated by 0 degree(s)
DEBUG: board_modifier.py:592: Routing at F.Cu layer
DEBUG: board_modifier.py:609: Netclass: Default, track width: 200000
DEBUG: board_modifier.py:675: Routing pad 'SW82:1' at (243840000, 135572500) with pad 'A1:1' at (248305000, 636158000) using coordinate system rotated by 0 degree(s)
INFO: board_modifier.py:494: Adding track segment (F.Cu): [(243840000, 135572500), (243840000, 631693000)]
INFO: board_modifier.py:499: Track added
INFO: board_modifier.py:494: Adding track segment (F.Cu): [(243840000, 631693000), (248305000, 636158000)]
INFO: board_modifier.py:499: Track added
DEBUG: board_modifier.py:592: Routing at F.Cu layer
DEBUG: board_modifier.py:609: Netclass: Default, track width: 200000
DEBUG: board_modifier.py:675: Routing pad 'SW73:1' at (229552500, 116522500) with pad 'SW46:1' at (272415000, 78422500) using coordinate system rotated by 0 degree(s)
DEBUG: key_placer.py:985: Routing ROW1 pads
DEBUG: board_modifier.py:592: Routing at F.Cu layer
DEBUG: board_modifier.py:609: Netclass: Default, track width: 200000
DEBUG: board_modifier.py:675: Routing pad 'D18:1' at (-80645000, 61150000) with pad 'D17:1' at (-52070000, 46862500) using coordinate system rotated by 0 degree(s)
INFO: board_modifier.py:494: Adding track segment (F.Cu): [(-80645000, 61150000), (-66357500, 61150000)]
INFO: board_modifier.py:499: Track added
INFO: board_modifier.py:494: Adding track segment (F.Cu): [(-66357500, 61150000), (-52070000, 46862500)]
INFO: board_modifier.py:499: Track added
DEBUG: board_modifier.py:592: Routing at F.Cu layer
DEBUG: board_modifier.py:609: Netclass: Default, track width: 200000
DEBUG: board_modifier.py:675: Routing pad 'D17:1' at (-52070000, 46862500) with pad 'D10:1' at (228917500, 42100000) using coordinate system rotated by 0 degree(s)
DEBUG: board_modifier.py:592: Routing at F.Cu layer
DEBUG: board_modifier.py:609: Netclass: Default, track width: 200000
DEBUG: board_modifier.py:675: Routing pad 'D10:1' at (228917500, 42100000) with pad 'D11:1' at (247967500, 42100000) using coordinate system rotated by 0 degree(s)
INFO: board_modifier.py:494: Adding track segment (F.Cu): [(228917500, 42100000), (247967500, 42100000)]
DEBUG: board_modifier.py:504: Could not add track segment due to detected collision
DEBUG: board_modifier.py:592: Routing at F.Cu layer
DEBUG: board_modifier.py:609: Netclass: Default, track width: 200000
DEBUG: board_modifier.py:675: Routing pad 'D11:1' at (247967500, 42100000) with pad 'A1:14' at (248305000, 669178000) using coordinate system rotated by 0 degree(s)
DEBUG: board_modifier.py:592: Routing at F.Cu layer
DEBUG: board_modifier.py:609: Netclass: Default, track width: 200000
DEBUG: board_modifier.py:675: Routing pad 'D11:1' at (247967500, 42100000) with pad 'D12:1' at (267017500, 42100000) using coordinate system rotated by 0 degree(s)
INFO: board_modifier.py:494: Adding track segment (F.Cu): [(247967500, 42100000), (267017500, 42100000)]
DEBUG: board_modifier.py:504: Could not add track segment due to detected collision
DEBUG: board_modifier.py:592: Routing at F.Cu layer
DEBUG: board_modifier.py:609: Netclass: Default, track width: 200000
DEBUG: board_modifier.py:675: Routing pad 'D12:1' at (267017500, 42100000) with pad 'D13:1' at (286067500, 42100000) using coordinate system rotated by 0 degree(s)
INFO: board_modifier.py:494: Adding track segment (F.Cu): [(267017500, 42100000), (286067500, 42100000)]
DEBUG: board_modifier.py:504: Could not add track segment due to detected collision
DEBUG: board_modifier.py:592: Routing at F.Cu layer
DEBUG: board_modifier.py:609: Netclass: Default, track width: 200000
DEBUG: board_modifier.py:675: Routing pad 'D13:1' at (286067500, 42100000) with pad 'D14:1' at (309880000, 42100000) using coordinate system rotated by 0 degree(s)
INFO: board_modifier.py:494: Adding track segment (F.Cu): [(286067500, 42100000), (309880000, 42100000)]
DEBUG: board_modifier.py:504: Could not add track segment due to detected collision
DEBUG: board_modifier.py:592: Routing at F.Cu layer
DEBUG: board_modifier.py:609: Netclass: Default, track width: 200000
DEBUG: board_modifier.py:675: Routing pad 'D14:1' at (309880000, 42100000) with pad 'D15:1' at (333692500, 42100000) using coordinate system rotated by 0 degree(s)
INFO: board_modifier.py:494: Adding track segment (F.Cu): [(309880000, 42100000), (333692500, 42100000)]
INFO: board_modifier.py:499: Track added
DEBUG: board_modifier.py:592: Routing at F.Cu layer
DEBUG: board_modifier.py:609: Netclass: Default, track width: 200000
DEBUG: board_modifier.py:675: Routing pad 'D15:1' at (333692500, 42100000) with pad 'D16:1' at (352742500, 42100000) using coordinate system rotated by 0 degree(s)
INFO: board_modifier.py:494: Adding track segment (F.Cu): [(333692500, 42100000), (352742500, 42100000)]
INFO: board_modifier.py:499: Track added
DEBUG: key_placer.py:985: Routing COL5 pads
DEBUG: board_modifier.py:592: Routing at F.Cu layer
DEBUG: board_modifier.py:609: Netclass: Default, track width: 200000
DEBUG: board_modifier.py:675: Routing pad 'SW51:1' at (67627500, 97472500) with pad 'SW78:1' at (60483750, 135572500) using coordinate system rotated by 0 degree(s)
DEBUG: board_modifier.py:592: Routing at F.Cu layer
DEBUG: board_modifier.py:609: Netclass: Default, track width: 200000
WARNING: board_modifier.py:668: Could not route pads when parent footprints not rotated the same, footprint1: SW87 at -15.0 degree(s) and footprint2: SW51 at 0.0 degree(s)
DEBUG: board_modifier.py:592: Routing at F.Cu layer
DEBUG: board_modifier.py:609: Netclass: Default, track width: 200000
DEBUG: board_modifier.py:675: Routing pad 'SW51:1' at (67627500, 97472500) with pad 'SW24:1' at (129540000, 59372500) using coordinate system rotated by 0 degree(s)
DEBUG: board_modifier.py:592: Routing at F.Cu layer
DEBUG: board_modifier.py:609: Netclass: Default, track width: 200000
DEBUG: board_modifier.py:675: Routing pad 'SW24:1' at (129540000, 59372500) with pad 'SW6:1' at (139065000, 35560000) using coordinate system rotated by 0 degree(s)
DEBUG: board_modifier.py:592: Routing at F.Cu layer
DEBUG: board_modifier.py:609: Netclass: Default, track width: 200000
DEBUG: board_modifier.py:675: Routing pad 'SW24:1' at (129540000, 59372500) with pad 'SW69:1' at (153352500, 116522500) using coordinate system rotated by 0 degree(s)
DEBUG: board_modifier.py:592: Routing at F.Cu layer
DEBUG: board_modifier.py:609: Netclass: Default, track width: 200000
DEBUG: board_modifier.py:675: Routing pad 'SW69:1' at (153352500, 116522500) with pad 'SW42:1' at (196215000, 78422500) using coordinate system rotated by 0 degree(s)
DEBUG: board_modifier.py:592: Routing at F.Cu layer
DEBUG: board_modifier.py:609: Netclass: Default, track width: 200000
DEBUG: board_modifier.py:675: Routing pad 'SW42:1' at (196215000, 78422500) with pad 'SW60:1' at (239077500, 97472500) using coordinate system rotated by 0 degree(s)
DEBUG: board_modifier.py:592: Routing at F.Cu layer
DEBUG: board_modifier.py:609: Netclass: Default, track width: 200000
DEBUG: board_modifier.py:675: Routing pad 'SW69:1' at (153352500, 116522500) with pad 'A1:7' at (248305000, 651398000) using coordinate system rotated by 0 degree(s)
DEBUG: board_modifier.py:592: Routing at F.Cu layer
DEBUG: board_modifier.py:609: Netclass: Default, track width: 200000
DEBUG: board_modifier.py:675: Routing pad 'SW33:1' at (324802500, 73660000) with pad 'SW15:1' at (324802500, 35560000) using coordinate system rotated by 0 degree(s)
INFO: board_modifier.py:494: Adding track segment (F.Cu): [(324802500, 73660000), (324802500, 35560000)]
DEBUG: board_modifier.py:504: Could not add track segment due to detected collision
DEBUG: board_modifier.py:592: Routing at F.Cu layer
DEBUG: board_modifier.py:609: Netclass: Default, track width: 200000
DEBUG: board_modifier.py:675: Routing pad 'SW60:1' at (239077500, 97472500) with pad 'SW33:1' at (324802500, 73660000) using coordinate system rotated by 0 degree(s)
DEBUG: key_placer.py:985: Routing ROW7 pads
DEBUG: board_modifier.py:592: Routing at F.Cu layer
DEBUG: board_modifier.py:609: Netclass: Default, track width: 200000
DEBUG: board_modifier.py:675: Routing pad 'D64:1' at (55086250, 123062500) with pad 'D65:1' at (86042500, 123062500) using coordinate system rotated by 0 degree(s)
INFO: board_modifier.py:494: Adding track segment (F.Cu): [(55086250, 123062500), (86042500, 123062500)]
INFO: board_modifier.py:499: Track added
DEBUG: board_modifier.py:592: Routing at F.Cu layer
DEBUG: board_modifier.py:609: Netclass: Default, track width: 200000
DEBUG: board_modifier.py:675: Routing pad 'D65:1' at (86042500, 123062500) with pad 'D66:1' at (105092500, 123062500) using coordinate system rotated by 0 degree(s)
INFO: board_modifier.py:494: Adding track segment (F.Cu): [(86042500, 123062500), (105092500, 123062500)]
INFO: board_modifier.py:499: Track added
DEBUG: board_modifier.py:592: Routing at F.Cu layer
DEBUG: board_modifier.py:609: Netclass: Default, track width: 200000
DEBUG: board_modifier.py:675: Routing pad 'D66:1' at (105092500, 123062500) with pad 'D67:1' at (124142500, 123062500) using coordinate system rotated by 0 degree(s)
INFO: board_modifier.py:494: Adding track segment (F.Cu): [(105092500, 123062500), (124142500, 123062500)]
INFO: board_modifier.py:499: Track added
DEBUG: board_modifier.py:592: Routing at F.Cu layer
DEBUG: board_modifier.py:609: Netclass: Default, track width: 200000
DEBUG: board_modifier.py:675: Routing pad 'D67:1' at (124142500, 123062500) with pad 'D68:1' at (143192500, 123062500) using coordinate system rotated by 0 degree(s)
INFO: board_modifier.py:494: Adding track segment (F.Cu): [(124142500, 123062500), (143192500, 123062500)]
INFO: board_modifier.py:499: Track added
DEBUG: board_modifier.py:592: Routing at F.Cu layer
DEBUG: board_modifier.py:609: Netclass: Default, track width: 200000
DEBUG: board_modifier.py:675: Routing pad 'D68:1' at (143192500, 123062500) with pad 'D69:1' at (162242500, 123062500) using coordinate system rotated by 0 degree(s)
INFO: board_modifier.py:494: Adding track segment (F.Cu): [(143192500, 123062500), (162242500, 123062500)]
INFO: board_modifier.py:499: Track added
DEBUG: board_modifier.py:592: Routing at F.Cu layer
DEBUG: board_modifier.py:609: Netclass: Default, track width: 200000
DEBUG: board_modifier.py:675: Routing pad 'D69:1' at (162242500, 123062500) with pad 'D70:1' at (181292500, 123062500) using coordinate system rotated by 0 degree(s)
INFO: board_modifier.py:494: Adding track segment (F.Cu): [(162242500, 123062500), (181292500, 123062500)]
INFO: board_modifier.py:499: Track added
DEBUG: board_modifier.py:592: Routing at F.Cu layer
DEBUG: board_modifier.py:609: Netclass: Default, track width: 200000
DEBUG: board_modifier.py:675: Routing pad 'D70:1' at (181292500, 123062500) with pad 'D71:1' at (200342500, 123062500) using coordinate system rotated by 0 degree(s)
INFO: board_modifier.py:494: Adding track segment (F.Cu): [(181292500, 123062500), (200342500, 123062500)]
INFO: board_modifier.py:499: Track added
DEBUG: board_modifier.py:592: Routing at F.Cu layer
DEBUG: board_modifier.py:609: Netclass: Default, track width: 200000
DEBUG: board_modifier.py:675: Routing pad 'D71:1' at (200342500, 123062500) with pad 'D72:1' at (219392500, 123062500) using coordinate system rotated by 0 degree(s)
INFO: board_modifier.py:494: Adding track segment (F.Cu): [(200342500, 123062500), (219392500, 123062500)]
INFO: board_modifier.py:499: Track added
DEBUG: board_modifier.py:592: Routing at F.Cu layer
DEBUG: board_modifier.py:609: Netclass: Default, track width: 200000
DEBUG: board_modifier.py:675: Routing pad 'D72:1' at (219392500, 123062500) with pad 'A1:21' at (266085000, 684418000) using coordinate system rotated by 0 degree(s)
DEBUG: key_placer.py:985: Routing ROW9 pads
DEBUG: board_modifier.py:592: Routing at F.Cu layer
DEBUG: board_modifier.py:609: Netclass: Default, track width: 200000
WARNING: board_modifier.py:668: Could not route pads when parent footprints not rotated the same, footprint1: D90 at 105.0 degree(s) and footprint2: D88 at 75.0 degree(s)
DEBUG: board_modifier.py:592: Routing at F.Cu layer
DEBUG: board_modifier.py:609: Netclass: Default, track width: 200000
DEBUG: board_modifier.py:675: Routing pad 'D88:1' at (-23746877, 77862534) with pad 'D87:1' at (-18816374, 59461647) using coordinate system rotated by 285.0 degree(s)
DEBUG: board_modifier.py:592: Routing at F.Cu layer
DEBUG: board_modifier.py:609: Netclass: Default, track width: 200000
DEBUG: board_modifier.py:675: Routing pad 'D88:1' at (-23746877, 77862534) with pad 'D89:1' at (18227182, 123622969) using coordinate system rotated by 285.0 degree(s)
DEBUG: board_modifier.py:592: Routing at F.Cu layer
DEBUG: board_modifier.py:609: Netclass: Default, track width: 200000
WARNING: board_modifier.py:668: Could not route pads when parent footprints not rotated the same, footprint1: D89 at 75.0 degree(s) and footprint2: D82 at 90.0 degree(s)
DEBUG: board_modifier.py:592: Routing at F.Cu layer
DEBUG: board_modifier.py:609: Netclass: Default, track width: 200000
DEBUG: board_modifier.py:675: Routing pad 'D84:1' at (295592500, 146875000) with pad 'A1:24' at (266085000, 676798000) using coordinate system rotated by 0 degree(s)
DEBUG: board_modifier.py:592: Routing at F.Cu layer
DEBUG: board_modifier.py:609: Netclass: Default, track width: 200000
DEBUG: board_modifier.py:675: Routing pad 'D82:1' at (252730000, 142112500) with pad 'D83:1' at (271780000, 142112500) using coordinate system rotated by 0 degree(s)
INFO: board_modifier.py:494: Adding track segment (F.Cu): [(252730000, 142112500), (271780000, 142112500)]
DEBUG: board_modifier.py:504: Could not add track segment due to detected collision
DEBUG: board_modifier.py:592: Routing at F.Cu layer
DEBUG: board_modifier.py:609: Netclass: Default, track width: 200000
DEBUG: board_modifier.py:675: Routing pad 'D83:1' at (271780000, 142112500) with pad 'D84:1' at (295592500, 146875000) using coordinate system rotated by 0 degree(s)
DEBUG: board_modifier.py:592: Routing at F.Cu layer
DEBUG: board_modifier.py:609: Netclass: Default, track width: 200000
DEBUG: board_modifier.py:675: Routing pad 'D84:1' at (295592500, 146875000) with pad 'D85:1' at (314642500, 146875000) using coordinate system rotated by 0 degree(s)
INFO: board_modifier.py:494: Adding track segment (F.Cu): [(295592500, 146875000), (314642500, 146875000)]
DEBUG: board_modifier.py:504: Could not add track segment due to detected collision
DEBUG: board_modifier.py:592: Routing at F.Cu layer
DEBUG: board_modifier.py:609: Netclass: Default, track width: 200000
DEBUG: board_modifier.py:675: Routing pad 'D85:1' at (314642500, 146875000) with pad 'D86:1' at (333692500, 146875000) using coordinate system rotated by 0 degree(s)
INFO: board_modifier.py:494: Adding track segment (F.Cu): [(314642500, 146875000), (333692500, 146875000)]
DEBUG: board_modifier.py:504: Could not add track segment due to detected collision
DEBUG: key_placer.py:985: Routing ROW6 pads
DEBUG: board_modifier.py:592: Routing at F.Cu layer
DEBUG: board_modifier.py:609: Netclass: Default, track width: 200000
DEBUG: board_modifier.py:675: Routing pad 'D63:1' at (-4445000, 118300000) with pad 'D55:1' at (152717500, 104012500) using coordinate system rotated by 0 degree(s)
DEBUG: board_modifier.py:592: Routing at F.Cu layer
DEBUG: board_modifier.py:609: Netclass: Default, track width: 200000
DEBUG: board_modifier.py:675: Routing pad 'D55:1' at (152717500, 104012500) with pad 'D56:1' at (171767500, 104012500) using coordinate system rotated by 0 degree(s)
INFO: board_modifier.py:494: Adding track segment (F.Cu): [(152717500, 104012500), (171767500, 104012500)]
INFO: board_modifier.py:499: Track added
DEBUG: board_modifier.py:592: Routing at F.Cu layer
DEBUG: board_modifier.py:609: Netclass: Default, track width: 200000
DEBUG: board_modifier.py:675: Routing pad 'D56:1' at (171767500, 104012500) with pad 'D57:1' at (190817500, 104012500) using coordinate system rotated by 0 degree(s)
INFO: board_modifier.py:494: Adding track segment (F.Cu): [(171767500, 104012500), (190817500, 104012500)]
INFO: board_modifier.py:499: Track added
DEBUG: board_modifier.py:592: Routing at F.Cu layer
DEBUG: board_modifier.py:609: Netclass: Default, track width: 200000
DEBUG: board_modifier.py:675: Routing pad 'D57:1' at (190817500, 104012500) with pad 'D58:1' at (209867500, 104012500) using coordinate system rotated by 0 degree(s)
INFO: board_modifier.py:494: Adding track segment (F.Cu): [(190817500, 104012500), (209867500, 104012500)]
INFO: board_modifier.py:499: Track added
DEBUG: board_modifier.py:592: Routing at F.Cu layer
DEBUG: board_modifier.py:609: Netclass: Default, track width: 200000
DEBUG: board_modifier.py:675: Routing pad 'D58:1' at (209867500, 104012500) with pad 'D59:1' at (228917500, 104012500) using coordinate system rotated by 0 degree(s)
INFO: board_modifier.py:494: Adding track segment (F.Cu): [(209867500, 104012500), (228917500, 104012500)]
INFO: board_modifier.py:499: Track added
DEBUG: board_modifier.py:592: Routing at F.Cu layer
DEBUG: board_modifier.py:609: Netclass: Default, track width: 200000
DEBUG: board_modifier.py:675: Routing pad 'D59:1' at (228917500, 104012500) with pad 'D60:1' at (247967500, 104012500) using coordinate system rotated by 0 degree(s)
INFO: board_modifier.py:494: Adding track segment (F.Cu): [(228917500, 104012500), (247967500, 104012500)]
INFO: board_modifier.py:499: Track added
DEBUG: board_modifier.py:592: Routing at F.Cu layer
DEBUG: board_modifier.py:609: Netclass: Default, track width: 200000
DEBUG: board_modifier.py:675: Routing pad 'D60:1' at (247967500, 104012500) with pad 'A1:20' at (248305000, 684418000) using coordinate system rotated by 0 degree(s)
DEBUG: board_modifier.py:592: Routing at F.Cu layer
DEBUG: board_modifier.py:609: Netclass: Default, track width: 200000
DEBUG: board_modifier.py:675: Routing pad 'D60:1' at (247967500, 104012500) with pad 'D61:1' at (267017500, 104012500) using coordinate system rotated by 0 degree(s)
INFO: board_modifier.py:494: Adding track segment (F.Cu): [(247967500, 104012500), (267017500, 104012500)]
INFO: board_modifier.py:499: Track added
DEBUG: board_modifier.py:592: Routing at F.Cu layer
DEBUG: board_modifier.py:609: Netclass: Default, track width: 200000
DEBUG: board_modifier.py:675: Routing pad 'D61:1' at (267017500, 104012500) with pad 'D62:1' at (297973750, 104012500) using coordinate system rotated by 0 degree(s)
INFO: board_modifier.py:494: Adding track segment (F.Cu): [(267017500, 104012500), (297973750, 104012500)]
INFO: board_modifier.py:499: Track added
DEBUG: key_placer.py:985: Routing COL8 pads
DEBUG: board_modifier.py:592: Routing at F.Cu layer
DEBUG: board_modifier.py:609: Netclass: Default, track width: 200000
WARNING: board_modifier.py:668: Could not route pads when parent footprints not rotated the same, footprint1: SW90 at 15.0 degree(s) and footprint2: SW18 at 0.0 degree(s)
DEBUG: board_modifier.py:592: Routing at F.Cu layer
DEBUG: board_modifier.py:609: Netclass: Default, track width: 200000
DEBUG: board_modifier.py:675: Routing pad 'SW18:1' at (-89535000, 54610000) with pad 'SW63:1' at (-13335000, 111760000) using coordinate system rotated by 0 degree(s)
DEBUG: board_modifier.py:592: Routing at F.Cu layer
DEBUG: board_modifier.py:609: Netclass: Default, track width: 200000
DEBUG: board_modifier.py:675: Routing pad 'SW63:1' at (-13335000, 111760000) with pad 'SW36:1' at (81915000, 78422500) using coordinate system rotated by 0 degree(s)
DEBUG: board_modifier.py:592: Routing at F.Cu layer
DEBUG: board_modifier.py:609: Netclass: Default, track width: 200000
DEBUG: board_modifier.py:675: Routing pad 'SW36:1' at (81915000, 78422500) with pad 'SW54:1' at (124777500, 97472500) using coordinate system rotated by 0 degree(s)
DEBUG: board_modifier.py:592: Routing at F.Cu layer
DEBUG: board_modifier.py:609: Netclass: Default, track width: 200000
DEBUG: board_modifier.py:675: Routing pad 'SW54:1' at (124777500, 97472500) with pad 'SW27:1' at (186690000, 59372500) using coordinate system rotated by 0 degree(s)
DEBUG: board_modifier.py:592: Routing at F.Cu layer
DEBUG: board_modifier.py:609: Netclass: Default, track width: 200000
DEBUG: board_modifier.py:675: Routing pad 'SW27:1' at (186690000, 59372500) with pad 'SW9:1' at (196215000, 35560000) using coordinate system rotated by 0 degree(s)
DEBUG: board_modifier.py:592: Routing at F.Cu layer
DEBUG: board_modifier.py:609: Netclass: Default, track width: 200000
DEBUG: board_modifier.py:675: Routing pad 'SW27:1' at (186690000, 59372500) with pad 'SW72:1' at (210502500, 116522500) using coordinate system rotated by 0 degree(s)
DEBUG: board_modifier.py:592: Routing at F.Cu layer
DEBUG: board_modifier.py:609: Netclass: Default, track width: 200000
DEBUG: board_modifier.py:675: Routing pad 'SW72:1' at (210502500, 116522500) with pad 'SW81:1' at (224790000, 135572500) using coordinate system rotated by 0 degree(s)
DEBUG: board_modifier.py:592: Routing at F.Cu layer
DEBUG: board_modifier.py:609: Netclass: Default, track width: 200000
DEBUG: board_modifier.py:675: Routing pad 'SW81:1' at (224790000, 135572500) with pad 'A1:11' at (248305000, 661558000) using coordinate system rotated by 0 degree(s)
DEBUG: board_modifier.py:592: Routing at F.Cu layer
DEBUG: board_modifier.py:609: Netclass: Default, track width: 200000
DEBUG: board_modifier.py:675: Routing pad 'SW72:1' at (210502500, 116522500) with pad 'SW45:1' at (253365000, 78422500) using coordinate system rotated by 0 degree(s)
INFO: key_placer.py:518: Removing dangling tracks
