ISO-10303-21;
HEADER;
/* Generated by software containing ST-Developer
 * from STEP Tools, Inc. (www.steptools.com) 
 */
/* OPTION: using custom renumber hook */

FILE_DESCRIPTION(
/* description */ ('STEP AP242 Edition 2',
'CAx-IF Rec.Pracs.---Representation and Presentation of Product Manufa
cturing Information (PMI)---4.0---2014-10-13',
'CAx-IF Rec.Pracs.---3D Tessellated Geometry---0.4---2014-09-14','2;1',
'CAx-IF Rec.Pracs.---User Defined Attributes---1.5---2016-08-15'),
/* implementation_level */ '2;1');

FILE_NAME(
/* name */ '6a3b1c6daeaae844bfae32c1',
/* time_stamp */ '2026-06-23T23:53:17Z',
/* author */ (''),
/* organization */ (''),
/* preprocessor_version */ 'ST-DEVELOPER v20',
/* originating_system */ 'ONSHAPE BY PTC INC, 1.216',
/* authorisation */ '  ');

FILE_SCHEMA (('AP242_MANAGED_MODEL_BASED_3D_ENGINEERING_MIM_LF { 1 0 10303 442 3 1 4 }'));
ENDSEC;

DATA;
#10=CONTEXT_DEPENDENT_SHAPE_REPRESENTATION(#18,#2758);
#11=CONTEXT_DEPENDENT_SHAPE_REPRESENTATION(#19,#2761);
#12=CONTEXT_DEPENDENT_SHAPE_REPRESENTATION(#20,#2762);
#13=CONTEXT_DEPENDENT_SHAPE_REPRESENTATION(#21,#2763);
#14=NEXT_ASSEMBLY_USAGE_OCCURRENCE('NAUO1','DSA 1u v2','DSA 1u v2',#2764,
#2765,'');
#15=NEXT_ASSEMBLY_USAGE_OCCURRENCE('NAUO2','MX Mount v1','MX Mount v1',
#2766,#2767,'');
#16=NEXT_ASSEMBLY_USAGE_OCCURRENCE('NAUO3','DSA 1u v2','DSA 1u v2',#2766,
#2765,'');
#17=NEXT_ASSEMBLY_USAGE_OCCURRENCE('NAUO4','DSA 1u v2 <1>',
'DSA 1u v2 <1>',#2764,#2766,'');
#18=(
REPRESENTATION_RELATIONSHIP(' ',' ',#1306,#1305)
REPRESENTATION_RELATIONSHIP_WITH_TRANSFORMATION(#22)
SHAPE_REPRESENTATION_RELATIONSHIP()
);
#19=(
REPRESENTATION_RELATIONSHIP(' ',' ',#1308,#1307)
REPRESENTATION_RELATIONSHIP_WITH_TRANSFORMATION(#23)
SHAPE_REPRESENTATION_RELATIONSHIP()
);
#20=(
REPRESENTATION_RELATIONSHIP(' ',' ',#1306,#1307)
REPRESENTATION_RELATIONSHIP_WITH_TRANSFORMATION(#24)
SHAPE_REPRESENTATION_RELATIONSHIP()
);
#21=(
REPRESENTATION_RELATIONSHIP(' ',' ',#1307,#1305)
REPRESENTATION_RELATIONSHIP_WITH_TRANSFORMATION(#25)
SHAPE_REPRESENTATION_RELATIONSHIP()
);
#22=ITEM_DEFINED_TRANSFORMATION(' ',' ',#1309,#1358);
#23=ITEM_DEFINED_TRANSFORMATION(' ',' ',#1309,#1389);
#24=ITEM_DEFINED_TRANSFORMATION(' ',' ',#1309,#1390);
#25=ITEM_DEFINED_TRANSFORMATION(' ',' ',#1309,#1391);
#26=SHAPE_REPRESENTATION_RELATIONSHIP('','',#1306,#28);
#27=SHAPE_REPRESENTATION_RELATIONSHIP('','',#1308,#29);
#28=ADVANCED_BREP_SHAPE_REPRESENTATION('',(#1299),#2746);
#29=ADVANCED_BREP_SHAPE_REPRESENTATION('',(#1300),#2748);
#30=B_SPLINE_SURFACE_WITH_KNOTS('',3,3,((#1872,#1873,#1874,#1875,#1876),
(#1877,#1878,#1879,#1880,#1881),(#1882,#1883,#1884,#1885,#1886),(#1887,
#1888,#1889,#1890,#1891),(#1892,#1893,#1894,#1895,#1896),(#1897,#1898,#1899,
#1900,#1901),(#1902,#1903,#1904,#1905,#1906),(#1907,#1908,#1909,#1910,#1911),
(#1912,#1913,#1914,#1915,#1916),(#1917,#1918,#1919,#1920,#1921),(#1922,
#1923,#1924,#1925,#1926),(#1927,#1928,#1929,#1930,#1931),(#1932,#1933,#1934,
#1935,#1936),(#1937,#1938,#1939,#1940,#1941),(#1942,#1943,#1944,#1945,#1946),
(#1947,#1948,#1949,#1950,#1951),(#1952,#1953,#1954,#1955,#1956),(#1957,
#1958,#1959,#1960,#1961),(#1962,#1963,#1964,#1965,#1966),(#1967,#1968,#1969,
#1970,#1971),(#1972,#1973,#1974,#1975,#1976),(#1977,#1978,#1979,#1980,#1981),
(#1982,#1983,#1984,#1985,#1986),(#1987,#1988,#1989,#1990,#1991),(#1992,
#1993,#1994,#1995,#1996),(#1997,#1998,#1999,#2000,#2001),(#2002,#2003,#2004,
#2005,#2006),(#2007,#2008,#2009,#2010,#2011),(#2012,#2013,#2014,#2015,#2016),
(#2017,#2018,#2019,#2020,#2021),(#2022,#2023,#2024,#2025,#2026),(#2027,
#2028,#2029,#2030,#2031),(#2032,#2033,#2034,#2035,#2036),(#2037,#2038,#2039,
#2040,#2041),(#2042,#2043,#2044,#2045,#2046),(#2047,#2048,#2049,#2050,#2051),
(#2052,#2053,#2054,#2055,#2056),(#2057,#2058,#2059,#2060,#2061),(#2062,
#2063,#2064,#2065,#2066),(#2067,#2068,#2069,#2070,#2071),(#2072,#2073,#2074,
#2075,#2076),(#2077,#2078,#2079,#2080,#2081),(#2082,#2083,#2084,#2085,#2086),
(#2087,#2088,#2089,#2090,#2091),(#2092,#2093,#2094,#2095,#2096),(#2097,
#2098,#2099,#2100,#2101),(#2102,#2103,#2104,#2105,#2106),(#2107,#2108,#2109,
#2110,#2111)),.UNSPECIFIED.,.T.,.F.,.F.,(4,1,1,1,2,1,1,1,1,2,1,1,1,2,1,
1,1,1,1,2,1,1,1,2,1,1,1,1,1,2,1,1,1,2,1,1,1,1,4),(4,1,4),(-1.7765509801171E-14,
0.00313628350468166,0.00627256700938109,0.00940885051408052,0.01254513401878,
0.0422269922664267,0.0719088505140735,0.131272567009367,0.190636283504661,
0.249999999999954,0.253136283504649,0.256272567009344,0.259408850514039,
0.262545134018734,0.321908850514045,0.381272567009357,0.440636283504668,
0.470318141752323,0.485159070876151,0.499999999999979,0.504704425257021,
0.507056637885543,0.509408850514064,0.512545134018759,0.519965598580673,
0.527386063142587,0.542226992266414,0.57190885051407,0.690636283504693,
0.75,0.753136283504699,0.756272567009394,0.759408850514089,0.762545134018783,
0.821908850514103,0.881272567009424,0.940636283504744,0.970318141752404,
1.00000000000006),(0.0215824970047004,0.161441525721248,1.0000000906986),
 .UNSPECIFIED.);
#31=B_SPLINE_SURFACE_WITH_KNOTS('',3,3,((#2377,#2378,#2379,#2380,#2381,
#2382,#2383,#2384,#2385,#2386,#2387,#2388,#2389,#2390,#2391,#2392,#2393,
#2394,#2395,#2396,#2397,#2398,#2399,#2400,#2401,#2402,#2403,#2404,#2405,
#2406,#2407,#2408,#2409,#2410,#2411,#2412,#2413,#2414,#2415,#2416,#2417,
#2418,#2419,#2420,#2421,#2422,#2423),(#2424,#2425,#2426,#2427,#2428,#2429,
#2430,#2431,#2432,#2433,#2434,#2435,#2436,#2437,#2438,#2439,#2440,#2441,
#2442,#2443,#2444,#2445,#2446,#2447,#2448,#2449,#2450,#2451,#2452,#2453,
#2454,#2455,#2456,#2457,#2458,#2459,#2460,#2461,#2462,#2463,#2464,#2465,
#2466,#2467,#2468,#2469,#2470),(#2471,#2472,#2473,#2474,#2475,#2476,#2477,
#2478,#2479,#2480,#2481,#2482,#2483,#2484,#2485,#2486,#2487,#2488,#2489,
#2490,#2491,#2492,#2493,#2494,#2495,#2496,#2497,#2498,#2499,#2500,#2501,
#2502,#2503,#2504,#2505,#2506,#2507,#2508,#2509,#2510,#2511,#2512,#2513,
#2514,#2515,#2516,#2517),(#2518,#2519,#2520,#2521,#2522,#2523,#2524,#2525,
#2526,#2527,#2528,#2529,#2530,#2531,#2532,#2533,#2534,#2535,#2536,#2537,
#2538,#2539,#2540,#2541,#2542,#2543,#2544,#2545,#2546,#2547,#2548,#2549,
#2550,#2551,#2552,#2553,#2554,#2555,#2556,#2557,#2558,#2559,#2560,#2561,
#2562,#2563,#2564),(#2565,#2566,#2567,#2568,#2569,#2570,#2571,#2572,#2573,
#2574,#2575,#2576,#2577,#2578,#2579,#2580,#2581,#2582,#2583,#2584,#2585,
#2586,#2587,#2588,#2589,#2590,#2591,#2592,#2593,#2594,#2595,#2596,#2597,
#2598,#2599,#2600,#2601,#2602,#2603,#2604,#2605,#2606,#2607,#2608,#2609,
#2610,#2611)),.UNSPECIFIED.,.F.,.T.,.F.,(4,1,4),(4,2,1,1,1,2,1,1,2,1,1,
1,1,1,1,2,1,1,2,1,1,1,1,2,1,1,2,1,1,1,1,2,1,2,1,4),(-0.00164679177623858,
0.5,1.00018745589998),(-0.41241377129979,-0.39681578462303,0.104231234336593,
0.354754743816405,0.855801762776029,1.35684878173565,1.41522913174609,1.4359424919888,
1.46757997609006,1.65715330860742,1.94561009540703,1.96872824805956,2.29683476433925,
2.46987652002906,3.03281665956374,3.22159892798331,3.25317785653833,3.27520164057318,
3.3321251779259,3.36562394825104,3.83319189791349,4.08372525790729,4.89697222385209,
5.08585869788248,5.11744496617803,5.14007881884216,5.19641063691692,5.23179111876038,
5.36159448930308,5.69747680938011,6.1985429818433,6.95014224053808,6.98983067541086,
7.02951911028365,7.03402600337825,7.04511709696041),.UNSPECIFIED.);
#32=SPHERICAL_SURFACE('',#1329,0.03875);
#33=CIRCLE('',#1313,0.0002);
#34=CIRCLE('',#1315,0.0002);
#35=CIRCLE('',#1318,0.0002);
#36=CIRCLE('',#1320,0.0002);
#37=CIRCLE('',#1328,0.0028);
#38=CIRCLE('',#1331,0.0028);
#39=CIRCLE('',#1360,0.0028);
#40=CIRCLE('',#1362,0.0028);
#41=B_SPLINE_CURVE_WITH_KNOTS('',3,(#1725,#1726,#1727,#1728),
 .UNSPECIFIED.,.F.,.F.,(4,4),(0.,1.),.UNSPECIFIED.);
#42=B_SPLINE_CURVE_WITH_KNOTS('',3,(#1734,#1735,#1736,#1737),
 .UNSPECIFIED.,.F.,.F.,(4,4),(0.,1.),.UNSPECIFIED.);
#43=B_SPLINE_CURVE_WITH_KNOTS('',3,(#1746,#1747,#1748,#1749),
 .UNSPECIFIED.,.F.,.F.,(4,4),(0.,1.),.UNSPECIFIED.);
#44=B_SPLINE_CURVE_WITH_KNOTS('',3,(#1752,#1753,#1754,#1755),
 .UNSPECIFIED.,.F.,.F.,(4,4),(0.,1.),.UNSPECIFIED.);
#45=B_SPLINE_CURVE_WITH_KNOTS('',3,(#1774,#1775,#1776,#1777),
 .UNSPECIFIED.,.F.,.F.,(4,4),(0.,1.),.UNSPECIFIED.);
#46=B_SPLINE_CURVE_WITH_KNOTS('',3,(#1798,#1799,#1800,#1801),
 .UNSPECIFIED.,.F.,.F.,(4,4),(7.02951911028365,7.04511709696041),
 .UNSPECIFIED.);
#47=B_SPLINE_CURVE_WITH_KNOTS('',3,(#1804,#1805,#1806,#1807,#1808,#1809,
#1810,#1811,#1812,#1813,#1814,#1815,#1816,#1817,#1818,#1819,#1820,#1821,
#1822,#1823,#1824,#1825,#1826,#1827,#1828,#1829,#1830,#1831,#1832,#1833,
#1834,#1835,#1836,#1837,#1838,#1839,#1840,#1841,#1842,#1843,#1844,#1845,
#1846,#1847,#1848,#1849,#1850,#1851,#1852,#1853,#1854,#1855,#1856,#1857,
#1858,#1859,#1860,#1861,#1862,#1863,#1864,#1865,#1866,#1867,#1868,#1869,
#1870,#1871),.UNSPECIFIED.,.F.,.F.,(4,1,1,1,1,1,1,1,1,1,1,1,1,1,1,1,1,1,
1,1,1,1,1,1,1,1,1,1,1,1,1,1,1,1,1,1,1,1,1,1,1,1,1,1,1,1,1,1,1,1,1,1,1,1,
1,1,1,1,1,1,1,1,1,1,1,4),(0.,0.015625,0.03125,0.046875,0.0625,0.09375,0.125,
0.15625,0.1875,0.203125,0.21875,0.234375,0.2421875,0.25,0.2578125,0.265625,
0.28125,0.296875,0.3125,0.34375,0.375,0.40625,0.421875,0.4375,0.453125,
0.46875,0.484375,0.4921875,0.5,0.5078125,0.515625,0.53125,0.546875,0.5625,
0.59375,0.625,0.65625,0.6875,0.703125,0.71875,0.734375,0.7421875,0.74609375,
0.75,0.7578125,0.76171875,0.763671875,0.765625,0.76953125,0.7734375,0.78125,
0.796875,0.8125,0.84375,0.875,0.90625,0.921875,0.9375,0.953125,0.96875,
0.9765625,0.984375,0.98828125,0.9921875,0.99609375,1.),.UNSPECIFIED.);
#48=B_SPLINE_CURVE_WITH_KNOTS('',3,(#2112,#2113,#2114,#2115,#2116,#2117,
#2118,#2119,#2120,#2121,#2122,#2123,#2124,#2125,#2126,#2127,#2128,#2129,
#2130,#2131,#2132,#2133,#2134,#2135,#2136,#2137,#2138),.UNSPECIFIED.,.F.,
 .F.,(4,1,1,1,1,1,1,1,1,1,1,1,1,1,1,1,1,1,1,1,1,1,1,1,4),(0.,0.00390625,
0.0078125,0.015625,0.03125,0.046875,0.0625,0.09375,0.125,0.1875,0.21875,
0.25,0.28125,0.3125,0.375,0.5,0.625,0.6875,0.71875,0.75,0.78125,0.8125,
0.875,0.9375,1.),.UNSPECIFIED.);
#49=B_SPLINE_CURVE_WITH_KNOTS('',3,(#2141,#2142,#2143,#2144,#2145,#2146,
#2147,#2148),.UNSPECIFIED.,.F.,.F.,(4,1,1,1,1,4),(0.,0.125,0.25,0.5,0.75,
1.),.UNSPECIFIED.);
#50=B_SPLINE_CURVE_WITH_KNOTS('',3,(#2150,#2151,#2152,#2153,#2154,#2155,
#2156,#2157,#2158,#2159,#2160,#2161),.UNSPECIFIED.,.F.,.F.,(4,1,1,1,1,1,
1,1,1,4),(0.,0.125,0.25,0.375,0.4375,0.5,0.625,0.75,0.875,1.),
 .UNSPECIFIED.);
#51=B_SPLINE_CURVE_WITH_KNOTS('',3,(#2163,#2164,#2165,#2166,#2167,#2168,
#2169,#2170,#2171,#2172),.UNSPECIFIED.,.F.,.F.,(4,1,1,1,1,1,1,4),(0.,0.125,
0.1875,0.25,0.375,0.5,0.75,1.),.UNSPECIFIED.);
#52=B_SPLINE_CURVE_WITH_KNOTS('',3,(#2174,#2175,#2176,#2177,#2178,#2179,
#2180,#2181,#2182,#2183,#2184,#2185,#2186,#2187,#2188,#2189,#2190,#2191,
#2192,#2193,#2194),.UNSPECIFIED.,.F.,.F.,(4,1,1,1,1,1,1,1,1,1,1,1,1,1,1,
1,1,1,4),(0.,0.0625,0.09375,0.125,0.140625,0.15625,0.1875,0.21875,0.25,
0.28125,0.3125,0.375,0.4375,0.5,0.5625,0.625,0.75,0.875,1.),
 .UNSPECIFIED.);
#53=B_SPLINE_CURVE_WITH_KNOTS('',3,(#2196,#2197,#2198,#2199,#2200,#2201,
#2202,#2203,#2204,#2205,#2206),.UNSPECIFIED.,.F.,.F.,(4,1,1,1,1,1,1,1,4),
(0.,0.125,0.1875,0.25,0.375,0.5,0.75,0.875,1.),.UNSPECIFIED.);
#54=B_SPLINE_CURVE_WITH_KNOTS('',3,(#2208,#2209,#2210,#2211,#2212,#2213,
#2214,#2215,#2216,#2217,#2218,#2219,#2220,#2221,#2222,#2223,#2224,#2225,
#2226,#2227,#2228,#2229,#2230,#2231,#2232,#2233),.UNSPECIFIED.,.F.,.F.,
(4,1,1,1,1,1,1,1,1,1,1,1,1,1,1,1,1,1,1,1,1,1,1,4),(0.,0.03125,0.0625,0.09375,
0.109375,0.125,0.140625,0.15625,0.1875,0.21875,0.25,0.28125,0.3125,0.375,
0.5,0.625,0.6875,0.71875,0.75,0.78125,0.8125,0.875,0.9375,1.),
 .UNSPECIFIED.);
#55=B_SPLINE_CURVE_WITH_KNOTS('',3,(#2235,#2236,#2237,#2238,#2239,#2240),
 .UNSPECIFIED.,.F.,.F.,(4,1,1,4),(0.,0.25,0.5,1.),.UNSPECIFIED.);
#56=B_SPLINE_CURVE_WITH_KNOTS('',3,(#2242,#2243,#2244,#2245),
 .UNSPECIFIED.,.F.,.F.,(4,4),(0.,1.),.UNSPECIFIED.);
#57=B_SPLINE_CURVE_WITH_KNOTS('',3,(#2247,#2248,#2249,#2250,#2251),
 .UNSPECIFIED.,.F.,.F.,(4,1,4),(0.,0.5,1.),.UNSPECIFIED.);
#58=CYLINDRICAL_SURFACE('',#1312,0.0002);
#59=CYLINDRICAL_SURFACE('',#1314,0.0002);
#60=CYLINDRICAL_SURFACE('',#1317,0.0002);
#61=CYLINDRICAL_SURFACE('',#1322,0.0002);
#62=CYLINDRICAL_SURFACE('',#1330,0.0028);
#63=CYLINDRICAL_SURFACE('',#1361,0.0028);
#64=ORIENTED_EDGE('',*,*,#408,.F.);
#65=ORIENTED_EDGE('',*,*,#409,.F.);
#66=ORIENTED_EDGE('',*,*,#410,.F.);
#67=ORIENTED_EDGE('',*,*,#411,.T.);
#68=ORIENTED_EDGE('',*,*,#412,.F.);
#69=ORIENTED_EDGE('',*,*,#413,.F.);
#70=ORIENTED_EDGE('',*,*,#414,.F.);
#71=ORIENTED_EDGE('',*,*,#415,.T.);
#72=ORIENTED_EDGE('',*,*,#416,.T.);
#73=ORIENTED_EDGE('',*,*,#417,.T.);
#74=ORIENTED_EDGE('',*,*,#418,.T.);
#75=ORIENTED_EDGE('',*,*,#410,.T.);
#76=ORIENTED_EDGE('',*,*,#419,.T.);
#77=ORIENTED_EDGE('',*,*,#408,.T.);
#78=ORIENTED_EDGE('',*,*,#420,.T.);
#79=ORIENTED_EDGE('',*,*,#421,.T.);
#80=ORIENTED_EDGE('',*,*,#422,.F.);
#81=ORIENTED_EDGE('',*,*,#423,.F.);
#82=ORIENTED_EDGE('',*,*,#421,.F.);
#83=ORIENTED_EDGE('',*,*,#424,.T.);
#84=ORIENTED_EDGE('',*,*,#425,.T.);
#85=ORIENTED_EDGE('',*,*,#422,.T.);
#86=ORIENTED_EDGE('',*,*,#426,.T.);
#87=ORIENTED_EDGE('',*,*,#414,.T.);
#88=ORIENTED_EDGE('',*,*,#427,.T.);
#89=ORIENTED_EDGE('',*,*,#428,.T.);
#90=ORIENTED_EDGE('',*,*,#429,.T.);
#91=ORIENTED_EDGE('',*,*,#430,.T.);
#92=ORIENTED_EDGE('',*,*,#431,.F.);
#93=ORIENTED_EDGE('',*,*,#415,.F.);
#94=ORIENTED_EDGE('',*,*,#426,.F.);
#95=ORIENTED_EDGE('',*,*,#424,.F.);
#96=ORIENTED_EDGE('',*,*,#420,.F.);
#97=ORIENTED_EDGE('',*,*,#411,.F.);
#98=ORIENTED_EDGE('',*,*,#418,.F.);
#99=ORIENTED_EDGE('',*,*,#432,.F.);
#100=ORIENTED_EDGE('',*,*,#433,.F.);
#101=ORIENTED_EDGE('',*,*,#432,.T.);
#102=ORIENTED_EDGE('',*,*,#417,.F.);
#103=ORIENTED_EDGE('',*,*,#434,.F.);
#104=ORIENTED_EDGE('',*,*,#435,.T.);
#105=ORIENTED_EDGE('',*,*,#412,.T.);
#106=ORIENTED_EDGE('',*,*,#431,.T.);
#107=ORIENTED_EDGE('',*,*,#433,.T.);
#108=ORIENTED_EDGE('',*,*,#430,.F.);
#109=ORIENTED_EDGE('',*,*,#436,.T.);
#110=ORIENTED_EDGE('',*,*,#437,.T.);
#111=ORIENTED_EDGE('',*,*,#438,.F.);
#112=ORIENTED_EDGE('',*,*,#429,.F.);
#113=ORIENTED_EDGE('',*,*,#439,.T.);
#114=ORIENTED_EDGE('',*,*,#440,.T.);
#115=ORIENTED_EDGE('',*,*,#436,.F.);
#116=ORIENTED_EDGE('',*,*,#428,.F.);
#117=ORIENTED_EDGE('',*,*,#441,.T.);
#118=ORIENTED_EDGE('',*,*,#442,.T.);
#119=ORIENTED_EDGE('',*,*,#439,.F.);
#120=ORIENTED_EDGE('',*,*,#427,.F.);
#121=ORIENTED_EDGE('',*,*,#438,.T.);
#122=ORIENTED_EDGE('',*,*,#443,.T.);
#123=ORIENTED_EDGE('',*,*,#441,.F.);
#124=ORIENTED_EDGE('',*,*,#444,.T.);
#125=ORIENTED_EDGE('',*,*,#443,.F.);
#126=ORIENTED_EDGE('',*,*,#437,.F.);
#127=ORIENTED_EDGE('',*,*,#440,.F.);
#128=ORIENTED_EDGE('',*,*,#442,.F.);
#129=ORIENTED_EDGE('',*,*,#445,.F.);
#130=ORIENTED_EDGE('',*,*,#446,.F.);
#131=ORIENTED_EDGE('',*,*,#434,.T.);
#132=ORIENTED_EDGE('',*,*,#416,.F.);
#133=ORIENTED_EDGE('',*,*,#409,.T.);
#134=ORIENTED_EDGE('',*,*,#419,.F.);
#135=ORIENTED_EDGE('',*,*,#423,.T.);
#136=ORIENTED_EDGE('',*,*,#425,.F.);
#137=ORIENTED_EDGE('',*,*,#413,.T.);
#138=ORIENTED_EDGE('',*,*,#435,.F.);
#139=ORIENTED_EDGE('',*,*,#447,.F.);
#140=ORIENTED_EDGE('',*,*,#448,.F.);
#141=ORIENTED_EDGE('',*,*,#449,.F.);
#142=ORIENTED_EDGE('',*,*,#450,.F.);
#143=ORIENTED_EDGE('',*,*,#451,.F.);
#144=ORIENTED_EDGE('',*,*,#452,.F.);
#145=ORIENTED_EDGE('',*,*,#453,.F.);
#146=ORIENTED_EDGE('',*,*,#454,.F.);
#147=ORIENTED_EDGE('',*,*,#455,.F.);
#148=ORIENTED_EDGE('',*,*,#456,.F.);
#149=ORIENTED_EDGE('',*,*,#457,.T.);
#150=ORIENTED_EDGE('',*,*,#444,.F.);
#151=ORIENTED_EDGE('',*,*,#458,.F.);
#152=ORIENTED_EDGE('',*,*,#459,.T.);
#153=ORIENTED_EDGE('',*,*,#460,.T.);
#154=ORIENTED_EDGE('',*,*,#461,.F.);
#155=ORIENTED_EDGE('',*,*,#462,.F.);
#156=ORIENTED_EDGE('',*,*,#463,.T.);
#157=ORIENTED_EDGE('',*,*,#464,.T.);
#158=ORIENTED_EDGE('',*,*,#459,.F.);
#159=ORIENTED_EDGE('',*,*,#465,.F.);
#160=ORIENTED_EDGE('',*,*,#466,.T.);
#161=ORIENTED_EDGE('',*,*,#467,.T.);
#162=ORIENTED_EDGE('',*,*,#468,.F.);
#163=ORIENTED_EDGE('',*,*,#469,.F.);
#164=ORIENTED_EDGE('',*,*,#470,.T.);
#165=ORIENTED_EDGE('',*,*,#471,.T.);
#166=ORIENTED_EDGE('',*,*,#466,.F.);
#167=ORIENTED_EDGE('',*,*,#472,.F.);
#168=ORIENTED_EDGE('',*,*,#473,.T.);
#169=ORIENTED_EDGE('',*,*,#474,.T.);
#170=ORIENTED_EDGE('',*,*,#470,.F.);
#171=ORIENTED_EDGE('',*,*,#475,.F.);
#172=ORIENTED_EDGE('',*,*,#461,.T.);
#173=ORIENTED_EDGE('',*,*,#476,.T.);
#174=ORIENTED_EDGE('',*,*,#473,.F.);
#175=ORIENTED_EDGE('',*,*,#477,.F.);
#176=ORIENTED_EDGE('',*,*,#478,.F.);
#177=ORIENTED_EDGE('',*,*,#479,.F.);
#178=ORIENTED_EDGE('',*,*,#467,.F.);
#179=ORIENTED_EDGE('',*,*,#471,.F.);
#180=ORIENTED_EDGE('',*,*,#474,.F.);
#181=ORIENTED_EDGE('',*,*,#476,.F.);
#182=ORIENTED_EDGE('',*,*,#460,.F.);
#183=ORIENTED_EDGE('',*,*,#464,.F.);
#184=ORIENTED_EDGE('',*,*,#480,.F.);
#185=ORIENTED_EDGE('',*,*,#481,.F.);
#186=ORIENTED_EDGE('',*,*,#482,.F.);
#187=ORIENTED_EDGE('',*,*,#483,.F.);
#188=ORIENTED_EDGE('',*,*,#484,.F.);
#189=ORIENTED_EDGE('',*,*,#485,.F.);
#190=ORIENTED_EDGE('',*,*,#486,.F.);
#191=ORIENTED_EDGE('',*,*,#487,.F.);
#192=ORIENTED_EDGE('',*,*,#488,.F.);
#193=ORIENTED_EDGE('',*,*,#489,.F.);
#194=ORIENTED_EDGE('',*,*,#490,.F.);
#195=ORIENTED_EDGE('',*,*,#491,.F.);
#196=ORIENTED_EDGE('',*,*,#492,.F.);
#197=ORIENTED_EDGE('',*,*,#493,.F.);
#198=ORIENTED_EDGE('',*,*,#494,.F.);
#199=ORIENTED_EDGE('',*,*,#457,.F.);
#200=ORIENTED_EDGE('',*,*,#495,.F.);
#201=ORIENTED_EDGE('',*,*,#468,.T.);
#202=ORIENTED_EDGE('',*,*,#479,.T.);
#203=ORIENTED_EDGE('',*,*,#496,.F.);
#204=ORIENTED_EDGE('',*,*,#497,.F.);
#205=ORIENTED_EDGE('',*,*,#496,.T.);
#206=ORIENTED_EDGE('',*,*,#478,.T.);
#207=ORIENTED_EDGE('',*,*,#498,.F.);
#208=ORIENTED_EDGE('',*,*,#499,.F.);
#209=ORIENTED_EDGE('',*,*,#498,.T.);
#210=ORIENTED_EDGE('',*,*,#477,.T.);
#211=ORIENTED_EDGE('',*,*,#500,.F.);
#212=ORIENTED_EDGE('',*,*,#501,.F.);
#213=ORIENTED_EDGE('',*,*,#500,.T.);
#214=ORIENTED_EDGE('',*,*,#482,.T.);
#215=ORIENTED_EDGE('',*,*,#502,.F.);
#216=ORIENTED_EDGE('',*,*,#503,.F.);
#217=ORIENTED_EDGE('',*,*,#502,.T.);
#218=ORIENTED_EDGE('',*,*,#481,.T.);
#219=ORIENTED_EDGE('',*,*,#504,.F.);
#220=ORIENTED_EDGE('',*,*,#505,.F.);
#221=ORIENTED_EDGE('',*,*,#504,.T.);
#222=ORIENTED_EDGE('',*,*,#480,.T.);
#223=ORIENTED_EDGE('',*,*,#463,.F.);
#224=ORIENTED_EDGE('',*,*,#501,.T.);
#225=ORIENTED_EDGE('',*,*,#506,.F.);
#226=ORIENTED_EDGE('',*,*,#486,.T.);
#227=ORIENTED_EDGE('',*,*,#507,.T.);
#228=ORIENTED_EDGE('',*,*,#503,.T.);
#229=ORIENTED_EDGE('',*,*,#508,.F.);
#230=ORIENTED_EDGE('',*,*,#487,.T.);
#231=ORIENTED_EDGE('',*,*,#506,.T.);
#232=ORIENTED_EDGE('',*,*,#505,.T.);
#233=ORIENTED_EDGE('',*,*,#509,.F.);
#234=ORIENTED_EDGE('',*,*,#488,.T.);
#235=ORIENTED_EDGE('',*,*,#508,.T.);
#236=ORIENTED_EDGE('',*,*,#484,.T.);
#237=ORIENTED_EDGE('',*,*,#510,.F.);
#238=ORIENTED_EDGE('',*,*,#497,.T.);
#239=ORIENTED_EDGE('',*,*,#511,.F.);
#240=ORIENTED_EDGE('',*,*,#462,.T.);
#241=ORIENTED_EDGE('',*,*,#512,.F.);
#242=ORIENTED_EDGE('',*,*,#489,.T.);
#243=ORIENTED_EDGE('',*,*,#509,.T.);
#244=ORIENTED_EDGE('',*,*,#458,.T.);
#245=ORIENTED_EDGE('',*,*,#513,.F.);
#246=ORIENTED_EDGE('',*,*,#490,.T.);
#247=ORIENTED_EDGE('',*,*,#512,.T.);
#248=ORIENTED_EDGE('',*,*,#475,.T.);
#249=ORIENTED_EDGE('',*,*,#514,.F.);
#250=ORIENTED_EDGE('',*,*,#491,.T.);
#251=ORIENTED_EDGE('',*,*,#513,.T.);
#252=ORIENTED_EDGE('',*,*,#472,.T.);
#253=ORIENTED_EDGE('',*,*,#515,.F.);
#254=ORIENTED_EDGE('',*,*,#492,.T.);
#255=ORIENTED_EDGE('',*,*,#514,.T.);
#256=ORIENTED_EDGE('',*,*,#493,.T.);
#257=ORIENTED_EDGE('',*,*,#515,.T.);
#258=ORIENTED_EDGE('',*,*,#469,.T.);
#259=ORIENTED_EDGE('',*,*,#516,.F.);
#260=ORIENTED_EDGE('',*,*,#494,.T.);
#261=ORIENTED_EDGE('',*,*,#516,.T.);
#262=ORIENTED_EDGE('',*,*,#465,.T.);
#263=ORIENTED_EDGE('',*,*,#517,.F.);
#264=ORIENTED_EDGE('',*,*,#483,.T.);
#265=ORIENTED_EDGE('',*,*,#517,.T.);
#266=ORIENTED_EDGE('',*,*,#495,.T.);
#267=ORIENTED_EDGE('',*,*,#510,.T.);
#268=ORIENTED_EDGE('',*,*,#485,.T.);
#269=ORIENTED_EDGE('',*,*,#511,.T.);
#270=ORIENTED_EDGE('',*,*,#499,.T.);
#271=ORIENTED_EDGE('',*,*,#507,.F.);
#272=ORIENTED_EDGE('',*,*,#446,.T.);
#273=ORIENTED_EDGE('',*,*,#445,.T.);
#274=ORIENTED_EDGE('',*,*,#456,.T.);
#275=ORIENTED_EDGE('',*,*,#455,.T.);
#276=ORIENTED_EDGE('',*,*,#454,.T.);
#277=ORIENTED_EDGE('',*,*,#453,.T.);
#278=ORIENTED_EDGE('',*,*,#452,.T.);
#279=ORIENTED_EDGE('',*,*,#451,.T.);
#280=ORIENTED_EDGE('',*,*,#450,.T.);
#281=ORIENTED_EDGE('',*,*,#449,.T.);
#282=ORIENTED_EDGE('',*,*,#448,.T.);
#283=ORIENTED_EDGE('',*,*,#447,.T.);
#284=ORIENTED_EDGE('',*,*,#518,.T.);
#285=ORIENTED_EDGE('',*,*,#519,.T.);
#286=ORIENTED_EDGE('',*,*,#518,.F.);
#287=ORIENTED_EDGE('',*,*,#520,.F.);
#288=ORIENTED_EDGE('',*,*,#521,.T.);
#289=ORIENTED_EDGE('',*,*,#522,.T.);
#290=ORIENTED_EDGE('',*,*,#523,.F.);
#291=ORIENTED_EDGE('',*,*,#524,.F.);
#292=ORIENTED_EDGE('',*,*,#525,.T.);
#293=ORIENTED_EDGE('',*,*,#526,.T.);
#294=ORIENTED_EDGE('',*,*,#521,.F.);
#295=ORIENTED_EDGE('',*,*,#527,.F.);
#296=ORIENTED_EDGE('',*,*,#528,.T.);
#297=ORIENTED_EDGE('',*,*,#529,.T.);
#298=ORIENTED_EDGE('',*,*,#530,.F.);
#299=ORIENTED_EDGE('',*,*,#531,.F.);
#300=ORIENTED_EDGE('',*,*,#532,.T.);
#301=ORIENTED_EDGE('',*,*,#533,.T.);
#302=ORIENTED_EDGE('',*,*,#528,.F.);
#303=ORIENTED_EDGE('',*,*,#534,.F.);
#304=ORIENTED_EDGE('',*,*,#535,.T.);
#305=ORIENTED_EDGE('',*,*,#536,.T.);
#306=ORIENTED_EDGE('',*,*,#532,.F.);
#307=ORIENTED_EDGE('',*,*,#537,.F.);
#308=ORIENTED_EDGE('',*,*,#523,.T.);
#309=ORIENTED_EDGE('',*,*,#538,.T.);
#310=ORIENTED_EDGE('',*,*,#535,.F.);
#311=ORIENTED_EDGE('',*,*,#539,.F.);
#312=ORIENTED_EDGE('',*,*,#540,.F.);
#313=ORIENTED_EDGE('',*,*,#541,.F.);
#314=ORIENTED_EDGE('',*,*,#529,.F.);
#315=ORIENTED_EDGE('',*,*,#533,.F.);
#316=ORIENTED_EDGE('',*,*,#536,.F.);
#317=ORIENTED_EDGE('',*,*,#538,.F.);
#318=ORIENTED_EDGE('',*,*,#522,.F.);
#319=ORIENTED_EDGE('',*,*,#526,.F.);
#320=ORIENTED_EDGE('',*,*,#542,.F.);
#321=ORIENTED_EDGE('',*,*,#543,.F.);
#322=ORIENTED_EDGE('',*,*,#544,.F.);
#323=ORIENTED_EDGE('',*,*,#545,.F.);
#324=ORIENTED_EDGE('',*,*,#546,.F.);
#325=ORIENTED_EDGE('',*,*,#547,.F.);
#326=ORIENTED_EDGE('',*,*,#548,.F.);
#327=ORIENTED_EDGE('',*,*,#549,.F.);
#328=ORIENTED_EDGE('',*,*,#550,.F.);
#329=ORIENTED_EDGE('',*,*,#551,.F.);
#330=ORIENTED_EDGE('',*,*,#552,.F.);
#331=ORIENTED_EDGE('',*,*,#553,.F.);
#332=ORIENTED_EDGE('',*,*,#554,.F.);
#333=ORIENTED_EDGE('',*,*,#555,.F.);
#334=ORIENTED_EDGE('',*,*,#556,.F.);
#335=ORIENTED_EDGE('',*,*,#519,.F.);
#336=ORIENTED_EDGE('',*,*,#557,.F.);
#337=ORIENTED_EDGE('',*,*,#530,.T.);
#338=ORIENTED_EDGE('',*,*,#541,.T.);
#339=ORIENTED_EDGE('',*,*,#558,.F.);
#340=ORIENTED_EDGE('',*,*,#559,.F.);
#341=ORIENTED_EDGE('',*,*,#558,.T.);
#342=ORIENTED_EDGE('',*,*,#540,.T.);
#343=ORIENTED_EDGE('',*,*,#560,.F.);
#344=ORIENTED_EDGE('',*,*,#561,.F.);
#345=ORIENTED_EDGE('',*,*,#560,.T.);
#346=ORIENTED_EDGE('',*,*,#539,.T.);
#347=ORIENTED_EDGE('',*,*,#562,.F.);
#348=ORIENTED_EDGE('',*,*,#563,.F.);
#349=ORIENTED_EDGE('',*,*,#562,.T.);
#350=ORIENTED_EDGE('',*,*,#544,.T.);
#351=ORIENTED_EDGE('',*,*,#564,.F.);
#352=ORIENTED_EDGE('',*,*,#565,.F.);
#353=ORIENTED_EDGE('',*,*,#564,.T.);
#354=ORIENTED_EDGE('',*,*,#543,.T.);
#355=ORIENTED_EDGE('',*,*,#566,.F.);
#356=ORIENTED_EDGE('',*,*,#567,.F.);
#357=ORIENTED_EDGE('',*,*,#566,.T.);
#358=ORIENTED_EDGE('',*,*,#542,.T.);
#359=ORIENTED_EDGE('',*,*,#525,.F.);
#360=ORIENTED_EDGE('',*,*,#563,.T.);
#361=ORIENTED_EDGE('',*,*,#568,.F.);
#362=ORIENTED_EDGE('',*,*,#548,.T.);
#363=ORIENTED_EDGE('',*,*,#569,.T.);
#364=ORIENTED_EDGE('',*,*,#565,.T.);
#365=ORIENTED_EDGE('',*,*,#570,.F.);
#366=ORIENTED_EDGE('',*,*,#549,.T.);
#367=ORIENTED_EDGE('',*,*,#568,.T.);
#368=ORIENTED_EDGE('',*,*,#567,.T.);
#369=ORIENTED_EDGE('',*,*,#571,.F.);
#370=ORIENTED_EDGE('',*,*,#550,.T.);
#371=ORIENTED_EDGE('',*,*,#570,.T.);
#372=ORIENTED_EDGE('',*,*,#546,.T.);
#373=ORIENTED_EDGE('',*,*,#572,.F.);
#374=ORIENTED_EDGE('',*,*,#559,.T.);
#375=ORIENTED_EDGE('',*,*,#573,.F.);
#376=ORIENTED_EDGE('',*,*,#524,.T.);
#377=ORIENTED_EDGE('',*,*,#574,.F.);
#378=ORIENTED_EDGE('',*,*,#551,.T.);
#379=ORIENTED_EDGE('',*,*,#571,.T.);
#380=ORIENTED_EDGE('',*,*,#520,.T.);
#381=ORIENTED_EDGE('',*,*,#575,.F.);
#382=ORIENTED_EDGE('',*,*,#552,.T.);
#383=ORIENTED_EDGE('',*,*,#574,.T.);
#384=ORIENTED_EDGE('',*,*,#537,.T.);
#385=ORIENTED_EDGE('',*,*,#576,.F.);
#386=ORIENTED_EDGE('',*,*,#553,.T.);
#387=ORIENTED_EDGE('',*,*,#575,.T.);
#388=ORIENTED_EDGE('',*,*,#534,.T.);
#389=ORIENTED_EDGE('',*,*,#577,.F.);
#390=ORIENTED_EDGE('',*,*,#554,.T.);
#391=ORIENTED_EDGE('',*,*,#576,.T.);
#392=ORIENTED_EDGE('',*,*,#555,.T.);
#393=ORIENTED_EDGE('',*,*,#577,.T.);
#394=ORIENTED_EDGE('',*,*,#531,.T.);
#395=ORIENTED_EDGE('',*,*,#578,.F.);
#396=ORIENTED_EDGE('',*,*,#556,.T.);
#397=ORIENTED_EDGE('',*,*,#578,.T.);
#398=ORIENTED_EDGE('',*,*,#527,.T.);
#399=ORIENTED_EDGE('',*,*,#579,.F.);
#400=ORIENTED_EDGE('',*,*,#545,.T.);
#401=ORIENTED_EDGE('',*,*,#579,.T.);
#402=ORIENTED_EDGE('',*,*,#557,.T.);
#403=ORIENTED_EDGE('',*,*,#572,.T.);
#404=ORIENTED_EDGE('',*,*,#547,.T.);
#405=ORIENTED_EDGE('',*,*,#573,.T.);
#406=ORIENTED_EDGE('',*,*,#561,.T.);
#407=ORIENTED_EDGE('',*,*,#569,.F.);
#408=EDGE_CURVE('',#580,#581,#692,.T.);
#409=EDGE_CURVE('',#582,#580,#693,.T.);
#410=EDGE_CURVE('',#583,#582,#694,.T.);
#411=EDGE_CURVE('',#583,#581,#695,.T.);
#412=EDGE_CURVE('',#584,#585,#696,.T.);
#413=EDGE_CURVE('',#586,#584,#697,.T.);
#414=EDGE_CURVE('',#587,#586,#698,.T.);
#415=EDGE_CURVE('',#587,#585,#699,.T.);
#416=EDGE_CURVE('',#582,#588,#41,.T.);
#417=EDGE_CURVE('',#588,#589,#700,.T.);
#418=EDGE_CURVE('',#589,#583,#33,.T.);
#419=EDGE_CURVE('',#590,#580,#42,.T.);
#420=EDGE_CURVE('',#581,#591,#34,.T.);
#421=EDGE_CURVE('',#591,#590,#701,.T.);
#422=EDGE_CURVE('',#592,#593,#702,.T.);
#423=EDGE_CURVE('',#590,#592,#43,.F.);
#424=EDGE_CURVE('',#591,#593,#703,.T.);
#425=EDGE_CURVE('',#586,#592,#44,.T.);
#426=EDGE_CURVE('',#593,#587,#35,.T.);
#427=EDGE_CURVE('',#594,#595,#704,.T.);
#428=EDGE_CURVE('',#595,#596,#705,.T.);
#429=EDGE_CURVE('',#596,#597,#706,.T.);
#430=EDGE_CURVE('',#597,#594,#707,.T.);
#431=EDGE_CURVE('',#585,#598,#36,.T.);
#432=EDGE_CURVE('',#598,#589,#708,.T.);
#433=EDGE_CURVE('',#598,#599,#709,.T.);
#434=EDGE_CURVE('',#599,#588,#710,.T.);
#435=EDGE_CURVE('',#599,#584,#45,.T.);
#436=EDGE_CURVE('',#597,#600,#711,.T.);
#437=EDGE_CURVE('',#600,#601,#712,.T.);
#438=EDGE_CURVE('',#594,#601,#713,.T.);
#439=EDGE_CURVE('',#596,#602,#714,.T.);
#440=EDGE_CURVE('',#602,#600,#715,.T.);
#441=EDGE_CURVE('',#595,#603,#716,.T.);
#442=EDGE_CURVE('',#603,#602,#717,.T.);
#443=EDGE_CURVE('',#601,#603,#718,.T.);
#444=EDGE_CURVE('',#604,#604,#37,.T.);
#445=EDGE_CURVE('',#605,#606,#46,.T.);
#446=EDGE_CURVE('',#606,#605,#47,.F.);
#447=EDGE_CURVE('',#607,#608,#48,.F.);
#448=EDGE_CURVE('',#609,#607,#49,.F.);
#449=EDGE_CURVE('',#610,#609,#50,.F.);
#450=EDGE_CURVE('',#611,#610,#51,.F.);
#451=EDGE_CURVE('',#612,#611,#52,.F.);
#452=EDGE_CURVE('',#613,#612,#53,.F.);
#453=EDGE_CURVE('',#614,#613,#54,.F.);
#454=EDGE_CURVE('',#615,#614,#55,.F.);
#455=EDGE_CURVE('',#616,#615,#56,.F.);
#456=EDGE_CURVE('',#608,#616,#57,.F.);
#457=EDGE_CURVE('',#617,#617,#38,.T.);
#458=EDGE_CURVE('',#618,#619,#719,.T.);
#459=EDGE_CURVE('',#618,#620,#720,.T.);
#460=EDGE_CURVE('',#620,#621,#721,.T.);
#461=EDGE_CURVE('',#619,#621,#722,.T.);
#462=EDGE_CURVE('',#622,#618,#723,.T.);
#463=EDGE_CURVE('',#622,#623,#724,.T.);
#464=EDGE_CURVE('',#623,#620,#725,.T.);
#465=EDGE_CURVE('',#624,#625,#726,.T.);
#466=EDGE_CURVE('',#624,#626,#727,.T.);
#467=EDGE_CURVE('',#626,#627,#728,.T.);
#468=EDGE_CURVE('',#625,#627,#729,.T.);
#469=EDGE_CURVE('',#628,#624,#730,.T.);
#470=EDGE_CURVE('',#628,#629,#731,.T.);
#471=EDGE_CURVE('',#629,#626,#732,.T.);
#472=EDGE_CURVE('',#630,#628,#733,.T.);
#473=EDGE_CURVE('',#630,#631,#734,.T.);
#474=EDGE_CURVE('',#631,#629,#735,.T.);
#475=EDGE_CURVE('',#619,#630,#736,.T.);
#476=EDGE_CURVE('',#621,#631,#737,.T.);
#477=EDGE_CURVE('',#632,#633,#738,.T.);
#478=EDGE_CURVE('',#634,#632,#739,.T.);
#479=EDGE_CURVE('',#627,#634,#740,.T.);
#480=EDGE_CURVE('',#635,#623,#741,.T.);
#481=EDGE_CURVE('',#636,#635,#742,.T.);
#482=EDGE_CURVE('',#633,#636,#743,.T.);
#483=EDGE_CURVE('',#637,#638,#744,.T.);
#484=EDGE_CURVE('',#639,#637,#745,.T.);
#485=EDGE_CURVE('',#640,#639,#746,.T.);
#486=EDGE_CURVE('',#641,#640,#747,.T.);
#487=EDGE_CURVE('',#642,#641,#748,.T.);
#488=EDGE_CURVE('',#643,#642,#749,.T.);
#489=EDGE_CURVE('',#644,#643,#750,.T.);
#490=EDGE_CURVE('',#645,#644,#751,.T.);
#491=EDGE_CURVE('',#646,#645,#752,.T.);
#492=EDGE_CURVE('',#647,#646,#753,.T.);
#493=EDGE_CURVE('',#648,#647,#754,.T.);
#494=EDGE_CURVE('',#638,#648,#755,.T.);
#495=EDGE_CURVE('',#625,#649,#756,.T.);
#496=EDGE_CURVE('',#649,#634,#757,.T.);
#497=EDGE_CURVE('',#649,#650,#758,.T.);
#498=EDGE_CURVE('',#650,#632,#759,.T.);
#499=EDGE_CURVE('',#650,#651,#760,.T.);
#500=EDGE_CURVE('',#651,#633,#761,.T.);
#501=EDGE_CURVE('',#651,#652,#762,.T.);
#502=EDGE_CURVE('',#652,#636,#763,.T.);
#503=EDGE_CURVE('',#652,#653,#764,.T.);
#504=EDGE_CURVE('',#653,#635,#765,.T.);
#505=EDGE_CURVE('',#653,#622,#766,.T.);
#506=EDGE_CURVE('',#641,#652,#767,.T.);
#507=EDGE_CURVE('',#640,#651,#768,.T.);
#508=EDGE_CURVE('',#642,#653,#769,.T.);
#509=EDGE_CURVE('',#643,#622,#770,.T.);
#510=EDGE_CURVE('',#649,#637,#771,.T.);
#511=EDGE_CURVE('',#639,#650,#772,.T.);
#512=EDGE_CURVE('',#644,#618,#773,.T.);
#513=EDGE_CURVE('',#645,#619,#774,.T.);
#514=EDGE_CURVE('',#646,#630,#775,.T.);
#515=EDGE_CURVE('',#647,#628,#776,.T.);
#516=EDGE_CURVE('',#648,#624,#777,.T.);
#517=EDGE_CURVE('',#638,#625,#778,.T.);
#518=EDGE_CURVE('',#654,#654,#39,.T.);
#519=EDGE_CURVE('',#655,#655,#40,.T.);
#520=EDGE_CURVE('',#656,#657,#779,.T.);
#521=EDGE_CURVE('',#656,#658,#780,.T.);
#522=EDGE_CURVE('',#658,#659,#781,.T.);
#523=EDGE_CURVE('',#657,#659,#782,.T.);
#524=EDGE_CURVE('',#660,#656,#783,.T.);
#525=EDGE_CURVE('',#660,#661,#784,.T.);
#526=EDGE_CURVE('',#661,#658,#785,.T.);
#527=EDGE_CURVE('',#662,#663,#786,.T.);
#528=EDGE_CURVE('',#662,#664,#787,.T.);
#529=EDGE_CURVE('',#664,#665,#788,.T.);
#530=EDGE_CURVE('',#663,#665,#789,.T.);
#531=EDGE_CURVE('',#666,#662,#790,.T.);
#532=EDGE_CURVE('',#666,#667,#791,.T.);
#533=EDGE_CURVE('',#667,#664,#792,.T.);
#534=EDGE_CURVE('',#668,#666,#793,.T.);
#535=EDGE_CURVE('',#668,#669,#794,.T.);
#536=EDGE_CURVE('',#669,#667,#795,.T.);
#537=EDGE_CURVE('',#657,#668,#796,.T.);
#538=EDGE_CURVE('',#659,#669,#797,.T.);
#539=EDGE_CURVE('',#670,#671,#798,.T.);
#540=EDGE_CURVE('',#672,#670,#799,.T.);
#541=EDGE_CURVE('',#665,#672,#800,.T.);
#542=EDGE_CURVE('',#673,#661,#801,.T.);
#543=EDGE_CURVE('',#674,#673,#802,.T.);
#544=EDGE_CURVE('',#671,#674,#803,.T.);
#545=EDGE_CURVE('',#675,#676,#804,.T.);
#546=EDGE_CURVE('',#677,#675,#805,.T.);
#547=EDGE_CURVE('',#678,#677,#806,.T.);
#548=EDGE_CURVE('',#679,#678,#807,.T.);
#549=EDGE_CURVE('',#680,#679,#808,.T.);
#550=EDGE_CURVE('',#681,#680,#809,.T.);
#551=EDGE_CURVE('',#682,#681,#810,.T.);
#552=EDGE_CURVE('',#683,#682,#811,.T.);
#553=EDGE_CURVE('',#684,#683,#812,.T.);
#554=EDGE_CURVE('',#685,#684,#813,.T.);
#555=EDGE_CURVE('',#686,#685,#814,.T.);
#556=EDGE_CURVE('',#676,#686,#815,.T.);
#557=EDGE_CURVE('',#663,#687,#816,.T.);
#558=EDGE_CURVE('',#687,#672,#817,.T.);
#559=EDGE_CURVE('',#687,#688,#818,.T.);
#560=EDGE_CURVE('',#688,#670,#819,.T.);
#561=EDGE_CURVE('',#688,#689,#820,.T.);
#562=EDGE_CURVE('',#689,#671,#821,.T.);
#563=EDGE_CURVE('',#689,#690,#822,.T.);
#564=EDGE_CURVE('',#690,#674,#823,.T.);
#565=EDGE_CURVE('',#690,#691,#824,.T.);
#566=EDGE_CURVE('',#691,#673,#825,.T.);
#567=EDGE_CURVE('',#691,#660,#826,.T.);
#568=EDGE_CURVE('',#679,#690,#827,.T.);
#569=EDGE_CURVE('',#678,#689,#828,.T.);
#570=EDGE_CURVE('',#680,#691,#829,.T.);
#571=EDGE_CURVE('',#681,#660,#830,.T.);
#572=EDGE_CURVE('',#687,#675,#831,.T.);
#573=EDGE_CURVE('',#677,#688,#832,.T.);
#574=EDGE_CURVE('',#682,#656,#833,.T.);
#575=EDGE_CURVE('',#683,#657,#834,.T.);
#576=EDGE_CURVE('',#684,#668,#835,.T.);
#577=EDGE_CURVE('',#685,#666,#836,.T.);
#578=EDGE_CURVE('',#686,#662,#837,.T.);
#579=EDGE_CURVE('',#676,#663,#838,.T.);
#580=VERTEX_POINT('',#1708);
#581=VERTEX_POINT('',#1709);
#582=VERTEX_POINT('',#1711);
#583=VERTEX_POINT('',#1713);
#584=VERTEX_POINT('',#1717);
#585=VERTEX_POINT('',#1718);
#586=VERTEX_POINT('',#1720);
#587=VERTEX_POINT('',#1722);
#588=VERTEX_POINT('',#1729);
#589=VERTEX_POINT('',#1731);
#590=VERTEX_POINT('',#1738);
#591=VERTEX_POINT('',#1740);
#592=VERTEX_POINT('',#1744);
#593=VERTEX_POINT('',#1745);
#594=VERTEX_POINT('',#1759);
#595=VERTEX_POINT('',#1760);
#596=VERTEX_POINT('',#1762);
#597=VERTEX_POINT('',#1764);
#598=VERTEX_POINT('',#1767);
#599=VERTEX_POINT('',#1771);
#600=VERTEX_POINT('',#1780);
#601=VERTEX_POINT('',#1782);
#602=VERTEX_POINT('',#1786);
#603=VERTEX_POINT('',#1790);
#604=VERTEX_POINT('',#1796);
#605=VERTEX_POINT('',#1802);
#606=VERTEX_POINT('',#1803);
#607=VERTEX_POINT('',#2139);
#608=VERTEX_POINT('',#2140);
#609=VERTEX_POINT('',#2149);
#610=VERTEX_POINT('',#2162);
#611=VERTEX_POINT('',#2173);
#612=VERTEX_POINT('',#2195);
#613=VERTEX_POINT('',#2207);
#614=VERTEX_POINT('',#2234);
#615=VERTEX_POINT('',#2241);
#616=VERTEX_POINT('',#2246);
#617=VERTEX_POINT('',#2254);
#618=VERTEX_POINT('',#2257);
#619=VERTEX_POINT('',#2258);
#620=VERTEX_POINT('',#2260);
#621=VERTEX_POINT('',#2262);
#622=VERTEX_POINT('',#2266);
#623=VERTEX_POINT('',#2268);
#624=VERTEX_POINT('',#2272);
#625=VERTEX_POINT('',#2273);
#626=VERTEX_POINT('',#2275);
#627=VERTEX_POINT('',#2277);
#628=VERTEX_POINT('',#2281);
#629=VERTEX_POINT('',#2283);
#630=VERTEX_POINT('',#2287);
#631=VERTEX_POINT('',#2289);
#632=VERTEX_POINT('',#2296);
#633=VERTEX_POINT('',#2297);
#634=VERTEX_POINT('',#2299);
#635=VERTEX_POINT('',#2302);
#636=VERTEX_POINT('',#2304);
#637=VERTEX_POINT('',#2308);
#638=VERTEX_POINT('',#2309);
#639=VERTEX_POINT('',#2311);
#640=VERTEX_POINT('',#2313);
#641=VERTEX_POINT('',#2315);
#642=VERTEX_POINT('',#2317);
#643=VERTEX_POINT('',#2319);
#644=VERTEX_POINT('',#2321);
#645=VERTEX_POINT('',#2323);
#646=VERTEX_POINT('',#2325);
#647=VERTEX_POINT('',#2327);
#648=VERTEX_POINT('',#2329);
#649=VERTEX_POINT('',#2333);
#650=VERTEX_POINT('',#2337);
#651=VERTEX_POINT('',#2341);
#652=VERTEX_POINT('',#2345);
#653=VERTEX_POINT('',#2349);
#654=VERTEX_POINT('',#2615);
#655=VERTEX_POINT('',#2618);
#656=VERTEX_POINT('',#2621);
#657=VERTEX_POINT('',#2622);
#658=VERTEX_POINT('',#2624);
#659=VERTEX_POINT('',#2626);
#660=VERTEX_POINT('',#2630);
#661=VERTEX_POINT('',#2632);
#662=VERTEX_POINT('',#2636);
#663=VERTEX_POINT('',#2637);
#664=VERTEX_POINT('',#2639);
#665=VERTEX_POINT('',#2641);
#666=VERTEX_POINT('',#2645);
#667=VERTEX_POINT('',#2647);
#668=VERTEX_POINT('',#2651);
#669=VERTEX_POINT('',#2653);
#670=VERTEX_POINT('',#2660);
#671=VERTEX_POINT('',#2661);
#672=VERTEX_POINT('',#2663);
#673=VERTEX_POINT('',#2666);
#674=VERTEX_POINT('',#2668);
#675=VERTEX_POINT('',#2672);
#676=VERTEX_POINT('',#2673);
#677=VERTEX_POINT('',#2675);
#678=VERTEX_POINT('',#2677);
#679=VERTEX_POINT('',#2679);
#680=VERTEX_POINT('',#2681);
#681=VERTEX_POINT('',#2683);
#682=VERTEX_POINT('',#2685);
#683=VERTEX_POINT('',#2687);
#684=VERTEX_POINT('',#2689);
#685=VERTEX_POINT('',#2691);
#686=VERTEX_POINT('',#2693);
#687=VERTEX_POINT('',#2697);
#688=VERTEX_POINT('',#2701);
#689=VERTEX_POINT('',#2705);
#690=VERTEX_POINT('',#2709);
#691=VERTEX_POINT('',#2713);
#692=LINE('',#1707,#839);
#693=LINE('',#1710,#840);
#694=LINE('',#1712,#841);
#695=LINE('',#1714,#842);
#696=LINE('',#1716,#843);
#697=LINE('',#1719,#844);
#698=LINE('',#1721,#845);
#699=LINE('',#1723,#846);
#700=LINE('',#1730,#847);
#701=LINE('',#1741,#848);
#702=LINE('',#1743,#849);
#703=LINE('',#1750,#850);
#704=LINE('',#1758,#851);
#705=LINE('',#1761,#852);
#706=LINE('',#1763,#853);
#707=LINE('',#1765,#854);
#708=LINE('',#1768,#855);
#709=LINE('',#1770,#856);
#710=LINE('',#1772,#857);
#711=LINE('',#1779,#858);
#712=LINE('',#1781,#859);
#713=LINE('',#1783,#860);
#714=LINE('',#1785,#861);
#715=LINE('',#1787,#862);
#716=LINE('',#1789,#863);
#717=LINE('',#1791,#864);
#718=LINE('',#1793,#865);
#719=LINE('',#2256,#866);
#720=LINE('',#2259,#867);
#721=LINE('',#2261,#868);
#722=LINE('',#2263,#869);
#723=LINE('',#2265,#870);
#724=LINE('',#2267,#871);
#725=LINE('',#2269,#872);
#726=LINE('',#2271,#873);
#727=LINE('',#2274,#874);
#728=LINE('',#2276,#875);
#729=LINE('',#2278,#876);
#730=LINE('',#2280,#877);
#731=LINE('',#2282,#878);
#732=LINE('',#2284,#879);
#733=LINE('',#2286,#880);
#734=LINE('',#2288,#881);
#735=LINE('',#2290,#882);
#736=LINE('',#2292,#883);
#737=LINE('',#2293,#884);
#738=LINE('',#2295,#885);
#739=LINE('',#2298,#886);
#740=LINE('',#2300,#887);
#741=LINE('',#2301,#888);
#742=LINE('',#2303,#889);
#743=LINE('',#2305,#890);
#744=LINE('',#2307,#891);
#745=LINE('',#2310,#892);
#746=LINE('',#2312,#893);
#747=LINE('',#2314,#894);
#748=LINE('',#2316,#895);
#749=LINE('',#2318,#896);
#750=LINE('',#2320,#897);
#751=LINE('',#2322,#898);
#752=LINE('',#2324,#899);
#753=LINE('',#2326,#900);
#754=LINE('',#2328,#901);
#755=LINE('',#2330,#902);
#756=LINE('',#2332,#903);
#757=LINE('',#2334,#904);
#758=LINE('',#2336,#905);
#759=LINE('',#2338,#906);
#760=LINE('',#2340,#907);
#761=LINE('',#2342,#908);
#762=LINE('',#2344,#909);
#763=LINE('',#2346,#910);
#764=LINE('',#2348,#911);
#765=LINE('',#2350,#912);
#766=LINE('',#2352,#913);
#767=LINE('',#2354,#914);
#768=LINE('',#2355,#915);
#769=LINE('',#2357,#916);
#770=LINE('',#2359,#917);
#771=LINE('',#2361,#918);
#772=LINE('',#2362,#919);
#773=LINE('',#2364,#920);
#774=LINE('',#2366,#921);
#775=LINE('',#2368,#922);
#776=LINE('',#2370,#923);
#777=LINE('',#2372,#924);
#778=LINE('',#2374,#925);
#779=LINE('',#2620,#926);
#780=LINE('',#2623,#927);
#781=LINE('',#2625,#928);
#782=LINE('',#2627,#929);
#783=LINE('',#2629,#930);
#784=LINE('',#2631,#931);
#785=LINE('',#2633,#932);
#786=LINE('',#2635,#933);
#787=LINE('',#2638,#934);
#788=LINE('',#2640,#935);
#789=LINE('',#2642,#936);
#790=LINE('',#2644,#937);
#791=LINE('',#2646,#938);
#792=LINE('',#2648,#939);
#793=LINE('',#2650,#940);
#794=LINE('',#2652,#941);
#795=LINE('',#2654,#942);
#796=LINE('',#2656,#943);
#797=LINE('',#2657,#944);
#798=LINE('',#2659,#945);
#799=LINE('',#2662,#946);
#800=LINE('',#2664,#947);
#801=LINE('',#2665,#948);
#802=LINE('',#2667,#949);
#803=LINE('',#2669,#950);
#804=LINE('',#2671,#951);
#805=LINE('',#2674,#952);
#806=LINE('',#2676,#953);
#807=LINE('',#2678,#954);
#808=LINE('',#2680,#955);
#809=LINE('',#2682,#956);
#810=LINE('',#2684,#957);
#811=LINE('',#2686,#958);
#812=LINE('',#2688,#959);
#813=LINE('',#2690,#960);
#814=LINE('',#2692,#961);
#815=LINE('',#2694,#962);
#816=LINE('',#2696,#963);
#817=LINE('',#2698,#964);
#818=LINE('',#2700,#965);
#819=LINE('',#2702,#966);
#820=LINE('',#2704,#967);
#821=LINE('',#2706,#968);
#822=LINE('',#2708,#969);
#823=LINE('',#2710,#970);
#824=LINE('',#2712,#971);
#825=LINE('',#2714,#972);
#826=LINE('',#2716,#973);
#827=LINE('',#2718,#974);
#828=LINE('',#2719,#975);
#829=LINE('',#2721,#976);
#830=LINE('',#2723,#977);
#831=LINE('',#2725,#978);
#832=LINE('',#2726,#979);
#833=LINE('',#2728,#980);
#834=LINE('',#2730,#981);
#835=LINE('',#2732,#982);
#836=LINE('',#2734,#983);
#837=LINE('',#2736,#984);
#838=LINE('',#2738,#985);
#839=VECTOR('',#1396,1.);
#840=VECTOR('',#1397,1.);
#841=VECTOR('',#1398,1.);
#842=VECTOR('',#1399,1.);
#843=VECTOR('',#1402,1.);
#844=VECTOR('',#1403,1.);
#845=VECTOR('',#1404,1.);
#846=VECTOR('',#1405,1.);
#847=VECTOR('',#1408,1.);
#848=VECTOR('',#1415,1.);
#849=VECTOR('',#1418,1.);
#850=VECTOR('',#1419,1.);
#851=VECTOR('',#1426,1.);
#852=VECTOR('',#1427,1.);
#853=VECTOR('',#1428,1.);
#854=VECTOR('',#1429,1.);
#855=VECTOR('',#1432,1.);
#856=VECTOR('',#1435,1.);
#857=VECTOR('',#1436,1.);
#858=VECTOR('',#1441,1.);
#859=VECTOR('',#1442,1.);
#860=VECTOR('',#1443,1.);
#861=VECTOR('',#1446,1.);
#862=VECTOR('',#1447,1.);
#863=VECTOR('',#1450,1.);
#864=VECTOR('',#1451,1.);
#865=VECTOR('',#1454,1.);
#866=VECTOR('',#1467,1.);
#867=VECTOR('',#1468,1.);
#868=VECTOR('',#1469,1.);
#869=VECTOR('',#1470,1.);
#870=VECTOR('',#1473,1.);
#871=VECTOR('',#1474,1.);
#872=VECTOR('',#1475,1.);
#873=VECTOR('',#1478,1.);
#874=VECTOR('',#1479,1.);
#875=VECTOR('',#1480,1.);
#876=VECTOR('',#1481,1.);
#877=VECTOR('',#1484,1.);
#878=VECTOR('',#1485,1.);
#879=VECTOR('',#1486,1.);
#880=VECTOR('',#1489,1.);
#881=VECTOR('',#1490,1.);
#882=VECTOR('',#1491,1.);
#883=VECTOR('',#1494,1.);
#884=VECTOR('',#1495,1.);
#885=VECTOR('',#1498,1.);
#886=VECTOR('',#1499,1.);
#887=VECTOR('',#1500,1.);
#888=VECTOR('',#1501,1.);
#889=VECTOR('',#1502,1.);
#890=VECTOR('',#1503,1.);
#891=VECTOR('',#1506,1.);
#892=VECTOR('',#1507,1.);
#893=VECTOR('',#1508,1.);
#894=VECTOR('',#1509,1.);
#895=VECTOR('',#1510,1.);
#896=VECTOR('',#1511,1.);
#897=VECTOR('',#1512,1.);
#898=VECTOR('',#1513,1.);
#899=VECTOR('',#1514,1.);
#900=VECTOR('',#1515,1.);
#901=VECTOR('',#1516,1.);
#902=VECTOR('',#1517,1.);
#903=VECTOR('',#1520,1.);
#904=VECTOR('',#1521,1.);
#905=VECTOR('',#1524,1.);
#906=VECTOR('',#1525,1.);
#907=VECTOR('',#1528,1.);
#908=VECTOR('',#1529,1.);
#909=VECTOR('',#1532,1.);
#910=VECTOR('',#1533,1.);
#911=VECTOR('',#1536,1.);
#912=VECTOR('',#1537,1.);
#913=VECTOR('',#1540,1.);
#914=VECTOR('',#1543,1.);
#915=VECTOR('',#1544,1.);
#916=VECTOR('',#1547,1.);
#917=VECTOR('',#1550,1.);
#918=VECTOR('',#1553,1.);
#919=VECTOR('',#1554,1.);
#920=VECTOR('',#1557,1.);
#921=VECTOR('',#1560,1.);
#922=VECTOR('',#1563,1.);
#923=VECTOR('',#1566,1.);
#924=VECTOR('',#1569,1.);
#925=VECTOR('',#1572,1.);
#926=VECTOR('',#1589,1.);
#927=VECTOR('',#1590,1.);
#928=VECTOR('',#1591,1.);
#929=VECTOR('',#1592,1.);
#930=VECTOR('',#1595,1.);
#931=VECTOR('',#1596,1.);
#932=VECTOR('',#1597,1.);
#933=VECTOR('',#1600,1.);
#934=VECTOR('',#1601,1.);
#935=VECTOR('',#1602,1.);
#936=VECTOR('',#1603,1.);
#937=VECTOR('',#1606,1.);
#938=VECTOR('',#1607,1.);
#939=VECTOR('',#1608,1.);
#940=VECTOR('',#1611,1.);
#941=VECTOR('',#1612,1.);
#942=VECTOR('',#1613,1.);
#943=VECTOR('',#1616,1.);
#944=VECTOR('',#1617,1.);
#945=VECTOR('',#1620,1.);
#946=VECTOR('',#1621,1.);
#947=VECTOR('',#1622,1.);
#948=VECTOR('',#1623,1.);
#949=VECTOR('',#1624,1.);
#950=VECTOR('',#1625,1.);
#951=VECTOR('',#1628,1.);
#952=VECTOR('',#1629,1.);
#953=VECTOR('',#1630,1.);
#954=VECTOR('',#1631,1.);
#955=VECTOR('',#1632,1.);
#956=VECTOR('',#1633,1.);
#957=VECTOR('',#1634,1.);
#958=VECTOR('',#1635,1.);
#959=VECTOR('',#1636,1.);
#960=VECTOR('',#1637,1.);
#961=VECTOR('',#1638,1.);
#962=VECTOR('',#1639,1.);
#963=VECTOR('',#1642,1.);
#964=VECTOR('',#1643,1.);
#965=VECTOR('',#1646,1.);
#966=VECTOR('',#1647,1.);
#967=VECTOR('',#1650,1.);
#968=VECTOR('',#1651,1.);
#969=VECTOR('',#1654,1.);
#970=VECTOR('',#1655,1.);
#971=VECTOR('',#1658,1.);
#972=VECTOR('',#1659,1.);
#973=VECTOR('',#1662,1.);
#974=VECTOR('',#1665,1.);
#975=VECTOR('',#1666,1.);
#976=VECTOR('',#1669,1.);
#977=VECTOR('',#1672,1.);
#978=VECTOR('',#1675,1.);
#979=VECTOR('',#1676,1.);
#980=VECTOR('',#1679,1.);
#981=VECTOR('',#1682,1.);
#982=VECTOR('',#1685,1.);
#983=VECTOR('',#1688,1.);
#984=VECTOR('',#1691,1.);
#985=VECTOR('',#1694,1.);
#986=EDGE_LOOP('',(#64,#65,#66,#67));
#987=EDGE_LOOP('',(#68,#69,#70,#71));
#988=EDGE_LOOP('',(#72,#73,#74,#75));
#989=EDGE_LOOP('',(#76,#77,#78,#79));
#990=EDGE_LOOP('',(#80,#81,#82,#83));
#991=EDGE_LOOP('',(#84,#85,#86,#87));
#992=EDGE_LOOP('',(#88,#89,#90,#91));
#993=EDGE_LOOP('',(#92,#93,#94,#95,#96,#97,#98,#99));
#994=EDGE_LOOP('',(#100,#101,#102,#103));
#995=EDGE_LOOP('',(#104,#105,#106,#107));
#996=EDGE_LOOP('',(#108,#109,#110,#111));
#997=EDGE_LOOP('',(#112,#113,#114,#115));
#998=EDGE_LOOP('',(#116,#117,#118,#119));
#999=EDGE_LOOP('',(#120,#121,#122,#123));
#1000=EDGE_LOOP('',(#124));
#1001=EDGE_LOOP('',(#125,#126,#127,#128));
#1002=EDGE_LOOP('',(#129,#130));
#1003=EDGE_LOOP('',(#131,#132,#133,#134,#135,#136,#137,#138));
#1004=EDGE_LOOP('',(#139,#140,#141,#142,#143,#144,#145,#146,#147,#148));
#1005=EDGE_LOOP('',(#149));
#1006=EDGE_LOOP('',(#150));
#1007=EDGE_LOOP('',(#151,#152,#153,#154));
#1008=EDGE_LOOP('',(#155,#156,#157,#158));
#1009=EDGE_LOOP('',(#159,#160,#161,#162));
#1010=EDGE_LOOP('',(#163,#164,#165,#166));
#1011=EDGE_LOOP('',(#167,#168,#169,#170));
#1012=EDGE_LOOP('',(#171,#172,#173,#174));
#1013=EDGE_LOOP('',(#175,#176,#177,#178,#179,#180,#181,#182,#183,#184,#185,
#186));
#1014=EDGE_LOOP('',(#187,#188,#189,#190,#191,#192,#193,#194,#195,#196,#197,
#198));
#1015=EDGE_LOOP('',(#199));
#1016=EDGE_LOOP('',(#200,#201,#202,#203));
#1017=EDGE_LOOP('',(#204,#205,#206,#207));
#1018=EDGE_LOOP('',(#208,#209,#210,#211));
#1019=EDGE_LOOP('',(#212,#213,#214,#215));
#1020=EDGE_LOOP('',(#216,#217,#218,#219));
#1021=EDGE_LOOP('',(#220,#221,#222,#223));
#1022=EDGE_LOOP('',(#224,#225,#226,#227));
#1023=EDGE_LOOP('',(#228,#229,#230,#231));
#1024=EDGE_LOOP('',(#232,#233,#234,#235));
#1025=EDGE_LOOP('',(#236,#237,#238,#239));
#1026=EDGE_LOOP('',(#240,#241,#242,#243));
#1027=EDGE_LOOP('',(#244,#245,#246,#247));
#1028=EDGE_LOOP('',(#248,#249,#250,#251));
#1029=EDGE_LOOP('',(#252,#253,#254,#255));
#1030=EDGE_LOOP('',(#256,#257,#258,#259));
#1031=EDGE_LOOP('',(#260,#261,#262,#263));
#1032=EDGE_LOOP('',(#264,#265,#266,#267));
#1033=EDGE_LOOP('',(#268,#269,#270,#271));
#1034=EDGE_LOOP('',(#272,#273));
#1035=EDGE_LOOP('',(#274,#275,#276,#277,#278,#279,#280,#281,#282,#283));
#1036=EDGE_LOOP('',(#284));
#1037=EDGE_LOOP('',(#285));
#1038=EDGE_LOOP('',(#286));
#1039=EDGE_LOOP('',(#287,#288,#289,#290));
#1040=EDGE_LOOP('',(#291,#292,#293,#294));
#1041=EDGE_LOOP('',(#295,#296,#297,#298));
#1042=EDGE_LOOP('',(#299,#300,#301,#302));
#1043=EDGE_LOOP('',(#303,#304,#305,#306));
#1044=EDGE_LOOP('',(#307,#308,#309,#310));
#1045=EDGE_LOOP('',(#311,#312,#313,#314,#315,#316,#317,#318,#319,#320,#321,
#322));
#1046=EDGE_LOOP('',(#323,#324,#325,#326,#327,#328,#329,#330,#331,#332,#333,
#334));
#1047=EDGE_LOOP('',(#335));
#1048=EDGE_LOOP('',(#336,#337,#338,#339));
#1049=EDGE_LOOP('',(#340,#341,#342,#343));
#1050=EDGE_LOOP('',(#344,#345,#346,#347));
#1051=EDGE_LOOP('',(#348,#349,#350,#351));
#1052=EDGE_LOOP('',(#352,#353,#354,#355));
#1053=EDGE_LOOP('',(#356,#357,#358,#359));
#1054=EDGE_LOOP('',(#360,#361,#362,#363));
#1055=EDGE_LOOP('',(#364,#365,#366,#367));
#1056=EDGE_LOOP('',(#368,#369,#370,#371));
#1057=EDGE_LOOP('',(#372,#373,#374,#375));
#1058=EDGE_LOOP('',(#376,#377,#378,#379));
#1059=EDGE_LOOP('',(#380,#381,#382,#383));
#1060=EDGE_LOOP('',(#384,#385,#386,#387));
#1061=EDGE_LOOP('',(#388,#389,#390,#391));
#1062=EDGE_LOOP('',(#392,#393,#394,#395));
#1063=EDGE_LOOP('',(#396,#397,#398,#399));
#1064=EDGE_LOOP('',(#400,#401,#402,#403));
#1065=EDGE_LOOP('',(#404,#405,#406,#407));
#1066=FACE_BOUND('',#986,.T.);
#1067=FACE_BOUND('',#987,.T.);
#1068=FACE_BOUND('',#988,.T.);
#1069=FACE_BOUND('',#989,.T.);
#1070=FACE_BOUND('',#990,.T.);
#1071=FACE_BOUND('',#991,.T.);
#1072=FACE_BOUND('',#992,.T.);
#1073=FACE_BOUND('',#993,.T.);
#1074=FACE_BOUND('',#994,.T.);
#1075=FACE_BOUND('',#995,.T.);
#1076=FACE_BOUND('',#996,.T.);
#1077=FACE_BOUND('',#997,.T.);
#1078=FACE_BOUND('',#998,.T.);
#1079=FACE_BOUND('',#999,.T.);
#1080=FACE_BOUND('',#1000,.T.);
#1081=FACE_BOUND('',#1001,.T.);
#1082=FACE_BOUND('',#1002,.T.);
#1083=FACE_BOUND('',#1003,.T.);
#1084=FACE_BOUND('',#1004,.T.);
#1085=FACE_BOUND('',#1005,.T.);
#1086=FACE_BOUND('',#1006,.T.);
#1087=FACE_BOUND('',#1007,.T.);
#1088=FACE_BOUND('',#1008,.T.);
#1089=FACE_BOUND('',#1009,.T.);
#1090=FACE_BOUND('',#1010,.T.);
#1091=FACE_BOUND('',#1011,.T.);
#1092=FACE_BOUND('',#1012,.T.);
#1093=FACE_BOUND('',#1013,.T.);
#1094=FACE_BOUND('',#1014,.T.);
#1095=FACE_BOUND('',#1015,.T.);
#1096=FACE_BOUND('',#1016,.T.);
#1097=FACE_BOUND('',#1017,.T.);
#1098=FACE_BOUND('',#1018,.T.);
#1099=FACE_BOUND('',#1019,.T.);
#1100=FACE_BOUND('',#1020,.T.);
#1101=FACE_BOUND('',#1021,.T.);
#1102=FACE_BOUND('',#1022,.T.);
#1103=FACE_BOUND('',#1023,.T.);
#1104=FACE_BOUND('',#1024,.T.);
#1105=FACE_BOUND('',#1025,.T.);
#1106=FACE_BOUND('',#1026,.T.);
#1107=FACE_BOUND('',#1027,.T.);
#1108=FACE_BOUND('',#1028,.T.);
#1109=FACE_BOUND('',#1029,.T.);
#1110=FACE_BOUND('',#1030,.T.);
#1111=FACE_BOUND('',#1031,.T.);
#1112=FACE_BOUND('',#1032,.T.);
#1113=FACE_BOUND('',#1033,.T.);
#1114=FACE_BOUND('',#1034,.T.);
#1115=FACE_BOUND('',#1035,.T.);
#1116=FACE_BOUND('',#1036,.T.);
#1117=FACE_BOUND('',#1037,.T.);
#1118=FACE_BOUND('',#1038,.T.);
#1119=FACE_BOUND('',#1039,.T.);
#1120=FACE_BOUND('',#1040,.T.);
#1121=FACE_BOUND('',#1041,.T.);
#1122=FACE_BOUND('',#1042,.T.);
#1123=FACE_BOUND('',#1043,.T.);
#1124=FACE_BOUND('',#1044,.T.);
#1125=FACE_BOUND('',#1045,.T.);
#1126=FACE_BOUND('',#1046,.T.);
#1127=FACE_BOUND('',#1047,.T.);
#1128=FACE_BOUND('',#1048,.T.);
#1129=FACE_BOUND('',#1049,.T.);
#1130=FACE_BOUND('',#1050,.T.);
#1131=FACE_BOUND('',#1051,.T.);
#1132=FACE_BOUND('',#1052,.T.);
#1133=FACE_BOUND('',#1053,.T.);
#1134=FACE_BOUND('',#1054,.T.);
#1135=FACE_BOUND('',#1055,.T.);
#1136=FACE_BOUND('',#1056,.T.);
#1137=FACE_BOUND('',#1057,.T.);
#1138=FACE_BOUND('',#1058,.T.);
#1139=FACE_BOUND('',#1059,.T.);
#1140=FACE_BOUND('',#1060,.T.);
#1141=FACE_BOUND('',#1061,.T.);
#1142=FACE_BOUND('',#1062,.T.);
#1143=FACE_BOUND('',#1063,.T.);
#1144=FACE_BOUND('',#1064,.T.);
#1145=FACE_BOUND('',#1065,.T.);
#1146=PLANE('',#1310);
#1147=PLANE('',#1311);
#1148=PLANE('',#1316);
#1149=PLANE('',#1319);
#1150=PLANE('',#1321);
#1151=PLANE('',#1323);
#1152=PLANE('',#1324);
#1153=PLANE('',#1325);
#1154=PLANE('',#1326);
#1155=PLANE('',#1327);
#1156=PLANE('',#1332);
#1157=PLANE('',#1333);
#1158=PLANE('',#1334);
#1159=PLANE('',#1335);
#1160=PLANE('',#1336);
#1161=PLANE('',#1337);
#1162=PLANE('',#1338);
#1163=PLANE('',#1339);
#1164=PLANE('',#1340);
#1165=PLANE('',#1341);
#1166=PLANE('',#1342);
#1167=PLANE('',#1343);
#1168=PLANE('',#1344);
#1169=PLANE('',#1345);
#1170=PLANE('',#1346);
#1171=PLANE('',#1347);
#1172=PLANE('',#1348);
#1173=PLANE('',#1349);
#1174=PLANE('',#1350);
#1175=PLANE('',#1351);
#1176=PLANE('',#1352);
#1177=PLANE('',#1353);
#1178=PLANE('',#1354);
#1179=PLANE('',#1355);
#1180=PLANE('',#1356);
#1181=PLANE('',#1357);
#1182=PLANE('',#1359);
#1183=PLANE('',#1363);
#1184=PLANE('',#1364);
#1185=PLANE('',#1365);
#1186=PLANE('',#1366);
#1187=PLANE('',#1367);
#1188=PLANE('',#1368);
#1189=PLANE('',#1369);
#1190=PLANE('',#1370);
#1191=PLANE('',#1371);
#1192=PLANE('',#1372);
#1193=PLANE('',#1373);
#1194=PLANE('',#1374);
#1195=PLANE('',#1375);
#1196=PLANE('',#1376);
#1197=PLANE('',#1377);
#1198=PLANE('',#1378);
#1199=PLANE('',#1379);
#1200=PLANE('',#1380);
#1201=PLANE('',#1381);
#1202=PLANE('',#1382);
#1203=PLANE('',#1383);
#1204=PLANE('',#1384);
#1205=PLANE('',#1385);
#1206=PLANE('',#1386);
#1207=PLANE('',#1387);
#1208=PLANE('',#1388);
#1209=ADVANCED_FACE('',(#1066),#1146,.T.);
#1210=ADVANCED_FACE('',(#1067),#1147,.T.);
#1211=ADVANCED_FACE('',(#1068),#58,.T.);
#1212=ADVANCED_FACE('',(#1069),#59,.T.);
#1213=ADVANCED_FACE('',(#1070),#1148,.T.);
#1214=ADVANCED_FACE('',(#1071),#60,.T.);
#1215=ADVANCED_FACE('',(#1072,#1073),#1149,.F.);
#1216=ADVANCED_FACE('',(#1074),#1150,.T.);
#1217=ADVANCED_FACE('',(#1075),#61,.T.);
#1218=ADVANCED_FACE('',(#1076),#1151,.F.);
#1219=ADVANCED_FACE('',(#1077),#1152,.F.);
#1220=ADVANCED_FACE('',(#1078),#1153,.F.);
#1221=ADVANCED_FACE('',(#1079),#1154,.F.);
#1222=ADVANCED_FACE('',(#1080,#1081),#1155,.F.);
#1223=ADVANCED_FACE('',(#1082),#32,.F.);
#1224=ADVANCED_FACE('',(#1083,#1084),#30,.F.);
#1225=ADVANCED_FACE('',(#1085,#1086),#62,.T.);
#1226=ADVANCED_FACE('',(#1087),#1156,.T.);
#1227=ADVANCED_FACE('',(#1088),#1157,.T.);
#1228=ADVANCED_FACE('',(#1089),#1158,.T.);
#1229=ADVANCED_FACE('',(#1090),#1159,.T.);
#1230=ADVANCED_FACE('',(#1091),#1160,.T.);
#1231=ADVANCED_FACE('',(#1092),#1161,.T.);
#1232=ADVANCED_FACE('',(#1093),#1162,.T.);
#1233=ADVANCED_FACE('',(#1094,#1095),#1163,.F.);
#1234=ADVANCED_FACE('',(#1096),#1164,.T.);
#1235=ADVANCED_FACE('',(#1097),#1165,.T.);
#1236=ADVANCED_FACE('',(#1098),#1166,.T.);
#1237=ADVANCED_FACE('',(#1099),#1167,.T.);
#1238=ADVANCED_FACE('',(#1100),#1168,.T.);
#1239=ADVANCED_FACE('',(#1101),#1169,.T.);
#1240=ADVANCED_FACE('',(#1102),#1170,.T.);
#1241=ADVANCED_FACE('',(#1103),#1171,.T.);
#1242=ADVANCED_FACE('',(#1104),#1172,.T.);
#1243=ADVANCED_FACE('',(#1105),#1173,.T.);
#1244=ADVANCED_FACE('',(#1106),#1174,.T.);
#1245=ADVANCED_FACE('',(#1107),#1175,.T.);
#1246=ADVANCED_FACE('',(#1108),#1176,.T.);
#1247=ADVANCED_FACE('',(#1109),#1177,.T.);
#1248=ADVANCED_FACE('',(#1110),#1178,.T.);
#1249=ADVANCED_FACE('',(#1111),#1179,.T.);
#1250=ADVANCED_FACE('',(#1112),#1180,.T.);
#1251=ADVANCED_FACE('',(#1113),#1181,.T.);
#1252=ADVANCED_FACE('',(#1114,#1115),#31,.F.);
#1253=ADVANCED_FACE('',(#1116),#1182,.T.);
#1254=ADVANCED_FACE('',(#1117,#1118),#63,.T.);
#1255=ADVANCED_FACE('',(#1119),#1183,.T.);
#1256=ADVANCED_FACE('',(#1120),#1184,.T.);
#1257=ADVANCED_FACE('',(#1121),#1185,.T.);
#1258=ADVANCED_FACE('',(#1122),#1186,.T.);
#1259=ADVANCED_FACE('',(#1123),#1187,.T.);
#1260=ADVANCED_FACE('',(#1124),#1188,.T.);
#1261=ADVANCED_FACE('',(#1125),#1189,.T.);
#1262=ADVANCED_FACE('',(#1126,#1127),#1190,.F.);
#1263=ADVANCED_FACE('',(#1128),#1191,.T.);
#1264=ADVANCED_FACE('',(#1129),#1192,.T.);
#1265=ADVANCED_FACE('',(#1130),#1193,.T.);
#1266=ADVANCED_FACE('',(#1131),#1194,.T.);
#1267=ADVANCED_FACE('',(#1132),#1195,.T.);
#1268=ADVANCED_FACE('',(#1133),#1196,.T.);
#1269=ADVANCED_FACE('',(#1134),#1197,.T.);
#1270=ADVANCED_FACE('',(#1135),#1198,.T.);
#1271=ADVANCED_FACE('',(#1136),#1199,.T.);
#1272=ADVANCED_FACE('',(#1137),#1200,.T.);
#1273=ADVANCED_FACE('',(#1138),#1201,.T.);
#1274=ADVANCED_FACE('',(#1139),#1202,.T.);
#1275=ADVANCED_FACE('',(#1140),#1203,.T.);
#1276=ADVANCED_FACE('',(#1141),#1204,.T.);
#1277=ADVANCED_FACE('',(#1142),#1205,.T.);
#1278=ADVANCED_FACE('',(#1143),#1206,.T.);
#1279=ADVANCED_FACE('',(#1144),#1207,.T.);
#1280=ADVANCED_FACE('',(#1145),#1208,.T.);
#1281=CLOSED_SHELL('',(#1209,#1210,#1211,#1212,#1213,#1214,#1215,#1216,
#1217,#1218,#1219,#1220,#1221,#1222,#1223,#1224,#1225,#1226,#1227,#1228,
#1229,#1230,#1231,#1232,#1233,#1234,#1235,#1236,#1237,#1238,#1239,#1240,
#1241,#1242,#1243,#1244,#1245,#1246,#1247,#1248,#1249,#1250,#1251,#1252));
#1282=CLOSED_SHELL('',(#1253,#1254,#1255,#1256,#1257,#1258,#1259,#1260,
#1261,#1262,#1263,#1264,#1265,#1266,#1267,#1268,#1269,#1270,#1271,#1272,
#1273,#1274,#1275,#1276,#1277,#1278,#1279,#1280));
#1283=STYLED_ITEM('',(#1285),#1299);
#1284=STYLED_ITEM('',(#1286),#1300);
#1285=PRESENTATION_STYLE_ASSIGNMENT((#1287));
#1286=PRESENTATION_STYLE_ASSIGNMENT((#1288));
#1287=SURFACE_STYLE_USAGE(.BOTH.,#1289);
#1288=SURFACE_STYLE_USAGE(.BOTH.,#1290);
#1289=SURFACE_SIDE_STYLE('',(#1291));
#1290=SURFACE_SIDE_STYLE('',(#1292));
#1291=SURFACE_STYLE_FILL_AREA(#1293);
#1292=SURFACE_STYLE_FILL_AREA(#1294);
#1293=FILL_AREA_STYLE('',(#1295));
#1294=FILL_AREA_STYLE('',(#1296));
#1295=FILL_AREA_STYLE_COLOUR('',#1297);
#1296=FILL_AREA_STYLE_COLOUR('',#1298);
#1297=COLOUR_RGB('',0.964705882352941,0.964705882352941,0.952941176470588);
#1298=COLOUR_RGB('',0.627450980392157,0.627450980392157,0.627450980392157);
#1299=MANIFOLD_SOLID_BREP('DSA 1u v2',#1281);
#1300=MANIFOLD_SOLID_BREP('MX Mount v1',#1282);
#1301=SHAPE_DEFINITION_REPRESENTATION(#2756,#1305);
#1302=SHAPE_DEFINITION_REPRESENTATION(#2757,#1306);
#1303=SHAPE_DEFINITION_REPRESENTATION(#2759,#1307);
#1304=SHAPE_DEFINITION_REPRESENTATION(#2760,#1308);
#1305=SHAPE_REPRESENTATION('Assembly 2',(#1309,#1358,#1391),#2745);
#1306=SHAPE_REPRESENTATION('DSA 1u v2',(#1309),#2746);
#1307=SHAPE_REPRESENTATION('DSA 1u v2 <1>',(#1309,#1389,#1390),#2747);
#1308=SHAPE_REPRESENTATION('MX Mount v1',(#1309),#2748);
#1309=AXIS2_PLACEMENT_3D('',#1705,#1392,#1393);
#1310=AXIS2_PLACEMENT_3D('',#1706,#1394,#1395);
#1311=AXIS2_PLACEMENT_3D('',#1715,#1400,#1401);
#1312=AXIS2_PLACEMENT_3D('',#1724,#1406,#1407);
#1313=AXIS2_PLACEMENT_3D('',#1732,#1409,#1410);
#1314=AXIS2_PLACEMENT_3D('',#1733,#1411,#1412);
#1315=AXIS2_PLACEMENT_3D('',#1739,#1413,#1414);
#1316=AXIS2_PLACEMENT_3D('',#1742,#1416,#1417);
#1317=AXIS2_PLACEMENT_3D('',#1751,#1420,#1421);
#1318=AXIS2_PLACEMENT_3D('',#1756,#1422,#1423);
#1319=AXIS2_PLACEMENT_3D('',#1757,#1424,#1425);
#1320=AXIS2_PLACEMENT_3D('',#1766,#1430,#1431);
#1321=AXIS2_PLACEMENT_3D('',#1769,#1433,#1434);
#1322=AXIS2_PLACEMENT_3D('',#1773,#1437,#1438);
#1323=AXIS2_PLACEMENT_3D('',#1778,#1439,#1440);
#1324=AXIS2_PLACEMENT_3D('',#1784,#1444,#1445);
#1325=AXIS2_PLACEMENT_3D('',#1788,#1448,#1449);
#1326=AXIS2_PLACEMENT_3D('',#1792,#1452,#1453);
#1327=AXIS2_PLACEMENT_3D('',#1794,#1455,#1456);
#1328=AXIS2_PLACEMENT_3D('',#1795,#1457,#1458);
#1329=AXIS2_PLACEMENT_3D('',#1797,#1459,#1460);
#1330=AXIS2_PLACEMENT_3D('',#2252,#1461,#1462);
#1331=AXIS2_PLACEMENT_3D('',#2253,#1463,#1464);
#1332=AXIS2_PLACEMENT_3D('',#2255,#1465,#1466);
#1333=AXIS2_PLACEMENT_3D('',#2264,#1471,#1472);
#1334=AXIS2_PLACEMENT_3D('',#2270,#1476,#1477);
#1335=AXIS2_PLACEMENT_3D('',#2279,#1482,#1483);
#1336=AXIS2_PLACEMENT_3D('',#2285,#1487,#1488);
#1337=AXIS2_PLACEMENT_3D('',#2291,#1492,#1493);
#1338=AXIS2_PLACEMENT_3D('',#2294,#1496,#1497);
#1339=AXIS2_PLACEMENT_3D('',#2306,#1504,#1505);
#1340=AXIS2_PLACEMENT_3D('',#2331,#1518,#1519);
#1341=AXIS2_PLACEMENT_3D('',#2335,#1522,#1523);
#1342=AXIS2_PLACEMENT_3D('',#2339,#1526,#1527);
#1343=AXIS2_PLACEMENT_3D('',#2343,#1530,#1531);
#1344=AXIS2_PLACEMENT_3D('',#2347,#1534,#1535);
#1345=AXIS2_PLACEMENT_3D('',#2351,#1538,#1539);
#1346=AXIS2_PLACEMENT_3D('',#2353,#1541,#1542);
#1347=AXIS2_PLACEMENT_3D('',#2356,#1545,#1546);
#1348=AXIS2_PLACEMENT_3D('',#2358,#1548,#1549);
#1349=AXIS2_PLACEMENT_3D('',#2360,#1551,#1552);
#1350=AXIS2_PLACEMENT_3D('',#2363,#1555,#1556);
#1351=AXIS2_PLACEMENT_3D('',#2365,#1558,#1559);
#1352=AXIS2_PLACEMENT_3D('',#2367,#1561,#1562);
#1353=AXIS2_PLACEMENT_3D('',#2369,#1564,#1565);
#1354=AXIS2_PLACEMENT_3D('',#2371,#1567,#1568);
#1355=AXIS2_PLACEMENT_3D('',#2373,#1570,#1571);
#1356=AXIS2_PLACEMENT_3D('',#2375,#1573,#1574);
#1357=AXIS2_PLACEMENT_3D('',#2376,#1575,#1576);
#1358=AXIS2_PLACEMENT_3D('',#2612,#1577,#1578);
#1359=AXIS2_PLACEMENT_3D('',#2613,#1579,#1580);
#1360=AXIS2_PLACEMENT_3D('',#2614,#1581,#1582);
#1361=AXIS2_PLACEMENT_3D('',#2616,#1583,#1584);
#1362=AXIS2_PLACEMENT_3D('',#2617,#1585,#1586);
#1363=AXIS2_PLACEMENT_3D('',#2619,#1587,#1588);
#1364=AXIS2_PLACEMENT_3D('',#2628,#1593,#1594);
#1365=AXIS2_PLACEMENT_3D('',#2634,#1598,#1599);
#1366=AXIS2_PLACEMENT_3D('',#2643,#1604,#1605);
#1367=AXIS2_PLACEMENT_3D('',#2649,#1609,#1610);
#1368=AXIS2_PLACEMENT_3D('',#2655,#1614,#1615);
#1369=AXIS2_PLACEMENT_3D('',#2658,#1618,#1619);
#1370=AXIS2_PLACEMENT_3D('',#2670,#1626,#1627);
#1371=AXIS2_PLACEMENT_3D('',#2695,#1640,#1641);
#1372=AXIS2_PLACEMENT_3D('',#2699,#1644,#1645);
#1373=AXIS2_PLACEMENT_3D('',#2703,#1648,#1649);
#1374=AXIS2_PLACEMENT_3D('',#2707,#1652,#1653);
#1375=AXIS2_PLACEMENT_3D('',#2711,#1656,#1657);
#1376=AXIS2_PLACEMENT_3D('',#2715,#1660,#1661);
#1377=AXIS2_PLACEMENT_3D('',#2717,#1663,#1664);
#1378=AXIS2_PLACEMENT_3D('',#2720,#1667,#1668);
#1379=AXIS2_PLACEMENT_3D('',#2722,#1670,#1671);
#1380=AXIS2_PLACEMENT_3D('',#2724,#1673,#1674);
#1381=AXIS2_PLACEMENT_3D('',#2727,#1677,#1678);
#1382=AXIS2_PLACEMENT_3D('',#2729,#1680,#1681);
#1383=AXIS2_PLACEMENT_3D('',#2731,#1683,#1684);
#1384=AXIS2_PLACEMENT_3D('',#2733,#1686,#1687);
#1385=AXIS2_PLACEMENT_3D('',#2735,#1689,#1690);
#1386=AXIS2_PLACEMENT_3D('',#2737,#1692,#1693);
#1387=AXIS2_PLACEMENT_3D('',#2739,#1695,#1696);
#1388=AXIS2_PLACEMENT_3D('',#2740,#1697,#1698);
#1389=AXIS2_PLACEMENT_3D('',#2741,#1699,#1700);
#1390=AXIS2_PLACEMENT_3D('',#2742,#1701,#1702);
#1391=AXIS2_PLACEMENT_3D('',#2743,#1703,#1704);
#1392=DIRECTION('',(0.,0.,1.));
#1393=DIRECTION('',(1.,0.,0.));
#1394=DIRECTION('',(0.,0.,-1.));
#1395=DIRECTION('',(-1.,0.,0.));
#1396=DIRECTION('',(0.,-1.,0.));
#1397=DIRECTION('',(-1.,0.,0.));
#1398=DIRECTION('',(0.,1.,0.));
#1399=DIRECTION('',(-1.,0.,0.));
#1400=DIRECTION('',(0.,0.,1.));
#1401=DIRECTION('',(1.,0.,0.));
#1402=DIRECTION('',(0.,-1.,0.));
#1403=DIRECTION('',(1.,0.,0.));
#1404=DIRECTION('',(0.,1.,0.));
#1405=DIRECTION('',(1.,0.,0.));
#1406=DIRECTION('',(0.,1.,0.));
#1407=DIRECTION('',(0.707106781186548,0.,-0.707106781186548));
#1408=DIRECTION('',(0.,-1.,0.));
#1409=DIRECTION('',(0.,1.,0.));
#1410=DIRECTION('',(0.707106781186548,0.,-0.707106781186548));
#1411=DIRECTION('',(0.,1.,0.));
#1412=DIRECTION('',(-0.707106781186548,0.,-0.707106781186548));
#1413=DIRECTION('',(0.,1.,0.));
#1414=DIRECTION('',(-0.707106781186548,0.,-0.707106781186548));
#1415=DIRECTION('',(0.,1.,0.));
#1416=DIRECTION('',(-1.,0.,0.));
#1417=DIRECTION('',(0.,0.,1.));
#1418=DIRECTION('',(0.,-1.,0.));
#1419=DIRECTION('',(0.,0.,1.));
#1420=DIRECTION('',(0.,1.,0.));
#1421=DIRECTION('',(-0.707106781186548,0.,0.707106781186548));
#1422=DIRECTION('',(0.,1.,0.));
#1423=DIRECTION('',(-0.707106781186548,0.,0.707106781186548));
#1424=DIRECTION('',(0.,1.,0.));
#1425=DIRECTION('',(1.,0.,0.));
#1426=DIRECTION('',(1.,0.,0.));
#1427=DIRECTION('',(0.,0.,-1.));
#1428=DIRECTION('',(-1.,0.,0.));
#1429=DIRECTION('',(0.,0.,1.));
#1430=DIRECTION('',(0.,1.,0.));
#1431=DIRECTION('',(0.707106781186548,0.,0.707106781186548));
#1432=DIRECTION('',(0.,0.,-1.));
#1433=DIRECTION('',(1.,0.,0.));
#1434=DIRECTION('',(0.,0.,-1.));
#1435=DIRECTION('',(0.,1.,0.));
#1436=DIRECTION('',(0.,0.,-1.));
#1437=DIRECTION('',(0.,1.,0.));
#1438=DIRECTION('',(0.707106781186548,0.,0.707106781186548));
#1439=DIRECTION('',(-0.93834311681711,0.345705358827356,0.));
#1440=DIRECTION('',(0.,0.,1.));
#1441=DIRECTION('',(0.326732019606536,0.886844053217739,0.326732019606536));
#1442=DIRECTION('',(0.,0.,1.));
#1443=DIRECTION('',(0.326732019606536,0.886844053217739,-0.326732019606536));
#1444=DIRECTION('',(0.,0.345705358827356,-0.93834311681711));
#1445=DIRECTION('',(-1.,0.,0.));
#1446=DIRECTION('',(-0.326732019606536,0.886844053217739,0.326732019606536));
#1447=DIRECTION('',(-1.,0.,0.));
#1448=DIRECTION('',(0.93834311681711,0.345705358827356,0.));
#1449=DIRECTION('',(0.,0.,-1.));
#1450=DIRECTION('',(-0.326732019606536,0.886844053217739,-0.326732019606536));
#1451=DIRECTION('',(0.,0.,-1.));
#1452=DIRECTION('',(0.,0.345705358827356,0.93834311681711));
#1453=DIRECTION('',(1.,0.,0.));
#1454=DIRECTION('',(1.,0.,0.));
#1455=DIRECTION('',(0.,1.,3.40180154444447E-33));
#1456=DIRECTION('',(0.,-3.40180154444447E-33,1.));
#1457=DIRECTION('',(0.,1.,3.40180154444447E-33));
#1458=DIRECTION('',(1.,0.,0.));
#1459=DIRECTION('',(1.22464679914735E-16,0.,1.));
#1460=DIRECTION('',(1.,0.,-6.12323399573677E-17));
#1461=DIRECTION('',(0.,1.,0.));
#1462=DIRECTION('',(1.,0.,0.));
#1463=DIRECTION('',(0.,1.,0.));
#1464=DIRECTION('',(1.,0.,0.));
#1465=DIRECTION('',(1.,0.,0.));
#1466=DIRECTION('',(0.,0.,-1.));
#1467=DIRECTION('',(0.,0.,1.));
#1468=DIRECTION('',(0.,1.,0.));
#1469=DIRECTION('',(0.,0.,1.));
#1470=DIRECTION('',(0.,1.,0.));
#1471=DIRECTION('',(0.,0.,1.));
#1472=DIRECTION('',(1.,0.,0.));
#1473=DIRECTION('',(-1.,0.,0.));
#1474=DIRECTION('',(0.,1.,0.));
#1475=DIRECTION('',(-1.,0.,0.));
#1476=DIRECTION('',(-1.,0.,0.));
#1477=DIRECTION('',(0.,0.,1.));
#1478=DIRECTION('',(0.,0.,-1.));
#1479=DIRECTION('',(0.,1.,0.));
#1480=DIRECTION('',(0.,0.,-1.));
#1481=DIRECTION('',(0.,1.,0.));
#1482=DIRECTION('',(0.,0.,-1.));
#1483=DIRECTION('',(-1.,0.,0.));
#1484=DIRECTION('',(1.,0.,0.));
#1485=DIRECTION('',(0.,1.,0.));
#1486=DIRECTION('',(1.,0.,0.));
#1487=DIRECTION('',(1.,0.,0.));
#1488=DIRECTION('',(0.,0.,-1.));
#1489=DIRECTION('',(0.,0.,1.));
#1490=DIRECTION('',(0.,1.,0.));
#1491=DIRECTION('',(0.,0.,1.));
#1492=DIRECTION('',(0.,0.,-1.));
#1493=DIRECTION('',(-1.,0.,0.));
#1494=DIRECTION('',(1.,0.,0.));
#1495=DIRECTION('',(1.,0.,0.));
#1496=DIRECTION('',(0.,-1.,0.));
#1497=DIRECTION('',(0.,0.,-1.));
#1498=DIRECTION('',(-1.,0.,0.));
#1499=DIRECTION('',(0.,0.,-1.));
#1500=DIRECTION('',(1.,0.,0.));
#1501=DIRECTION('',(0.,0.,1.));
#1502=DIRECTION('',(-1.,0.,0.));
#1503=DIRECTION('',(0.,0.,-1.));
#1504=DIRECTION('',(0.,1.,0.));
#1505=DIRECTION('',(1.,0.,0.));
#1506=DIRECTION('',(-1.,0.,0.));
#1507=DIRECTION('',(0.,0.,1.));
#1508=DIRECTION('',(1.,0.,0.));
#1509=DIRECTION('',(0.,0.,1.));
#1510=DIRECTION('',(1.,0.,0.));
#1511=DIRECTION('',(0.,0.,-1.));
#1512=DIRECTION('',(1.,0.,0.));
#1513=DIRECTION('',(0.,0.,-1.));
#1514=DIRECTION('',(-1.,0.,0.));
#1515=DIRECTION('',(0.,0.,-1.));
#1516=DIRECTION('',(-1.,0.,0.));
#1517=DIRECTION('',(0.,0.,1.));
#1518=DIRECTION('',(0.,0.,-1.));
#1519=DIRECTION('',(-1.,0.,0.));
#1520=DIRECTION('',(1.,0.,0.));
#1521=DIRECTION('',(0.,1.,0.));
#1522=DIRECTION('',(-1.,0.,0.));
#1523=DIRECTION('',(0.,0.,1.));
#1524=DIRECTION('',(0.,0.,-1.));
#1525=DIRECTION('',(0.,1.,0.));
#1526=DIRECTION('',(0.,0.,1.));
#1527=DIRECTION('',(1.,0.,0.));
#1528=DIRECTION('',(-1.,0.,0.));
#1529=DIRECTION('',(0.,1.,0.));
#1530=DIRECTION('',(-1.,0.,0.));
#1531=DIRECTION('',(0.,0.,1.));
#1532=DIRECTION('',(0.,0.,-1.));
#1533=DIRECTION('',(0.,1.,0.));
#1534=DIRECTION('',(0.,0.,1.));
#1535=DIRECTION('',(1.,0.,0.));
#1536=DIRECTION('',(-1.,0.,0.));
#1537=DIRECTION('',(0.,1.,0.));
#1538=DIRECTION('',(1.,0.,0.));
#1539=DIRECTION('',(0.,0.,-1.));
#1540=DIRECTION('',(0.,0.,1.));
#1541=DIRECTION('',(-0.707106781186548,-0.707106781186548,0.));
#1542=DIRECTION('',(0.,0.,1.));
#1543=DIRECTION('',(-0.577350269189626,0.577350269189626,0.577350269189626));
#1544=DIRECTION('',(-0.577350269189626,0.577350269189626,0.577350269189626));
#1545=DIRECTION('',(0.,-0.707106781186548,0.707106781186548));
#1546=DIRECTION('',(1.,0.,0.));
#1547=DIRECTION('',(0.577350269189626,0.577350269189626,0.577350269189626));
#1548=DIRECTION('',(0.707106781186548,-0.707106781186548,0.));
#1549=DIRECTION('',(0.,0.,-1.));
#1550=DIRECTION('',(0.577350269189626,0.577350269189626,0.577350269189626));
#1551=DIRECTION('',(-0.707106781186548,-0.707106781186548,0.));
#1552=DIRECTION('',(0.,0.,1.));
#1553=DIRECTION('',(0.577350269189626,-0.577350269189626,0.577350269189626));
#1554=DIRECTION('',(-0.577350269189626,0.577350269189626,0.577350269189626));
#1555=DIRECTION('',(0.,-0.707106781186548,0.707106781186548));
#1556=DIRECTION('',(1.,0.,0.));
#1557=DIRECTION('',(0.577350269189626,0.577350269189626,0.577350269189626));
#1558=DIRECTION('',(0.707106781186548,-0.707106781186548,0.));
#1559=DIRECTION('',(0.,0.,-1.));
#1560=DIRECTION('',(0.577350269189626,0.577350269189626,-0.577350269189626));
#1561=DIRECTION('',(0.,-0.707106781186548,-0.707106781186548));
#1562=DIRECTION('',(-1.,0.,0.));
#1563=DIRECTION('',(0.577350269189626,0.577350269189626,-0.577350269189626));
#1564=DIRECTION('',(0.707106781186548,-0.707106781186548,0.));
#1565=DIRECTION('',(0.,0.,-1.));
#1566=DIRECTION('',(0.577350269189626,0.577350269189626,-0.577350269189626));
#1567=DIRECTION('',(0.,-0.707106781186548,-0.707106781186548));
#1568=DIRECTION('',(-1.,0.,0.));
#1569=DIRECTION('',(-0.577350269189626,0.577350269189626,-0.577350269189626));
#1570=DIRECTION('',(-0.707106781186548,-0.707106781186548,0.));
#1571=DIRECTION('',(0.,0.,1.));
#1572=DIRECTION('',(-0.577350269189626,0.577350269189626,-0.577350269189626));
#1573=DIRECTION('',(0.,-0.707106781186548,-0.707106781186548));
#1574=DIRECTION('',(-1.,0.,0.));
#1575=DIRECTION('',(0.,-0.707106781186548,0.707106781186548));
#1576=DIRECTION('',(1.,0.,0.));
#1577=DIRECTION('',(-1.0587911841643E-22,-1.,-6.03358508988182E-16));
#1578=DIRECTION('',(1.,-1.0587911841853E-22,3.48130541321516E-18));
#1579=DIRECTION('',(0.,1.,0.));
#1580=DIRECTION('',(1.,0.,0.));
#1581=DIRECTION('',(0.,1.,0.));
#1582=DIRECTION('',(1.,0.,0.));
#1583=DIRECTION('',(0.,1.,0.));
#1584=DIRECTION('',(1.,0.,0.));
#1585=DIRECTION('',(0.,1.,0.));
#1586=DIRECTION('',(1.,0.,0.));
#1587=DIRECTION('',(1.,0.,0.));
#1588=DIRECTION('',(0.,0.,-1.));
#1589=DIRECTION('',(0.,0.,1.));
#1590=DIRECTION('',(0.,1.,0.));
#1591=DIRECTION('',(0.,0.,1.));
#1592=DIRECTION('',(0.,1.,0.));
#1593=DIRECTION('',(0.,0.,1.));
#1594=DIRECTION('',(1.,0.,0.));
#1595=DIRECTION('',(-1.,0.,0.));
#1596=DIRECTION('',(0.,1.,0.));
#1597=DIRECTION('',(-1.,0.,0.));
#1598=DIRECTION('',(-1.,0.,0.));
#1599=DIRECTION('',(0.,0.,1.));
#1600=DIRECTION('',(0.,0.,-1.));
#1601=DIRECTION('',(0.,1.,0.));
#1602=DIRECTION('',(0.,0.,-1.));
#1603=DIRECTION('',(0.,1.,0.));
#1604=DIRECTION('',(0.,0.,-1.));
#1605=DIRECTION('',(-1.,0.,0.));
#1606=DIRECTION('',(1.,0.,0.));
#1607=DIRECTION('',(0.,1.,0.));
#1608=DIRECTION('',(1.,0.,0.));
#1609=DIRECTION('',(1.,0.,0.));
#1610=DIRECTION('',(0.,0.,-1.));
#1611=DIRECTION('',(0.,0.,1.));
#1612=DIRECTION('',(0.,1.,0.));
#1613=DIRECTION('',(0.,0.,1.));
#1614=DIRECTION('',(0.,0.,-1.));
#1615=DIRECTION('',(-1.,0.,0.));
#1616=DIRECTION('',(1.,0.,0.));
#1617=DIRECTION('',(1.,0.,0.));
#1618=DIRECTION('',(0.,-1.,0.));
#1619=DIRECTION('',(0.,0.,-1.));
#1620=DIRECTION('',(-1.,0.,0.));
#1621=DIRECTION('',(0.,0.,-1.));
#1622=DIRECTION('',(1.,0.,0.));
#1623=DIRECTION('',(0.,0.,1.));
#1624=DIRECTION('',(-1.,0.,0.));
#1625=DIRECTION('',(0.,0.,-1.));
#1626=DIRECTION('',(0.,1.,0.));
#1627=DIRECTION('',(1.,0.,0.));
#1628=DIRECTION('',(-1.,0.,0.));
#1629=DIRECTION('',(0.,0.,1.));
#1630=DIRECTION('',(1.,0.,0.));
#1631=DIRECTION('',(0.,0.,1.));
#1632=DIRECTION('',(1.,0.,0.));
#1633=DIRECTION('',(0.,0.,-1.));
#1634=DIRECTION('',(1.,0.,0.));
#1635=DIRECTION('',(0.,0.,-1.));
#1636=DIRECTION('',(-1.,0.,0.));
#1637=DIRECTION('',(0.,0.,-1.));
#1638=DIRECTION('',(-1.,0.,0.));
#1639=DIRECTION('',(0.,0.,1.));
#1640=DIRECTION('',(0.,0.,-1.));
#1641=DIRECTION('',(-1.,0.,0.));
#1642=DIRECTION('',(1.,0.,0.));
#1643=DIRECTION('',(0.,1.,0.));
#1644=DIRECTION('',(-1.,0.,0.));
#1645=DIRECTION('',(0.,0.,1.));
#1646=DIRECTION('',(0.,0.,-1.));
#1647=DIRECTION('',(0.,1.,0.));
#1648=DIRECTION('',(0.,0.,1.));
#1649=DIRECTION('',(1.,0.,0.));
#1650=DIRECTION('',(-1.,0.,0.));
#1651=DIRECTION('',(0.,1.,0.));
#1652=DIRECTION('',(-1.,0.,0.));
#1653=DIRECTION('',(0.,0.,1.));
#1654=DIRECTION('',(0.,0.,-1.));
#1655=DIRECTION('',(0.,1.,0.));
#1656=DIRECTION('',(0.,0.,1.));
#1657=DIRECTION('',(1.,0.,0.));
#1658=DIRECTION('',(-1.,0.,0.));
#1659=DIRECTION('',(0.,1.,0.));
#1660=DIRECTION('',(1.,0.,0.));
#1661=DIRECTION('',(0.,0.,-1.));
#1662=DIRECTION('',(0.,0.,1.));
#1663=DIRECTION('',(-0.707106781186548,-0.707106781186548,0.));
#1664=DIRECTION('',(0.,0.,1.));
#1665=DIRECTION('',(-0.577350269189626,0.577350269189626,0.577350269189626));
#1666=DIRECTION('',(-0.577350269189626,0.577350269189626,0.577350269189626));
#1667=DIRECTION('',(0.,-0.707106781186548,0.707106781186548));
#1668=DIRECTION('',(1.,0.,0.));
#1669=DIRECTION('',(0.577350269189626,0.577350269189626,0.577350269189626));
#1670=DIRECTION('',(0.707106781186548,-0.707106781186548,0.));
#1671=DIRECTION('',(0.,0.,-1.));
#1672=DIRECTION('',(0.577350269189626,0.577350269189626,0.577350269189626));
#1673=DIRECTION('',(-0.707106781186548,-0.707106781186548,0.));
#1674=DIRECTION('',(0.,0.,1.));
#1675=DIRECTION('',(0.577350269189626,-0.577350269189626,0.577350269189626));
#1676=DIRECTION('',(-0.577350269189626,0.577350269189626,0.577350269189626));
#1677=DIRECTION('',(0.,-0.707106781186548,0.707106781186548));
#1678=DIRECTION('',(1.,0.,0.));
#1679=DIRECTION('',(0.577350269189626,0.577350269189626,0.577350269189626));
#1680=DIRECTION('',(0.707106781186548,-0.707106781186548,0.));
#1681=DIRECTION('',(0.,0.,-1.));
#1682=DIRECTION('',(0.577350269189626,0.577350269189626,-0.577350269189626));
#1683=DIRECTION('',(0.,-0.707106781186548,-0.707106781186548));
#1684=DIRECTION('',(-1.,0.,0.));
#1685=DIRECTION('',(0.577350269189626,0.577350269189626,-0.577350269189626));
#1686=DIRECTION('',(0.707106781186548,-0.707106781186548,0.));
#1687=DIRECTION('',(0.,0.,-1.));
#1688=DIRECTION('',(0.577350269189626,0.577350269189626,-0.577350269189626));
#1689=DIRECTION('',(0.,-0.707106781186548,-0.707106781186548));
#1690=DIRECTION('',(-1.,0.,0.));
#1691=DIRECTION('',(-0.577350269189626,0.577350269189626,-0.577350269189626));
#1692=DIRECTION('',(-0.707106781186548,-0.707106781186548,0.));
#1693=DIRECTION('',(0.,0.,1.));
#1694=DIRECTION('',(-0.577350269189626,0.577350269189626,-0.577350269189626));
#1695=DIRECTION('',(0.,-0.707106781186548,-0.707106781186548));
#1696=DIRECTION('',(-1.,0.,0.));
#1697=DIRECTION('',(0.,-0.707106781186548,0.707106781186548));
#1698=DIRECTION('',(1.,0.,0.));
#1699=DIRECTION('',(-1.0587911841643E-22,-1.,-6.03358508988182E-16));
#1700=DIRECTION('',(1.,-1.0587911841853E-22,3.48130541321516E-18));
#1701=DIRECTION('',(-1.0587911841643E-22,-1.,-6.03358508988182E-16));
#1702=DIRECTION('',(1.,-1.0587911841853E-22,3.48130541321516E-18));
#1703=DIRECTION('',(0.,0.,1.));
#1704=DIRECTION('',(1.,0.,0.));
#1705=CARTESIAN_POINT('',(0.,0.,0.));
#1706=CARTESIAN_POINT('',(0.0091,0.,-0.0091));
#1707=CARTESIAN_POINT('',(-0.0089,0.,-0.0091));
#1708=CARTESIAN_POINT('',(-0.00890000000002046,0.001,-0.0091));
#1709=CARTESIAN_POINT('',(-0.0089,0.,-0.0091));
#1710=CARTESIAN_POINT('',(0.0091,0.001,-0.0091));
#1711=CARTESIAN_POINT('',(0.00889999999999971,0.001,-0.0091));
#1712=CARTESIAN_POINT('',(0.0089,0.,-0.0091));
#1713=CARTESIAN_POINT('',(0.0089,0.,-0.0091));
#1714=CARTESIAN_POINT('',(0.0091,0.,-0.0091));
#1715=CARTESIAN_POINT('',(-0.0091,0.,0.0091));
#1716=CARTESIAN_POINT('',(0.0089,0.,0.0091));
#1717=CARTESIAN_POINT('',(0.00890000000001938,0.001,0.0091));
#1718=CARTESIAN_POINT('',(0.0089,0.,0.0091));
#1719=CARTESIAN_POINT('',(-0.0091,0.001,0.0091));
#1720=CARTESIAN_POINT('',(-0.00890000000004486,0.001,0.0091));
#1721=CARTESIAN_POINT('',(-0.0089,0.,0.0091));
#1722=CARTESIAN_POINT('',(-0.0089,0.,0.0091));
#1723=CARTESIAN_POINT('',(-0.0091,0.,0.0091));
#1724=CARTESIAN_POINT('',(0.0089,0.,-0.0089));
#1725=CARTESIAN_POINT('',(0.00889999999999971,0.001,-0.0091));
#1726=CARTESIAN_POINT('',(0.00900471975511947,0.001,-0.00910000000000015));
#1727=CARTESIAN_POINT('',(0.00910000000000001,0.001,-0.00900471975511975));
#1728=CARTESIAN_POINT('',(0.0091,0.001,-0.00889999999999999));
#1729=CARTESIAN_POINT('',(0.00910000032535944,0.001,-0.0089));
#1730=CARTESIAN_POINT('',(0.0091,0.,-0.0089));
#1731=CARTESIAN_POINT('',(0.0091,0.,-0.0089));
#1732=CARTESIAN_POINT('',(0.0089,0.,-0.0089));
#1733=CARTESIAN_POINT('',(-0.0089,0.,-0.0089));
#1734=CARTESIAN_POINT('',(-0.0091,0.001,-0.00890000000001787));
#1735=CARTESIAN_POINT('',(-0.00909999999999064,0.001,-0.00900471975512475));
#1736=CARTESIAN_POINT('',(-0.00900471975512734,0.001,-0.00909999999998929));
#1737=CARTESIAN_POINT('',(-0.00890000000002046,0.001,-0.0091));
#1738=CARTESIAN_POINT('',(-0.0091,0.001,-0.00890000000001787));
#1739=CARTESIAN_POINT('',(-0.0089,0.,-0.0089));
#1740=CARTESIAN_POINT('',(-0.0091,0.,-0.0089));
#1741=CARTESIAN_POINT('',(-0.0091,0.,-0.0089));
#1742=CARTESIAN_POINT('',(-0.0091,0.,-0.0091));
#1743=CARTESIAN_POINT('',(-0.0091,0.,0.0089));
#1744=CARTESIAN_POINT('',(-0.0091,0.00100000000021692,0.00889999999931795));
#1745=CARTESIAN_POINT('',(-0.0091,0.,0.0089));
#1746=CARTESIAN_POINT('',(-0.0091,0.001,0.00889999999931795));
#1747=CARTESIAN_POINT('',(-0.0091,0.001,0.00296666666620601));
#1748=CARTESIAN_POINT('',(-0.0091,0.001,-0.00296666666690593));
#1749=CARTESIAN_POINT('',(-0.0091,0.001,-0.00890000000001787));
#1750=CARTESIAN_POINT('',(-0.0091,0.,-0.0091));
#1751=CARTESIAN_POINT('',(-0.0089,0.,0.0089));
#1752=CARTESIAN_POINT('',(-0.00890000000004486,0.001,0.0091));
#1753=CARTESIAN_POINT('',(-0.00900471975537692,0.001,0.00909999999997651));
#1754=CARTESIAN_POINT('',(-0.00910000000035712,0.001,0.00900471975465001));
#1755=CARTESIAN_POINT('',(-0.0091,0.001,0.00889999999931795));
#1756=CARTESIAN_POINT('',(-0.0089,0.,0.0089));
#1757=CARTESIAN_POINT('',(0.,0.,0.));
#1758=CARTESIAN_POINT('',(-0.00365,0.,0.0073));
#1759=CARTESIAN_POINT('',(-0.0073,0.,0.0073));
#1760=CARTESIAN_POINT('',(0.0073,0.,0.0073));
#1761=CARTESIAN_POINT('',(0.0073,0.,0.00365));
#1762=CARTESIAN_POINT('',(0.0073,0.,-0.0073));
#1763=CARTESIAN_POINT('',(0.00365,0.,-0.0073));
#1764=CARTESIAN_POINT('',(-0.0073,0.,-0.0073));
#1765=CARTESIAN_POINT('',(-0.0073,0.,-0.00365));
#1766=CARTESIAN_POINT('',(0.0089,0.,0.0089));
#1767=CARTESIAN_POINT('',(0.0091,0.,0.0089));
#1768=CARTESIAN_POINT('',(0.0091,0.,0.0091));
#1769=CARTESIAN_POINT('',(0.0091,0.,0.0091));
#1770=CARTESIAN_POINT('',(0.0091,0.,0.0089));
#1771=CARTESIAN_POINT('',(0.0091,0.001,0.00890000000001979));
#1772=CARTESIAN_POINT('',(0.0091,0.001,0.0091));
#1773=CARTESIAN_POINT('',(0.0089,0.,0.0089));
#1774=CARTESIAN_POINT('',(0.0091,0.001,0.00890000000001979));
#1775=CARTESIAN_POINT('',(0.00909999999998964,0.001,0.0090047197551264));
#1776=CARTESIAN_POINT('',(0.00900471975512598,0.001,0.00909999999998985));
#1777=CARTESIAN_POINT('',(0.00890000000001938,0.001,0.0091));
#1778=CARTESIAN_POINT('',(-0.0073,0.,-0.0073));
#1779=CARTESIAN_POINT('',(-0.0073,0.,-0.0073));
#1780=CARTESIAN_POINT('',(-0.0052,0.0057,-0.0052));
#1781=CARTESIAN_POINT('',(-0.0052,0.0057,-0.0052));
#1782=CARTESIAN_POINT('',(-0.0052,0.0057,0.0052));
#1783=CARTESIAN_POINT('',(-0.0073,0.,0.0073));
#1784=CARTESIAN_POINT('',(0.0073,0.,-0.0073));
#1785=CARTESIAN_POINT('',(0.0073,0.,-0.0073));
#1786=CARTESIAN_POINT('',(0.0052,0.0057,-0.0052));
#1787=CARTESIAN_POINT('',(0.0052,0.0057,-0.0052));
#1788=CARTESIAN_POINT('',(0.0073,0.,0.0073));
#1789=CARTESIAN_POINT('',(0.0073,0.,0.0073));
#1790=CARTESIAN_POINT('',(0.0052,0.0057,0.0052));
#1791=CARTESIAN_POINT('',(0.0052,0.0057,0.0052));
#1792=CARTESIAN_POINT('',(-0.0073,0.,0.0073));
#1793=CARTESIAN_POINT('',(-0.0052,0.0057,0.0052));
#1794=CARTESIAN_POINT('',(0.,0.0057,7.56970244062607E-20));
#1795=CARTESIAN_POINT('',(0.,0.0057,0.));
#1796=CARTESIAN_POINT('',(0.0028,0.0057,0.));
#1797=CARTESIAN_POINT('',(0.,0.046,0.));
#1798=CARTESIAN_POINT('',(0.00509309574810779,0.00790046955838413,-0.00490394288598383));
#1799=CARTESIAN_POINT('',(0.00511011243169903,0.00789974717128763,-0.00488065749896484));
#1800=CARTESIAN_POINT('',(0.00512591591266983,0.00789877793966659,-0.0048564593336286));
#1801=CARTESIAN_POINT('',(0.00514040427323044,0.00789756928760974,-0.00483151298407168));
#1802=CARTESIAN_POINT('',(0.00509309574810779,0.00790046955838413,-0.00490394288598383));
#1803=CARTESIAN_POINT('',(0.00514040427323041,0.00789756928760974,-0.00483151298407169));
#1804=CARTESIAN_POINT('',(0.0050930957481078,0.00790046955838412,-0.00490394288598383));
#1805=CARTESIAN_POINT('',(0.00496393924789668,0.0079059524710023,-0.00508067879796764));
#1806=CARTESIAN_POINT('',(0.00456812505632223,0.00788111508385077,-0.00527171001159741));
#1807=CARTESIAN_POINT('',(0.00395960204195703,0.00784531468615873,-0.00549870319309069));
#1808=CARTESIAN_POINT('',(0.00336089945833164,0.007814765260481,-0.00568317973353437));
#1809=CARTESIAN_POINT('',(0.00249584412126626,0.00777728418503673,-0.00588919222184395));
#1810=CARTESIAN_POINT('',(0.00150113861018373,0.00774615847865784,-0.00604045489820064));
#1811=CARTESIAN_POINT('',(0.000145296497057705,0.00772830336844776,-0.00611981891548555));
#1812=CARTESIAN_POINT('',(-0.00117765012401866,0.00774002303499541,-0.00607253285664721));
#1813=CARTESIAN_POINT('',(-0.00220514024641441,0.00776699144005572,-0.00593931669690467));
#1814=CARTESIAN_POINT('',(-0.0030799378506682,0.00780166757542083,-0.0057538665719237));
#1815=CARTESIAN_POINT('',(-0.0036861734167769,0.0078306365413242,-0.00558647527936681));
#1816=CARTESIAN_POINT('',(-0.004201453978862,0.00785932551064441,-0.0054112390421156));
#1817=CARTESIAN_POINT('',(-0.00459789506346675,0.00788291031741413,-0.00524822004981455));
#1818=CARTESIAN_POINT('',(-0.00489775763348196,0.0079033735538489,-0.00512418052832987));
#1819=CARTESIAN_POINT('',(-0.00513021658684827,0.00790284941251104,-0.00488734153926421));
#1820=CARTESIAN_POINT('',(-0.00529534792204194,0.00787527271858364,-0.00448453117180692));
#1821=CARTESIAN_POINT('',(-0.00549477563092212,0.00784694848882834,-0.00398079575080689));
#1822=CARTESIAN_POINT('',(-0.00567989869799101,0.00781601026596762,-0.00338071291086886));
#1823=CARTESIAN_POINT('',(-0.0058900727532063,0.00777893809792012,-0.00251767870316651));
#1824=CARTESIAN_POINT('',(-0.00604335451827049,0.00774746786244912,-0.00153143411912879));
#1825=CARTESIAN_POINT('',(-0.00611627147013718,0.00772834548322138,-0.000149622573720847));
#1826=CARTESIAN_POINT('',(-0.00608044924979822,0.00773589130418045,0.000890454214236695));
#1827=CARTESIAN_POINT('',(-0.00599204582287148,0.00775631609563291,0.00179418294882799));
#1828=CARTESIAN_POINT('',(-0.00590061103461643,0.00777524751864,0.00239760250663036));
#1829=CARTESIAN_POINT('',(-0.00576261502366957,0.00780109830254466,0.00305693353983533));
#1830=CARTESIAN_POINT('',(-0.00559429572293864,0.00782984887275842,0.003666125067717));
#1831=CARTESIAN_POINT('',(-0.00541950583258247,0.00785831138423557,0.00418156654771246));
#1832=CARTESIAN_POINT('',(-0.00525582588157563,0.0078816044147987,0.00457833810511928));
#1833=CARTESIAN_POINT('',(-0.00513537473644825,0.00790250606763403,0.00487925383121552));
#1834=CARTESIAN_POINT('',(-0.0049056842903306,0.0079036743500302,0.00511881704987112));
#1835=CARTESIAN_POINT('',(-0.00450463973156711,0.00787672012368578,0.00528870512098362));
#1836=CARTESIAN_POINT('',(-0.00400052222450254,0.00784781058529386,0.00548639577879889));
#1837=CARTESIAN_POINT('',(-0.00340224994878088,0.00781665921254603,0.00567128210572601));
#1838=CARTESIAN_POINT('',(-0.00253845356821441,0.00777888253311191,0.00588129867514371));
#1839=CARTESIAN_POINT('',(-0.00154589092140019,0.00774716256889639,0.00603549620283524));
#1840=CARTESIAN_POINT('',(-0.000189428539227381,0.0077284142118103,0.00611933012727679));
#1841=CARTESIAN_POINT('',(0.00113233968662367,0.00773925144525895,0.0060761252914895));
#1842=CARTESIAN_POINT('',(0.0021598822183947,0.00776553482568931,0.00594675181700996));
#1843=CARTESIAN_POINT('',(0.0030367786791574,0.00779977071597819,0.00576404465037923));
#1844=CARTESIAN_POINT('',(0.00364167860581746,0.00782835652850262,0.00560052747007024));
#1845=CARTESIAN_POINT('',(0.0041658862503116,0.00785719261696304,0.00542300349004645));
#1846=CARTESIAN_POINT('',(0.00450001015060902,0.00787713727528534,0.00528997813264575));
#1847=CARTESIAN_POINT('',(0.00472193715975639,0.00789120708289699,0.00519567630510881));
#1848=CARTESIAN_POINT('',(0.00489344498640623,0.00790165021432855,0.00511337245995725));
#1849=CARTESIAN_POINT('',(0.00505881282864921,0.0079044949032923,0.00497328351186255));
#1850=CARTESIAN_POINT('',(0.00516855961018141,0.00789515896505993,0.00478237060535278));
#1851=CARTESIAN_POINT('',(0.00518996923670581,0.00789179125956359,0.00473221047985929));
#1852=CARTESIAN_POINT('',(0.00525422983760044,0.00788249336954786,0.00458489252038618));
#1853=CARTESIAN_POINT('',(0.00529469296742764,0.00787648990914014,0.00448685194688154));
#1854=CARTESIAN_POINT('',(0.00537788322182683,0.00786397748764107,0.00427889746124456));
#1855=CARTESIAN_POINT('',(0.00550737265202527,0.00784374254554951,0.00392508304987149));
#1856=CARTESIAN_POINT('',(0.00566299629972596,0.00781789261168422,0.00342999430246036));
#1857=CARTESIAN_POINT('',(0.00587610067297159,0.00777952608240361,0.00256095901191269));
#1858=CARTESIAN_POINT('',(0.00603705910370189,0.00774760073261084,0.00155739201314644));
#1859=CARTESIAN_POINT('',(0.00611835524402161,0.00772902362158572,0.000200153387861477));
#1860=CARTESIAN_POINT('',(0.00608562550724395,0.00773580529035793,-0.000849086087145575));
#1861=CARTESIAN_POINT('',(0.00599813334063912,0.00775497140076433,-0.00174420259976766));
#1862=CARTESIAN_POINT('',(0.00590682011852441,0.00777354185187161,-0.0023556592804306));
#1863=CARTESIAN_POINT('',(0.00577028257112102,0.00779919141936183,-0.00301787916814351));
#1864=CARTESIAN_POINT('',(0.00563514934605889,0.00782273396429514,-0.00351941015561725));
#1865=CARTESIAN_POINT('',(0.00550067722456775,0.00784477566104985,-0.00393930433358438));
#1866=CARTESIAN_POINT('',(0.00541313724329803,0.00785856160660215,-0.0041849941122675));
#1867=CARTESIAN_POINT('',(0.00533214089678895,0.00787090537161055,-0.00439417553618631));
#1868=CARTESIAN_POINT('',(0.00528078316362757,0.00787856316140249,-0.00452176365824309));
#1869=CARTESIAN_POINT('',(0.00518410331839428,0.00789281758844504,-0.00474808102769266));
#1870=CARTESIAN_POINT('',(0.00515294272721361,0.0078965233012034,-0.00480992402273555));
#1871=CARTESIAN_POINT('',(0.00514040427323047,0.00789756928760973,-0.00483151298407168));
#1872=CARTESIAN_POINT('',(0.00542920823055465,0.00784779030284271,-0.00485392310448787));
#1873=CARTESIAN_POINT('',(0.00577900966896804,0.00751661517928169,-0.00523950069808848));
#1874=CARTESIAN_POINT('',(0.008051319352456,0.00509381942521178,-0.00774409244802435));
#1875=CARTESIAN_POINT('',(0.00910003959134197,0.00226222808636826,-0.00890007298477866));
#1876=CARTESIAN_POINT('',(0.00910000097606516,0.000999999590431578,-0.00889999949948099));
#1877=CARTESIAN_POINT('',(0.00541501272196636,0.00784779030284271,-0.00489377038979835));
#1878=CARTESIAN_POINT('',(0.00576559041681753,0.00751661517928169,-0.00528023433891856));
#1879=CARTESIAN_POINT('',(0.00804381176915867,0.00509381942521178,-0.00778948911957811));
#1880=CARTESIAN_POINT('',(0.00910004715916842,0.00226222808636826,-0.00893939115282854));
#1881=CARTESIAN_POINT('',(0.00910000104301898,0.000999999590431578,-0.00892617927492785));
#1882=CARTESIAN_POINT('',(0.00536784500894688,0.0078477903028427,-0.0050119614232309));
#1883=CARTESIAN_POINT('',(0.00572388823844712,0.00751661517928169,-0.00539513365442268));
#1884=CARTESIAN_POINT('',(0.00803282972829153,0.00509381942521178,-0.00788020904816691));
#1885=CARTESIAN_POINT('',(0.00907871408479795,0.00226222808636827,-0.00900187770872172));
#1886=CARTESIAN_POINT('',(0.00908958396703411,0.000999999590431578,-0.00897852641672279));
#1887=CARTESIAN_POINT('',(0.00521689530191975,0.0078477903028427,-0.00521687992066597));
#1888=CARTESIAN_POINT('',(0.00558693143415965,0.00751661517928169,-0.00558691597455163));
#1889=CARTESIAN_POINT('',(0.00798214854036148,0.00509381942521178,-0.00798214588073817));
#1890=CARTESIAN_POINT('',(0.00904178618993598,0.00226222808636831,-0.00904177642550647));
#1891=CARTESIAN_POINT('',(0.00904512052350099,0.000999999590431578,-0.00904512086816832));
#1892=CARTESIAN_POINT('',(0.00501197618861551,0.0078477903028427,-0.00536783192214472));
#1893=CARTESIAN_POINT('',(0.005395148180273,0.00751661517928168,-0.00572387508217518));
#1894=CARTESIAN_POINT('',(0.00788021552246108,0.00509381942521179,-0.00803282704867755));
#1895=CARTESIAN_POINT('',(0.00900184798665622,0.00226222808636834,-0.00907870814872302));
#1896=CARTESIAN_POINT('',(0.00897852613000038,0.000999999590431578,-0.00908958426958859));
#1897=CARTESIAN_POINT('',(0.00489378430849015,0.0078477903028427,-0.00541499434429114));
#1898=CARTESIAN_POINT('',(0.00528024872373994,0.00751661517928168,-0.00576557229023671));
#1899=CARTESIAN_POINT('',(0.00778948714852667,0.00509381942521179,-0.008043804887256));
#1900=CARTESIAN_POINT('',(0.00893944614779994,0.00226222808636836,-0.00910007494634941));
#1901=CARTESIAN_POINT('',(0.00892617888921705,0.000999999590431578,-0.00910000139676259));
#1902=CARTESIAN_POINT('',(0.00447684224757566,0.00784779030284269,-0.00556362022932925));
#1903=CARTESIAN_POINT('',(0.00485403132557855,0.00751661517928167,-0.00590607515672746));
#1904=CARTESIAN_POINT('',(0.00731446218403584,0.00509381942521179,-0.00812238553230865));
#1905=CARTESIAN_POINT('',(0.00852796212697703,0.00226222808636836,-0.00909996634591454));
#1906=CARTESIAN_POINT('',(0.00865223465805159,0.000999999590431578,-0.00910000002922796));
#1907=CARTESIAN_POINT('',(0.00370207837415514,0.00784779030284267,-0.00579992108676476));
#1908=CARTESIAN_POINT('',(0.00404468504071755,0.00751661517928166,-0.00612951339405349));
#1909=CARTESIAN_POINT('',(0.00629344860987367,0.00509381942521177,-0.00824781910789194));
#1910=CARTESIAN_POINT('',(0.00750683718176933,0.00226222808636836,-0.00910001385126698));
#1911=CARTESIAN_POINT('',(0.0077862726474509,0.000999999590431568,-0.0091000007236505));
#1912=CARTESIAN_POINT('',(0.00209111375957203,0.00784779030284266,-0.0061404133502625));
#1913=CARTESIAN_POINT('',(0.00231112945061048,0.00751661517928164,-0.00645161243983881));
#1914=CARTESIAN_POINT('',(0.00376613838221386,0.00509381942521176,-0.0084293432471224));
#1915=CARTESIAN_POINT('',(0.00463254612989159,0.00226222808636836,-0.0090999949273472));
#1916=CARTESIAN_POINT('',(0.00494308252393204,0.000999999590431568,-0.00909999960126815));
#1917=CARTESIAN_POINT('',(-3.20385388812002E-8,0.00784779030284265,-0.00631250402243128));
#1918=CARTESIAN_POINT('',(-3.18741996011716E-8,0.00751661517928164,-0.0066144966765743));
#1919=CARTESIAN_POINT('',(-1.42928258532128E-8,0.00509381942521176,-0.00852159316891368));
#1920=CARTESIAN_POINT('',(1.74194863500312E-8,0.00226222808636837,-0.00910000090102191));
#1921=CARTESIAN_POINT('',(-2.86733597434519E-9,0.000999999590431568,-0.00910000205373853));
#1922=CARTESIAN_POINT('',(-0.00250925589915397,0.00784779030284265,-0.00610595420436798));
#1923=CARTESIAN_POINT('',(-0.00277327511269662,0.00751661517928163,-0.00641899471404672));
#1924=CARTESIAN_POINT('',(-0.00451934437445142,0.00509381942521175,-0.00841089487884505));
#1925=CARTESIAN_POINT('',(-0.00555909827747952,0.00226222808636835,-0.00910000706208413));
#1926=CARTESIAN_POINT('',(-0.00593169398909114,0.000999999590431567,-0.00909999866507774));
#1927=CARTESIAN_POINT('',(-0.00409977621210254,0.00784779030284266,-0.00569822859697182));
#1928=CARTESIAN_POINT('',(-0.00446857808544523,0.00751661517928164,-0.00603333781161099));
#1929=CARTESIAN_POINT('',(-0.00688487288562182,0.00509381942521175,-0.00819352855407005));
#1930=CARTESIAN_POINT('',(-0.00815601870845171,0.0022622280863683,-0.00909998493224646));
#1931=CARTESIAN_POINT('',(-0.00840447618646066,0.000999999590431568,-0.00910000910236489));
#1932=CARTESIAN_POINT('',(-0.00489364945629323,0.00784779030284266,-0.00541511346760003));
#1933=CARTESIAN_POINT('',(-0.0052801135301084,0.00751661517928165,-0.00576569135490439));
#1934=CARTESIAN_POINT('',(-0.00778948489655493,0.00509381942521175,-0.00804383151747077));
#1935=CARTESIAN_POINT('',(-0.00893940991949901,0.00226222808636826,-0.0091000733522126));
#1936=CARTESIAN_POINT('',(-0.00892617689276548,0.000999999590431568,-0.00910000629072233));
#1937=CARTESIAN_POINT('',(-0.00501201711769591,0.00784779030284266,-0.00536812966403469));
#1938=CARTESIAN_POINT('',(-0.0053951902709938,0.00751661517928164,-0.00572417310464837));
#1939=CARTESIAN_POINT('',(-0.00788029191749391,0.00509381942521173,-0.00803294717459125));
#1940=CARTESIAN_POINT('',(-0.00900197804313988,0.0022622280863682,-0.00907874064763407));
#1941=CARTESIAN_POINT('',(-0.00897853507194004,0.000999999590431568,-0.00908959942944598));
#1942=CARTESIAN_POINT('',(-0.00521647492448221,0.00784779030284266,-0.00521647576461533));
#1943=CARTESIAN_POINT('',(-0.00558651104697944,0.00751661517928164,-0.00558651188586033));
#1944=CARTESIAN_POINT('',(-0.00798192641818357,0.0050938194252117,-0.00798192749853392));
#1945=CARTESIAN_POINT('',(-0.00904176785181806,0.00226222808636806,-0.00904176772361561));
#1946=CARTESIAN_POINT('',(-0.00904509564267742,0.000999999590431568,-0.00904509577543056));
#1947=CARTESIAN_POINT('',(-0.00536812876139928,0.00784779030284266,-0.00501201797224581));
#1948=CARTESIAN_POINT('',(-0.00572417220370466,0.00751661517928164,-0.00539519113059223));
#1949=CARTESIAN_POINT('',(-0.00803294609224876,0.00509381942521167,-0.00788029293051415));
#1950=CARTESIAN_POINT('',(-0.0090787405099546,0.00226222808636791,-0.00900197892646237));
#1951=CARTESIAN_POINT('',(-0.00908959928803979,0.000999999590431568,-0.00897853520886923));
#1952=CARTESIAN_POINT('',(-0.00541511266957235,0.00784779030284266,-0.00489365030871574));
#1953=CARTESIAN_POINT('',(-0.00576569055178946,0.00751661517928164,-0.00528011437337753));
#1954=CARTESIAN_POINT('',(-0.00804383050988409,0.00509381942521165,-0.00778948605356014));
#1955=CARTESIAN_POINT('',(-0.00910007286198786,0.00226222808636787,-0.00893940883053733));
#1956=CARTESIAN_POINT('',(-0.00910000616274239,0.000999999590431568,-0.00892617702510589));
#1957=CARTESIAN_POINT('',(-0.00569822309059926,0.00784779030284266,-0.00409977638568862));
#1958=CARTESIAN_POINT('',(-0.00603333240136255,0.00751661517928164,-0.00446857842255896));
#1959=CARTESIAN_POINT('',(-0.00819352455725123,0.00509381942521166,-0.00688487428446559));
#1960=CARTESIAN_POINT('',(-0.00909999140949138,0.00226222808636783,-0.00815604072665146));
#1961=CARTESIAN_POINT('',(-0.00910000839598375,0.000999999590431568,-0.00840447641337495));
#1962=CARTESIAN_POINT('',(-0.00610599236791419,0.00784779030284264,-0.00250926151344524));
#1963=CARTESIAN_POINT('',(-0.00641903270017372,0.00751661517928162,-0.00277328042562034));
#1964=CARTESIAN_POINT('',(-0.00841091776155042,0.00509381942521163,-0.00451932635836271));
#1965=CARTESIAN_POINT('',(-0.00909999822886343,0.0022622280863678,-0.00555905643121128));
#1966=CARTESIAN_POINT('',(-0.0091000032929525,0.000999999590431567,-0.00593169287489885));
#1967=CARTESIAN_POINT('',(-0.00631244632369122,0.00784779030284265,-2.64397883967554E-8));
#1968=CARTESIAN_POINT('',(-0.0066144392377471,0.00751661517928163,-2.67171234589742E-8));
#1969=CARTESIAN_POINT('',(-0.00852155957336086,0.00509381942521164,-4.23845146529118E-8));
#1970=CARTESIAN_POINT('',(-0.0091000134624106,0.00226222808636781,-4.36028045220616E-8));
#1971=CARTESIAN_POINT('',(-0.00909999486142987,0.000999999590431568,-4.21766139684194E-9));
#1972=CARTESIAN_POINT('',(-0.00614059053717699,0.00784779030284265,0.00209108096523756));
#1973=CARTESIAN_POINT('',(-0.00645178925571388,0.00751661517928163,0.00231109727862327));
#1974=CARTESIAN_POINT('',(-0.00842944981409798,0.00509381942521164,0.00376623149440047));
#1975=CARTESIAN_POINT('',(-0.00909998716872909,0.00226222808636784,0.00463263832111183));
#1976=CARTESIAN_POINT('',(-0.00910002063056727,0.000999999590431568,0.00494308848079718));
#1977=CARTESIAN_POINT('',(-0.00584245303939807,0.00784779030284265,0.00350069570118684));
#1978=CARTESIAN_POINT('',(-0.00616974680988165,0.00751661517928163,0.00382797747507631));
#1979=CARTESIAN_POINT('',(-0.00827049591736512,0.00509381942521165,0.00597752857801018));
#1980=CARTESIAN_POINT('',(-0.00910005313694447,0.00226222808636785,0.00714741614098029));
#1981=CARTESIAN_POINT('',(-0.00909999586736902,0.000999999590431568,0.00743087506174562));
#1982=CARTESIAN_POINT('',(-0.00562314816835977,0.00784779030284264,0.00428305871117945));
#1983=CARTESIAN_POINT('',(-0.00596238624385719,0.00751661517928163,0.00465160409658623));
#1984=CARTESIAN_POINT('',(-0.00815401763630759,0.00509381942521165,0.00705943840810941));
#1985=CARTESIAN_POINT('',(-0.0090999398091423,0.00226222808636786,0.00827296070149679));
#1986=CARTESIAN_POINT('',(-0.00910005324408829,0.000999999590431568,0.00843576011361282));
#1987=CARTESIAN_POINT('',(-0.00549611371996483,0.00784779030284265,0.00466536372940384));
#1988=CARTESIAN_POINT('',(-0.00584224501954758,0.00751661517928163,0.00504674343872494));
#1989=CARTESIAN_POINT('',(-0.0080866862570681,0.00509381942521165,0.00752916643808859));
#1990=CARTESIAN_POINT('',(-0.00910021880097984,0.00226222808636786,0.00871351474472937));
#1991=CARTESIAN_POINT('',(-0.00909996699313932,0.000999999590431568,0.0087761109722948));
#1992=CARTESIAN_POINT('',(-0.00540870521438265,0.00784779030284264,0.00491362799274554));
#1993=CARTESIAN_POINT('',(-0.00575966535912172,0.00751661517928163,0.00530054058172953));
#1994=CARTESIAN_POINT('',(-0.00804049616807361,0.00509381942521165,0.0078124753620577));
#1995=CARTESIAN_POINT('',(-0.00909964392664153,0.00226222808636786,0.00895983892555788));
#1996=CARTESIAN_POINT('',(-0.00910007590168207,0.000999999590431568,0.00893929425189178));
#1997=CARTESIAN_POINT('',(-0.00534082439175859,0.00784779030284264,0.00506826641049348));
#1998=CARTESIAN_POINT('',(-0.00570018427279765,0.00751661517928163,0.00544859163407631));
#1999=CARTESIAN_POINT('',(-0.00802798033744553,0.00509381942521164,0.007913061680413));
#2000=CARTESIAN_POINT('',(-0.00906755978380073,0.00226222808636786,0.00901580420198018));
#2001=CARTESIAN_POINT('',(-0.00908209947394229,0.000999999590431568,0.00899805234841641));
#2002=CARTESIAN_POINT('',(-0.0051647327397573,0.00784779030284264,0.00525657258225062));
#2003=CARTESIAN_POINT('',(-0.00553822702294988,0.00751661517928163,0.00562297963429475));
#2004=CARTESIAN_POINT('',(-0.00795722716035211,0.00509381942521165,0.00799555330459482));
#2005=CARTESIAN_POINT('',(-0.00903326147548788,0.00226222808636786,0.00905001655133453));
#2006=CARTESIAN_POINT('',(-0.00902869077978424,0.000999999590431567,0.00905684107437122));
#2007=CARTESIAN_POINT('',(-0.00499723129079056,0.00784779030284264,0.0053737016266463));
#2008=CARTESIAN_POINT('',(-0.00538081175720097,0.00751661517928163,0.00572906978255976));
#2009=CARTESIAN_POINT('',(-0.00786897220439249,0.00509381942521164,0.00803418041057914));
#2010=CARTESIAN_POINT('',(-0.00899374464320454,0.00226222808636786,0.00908229250109163));
#2011=CARTESIAN_POINT('',(-0.00897199339494028,0.000999999590431568,0.00909089527245276));
#2012=CARTESIAN_POINT('',(-0.00489367613950591,0.00784779030284264,0.0054151565712254));
#2013=CARTESIAN_POINT('',(-0.00528014185224465,0.00751661517928163,0.00576573295429626));
#2014=CARTESIAN_POINT('',(-0.00778944416426906,0.00509381942521165,0.00804382953453098));
#2015=CARTESIAN_POINT('',(-0.00893958686262565,0.00226222808636786,0.00909989394024759));
#2016=CARTESIAN_POINT('',(-0.00892617351977326,0.000999999590431568,0.00910000233358075));
#2017=CARTESIAN_POINT('',(-0.00475967461283133,0.00784779030284264,0.00546287266032781));
#2018=CARTESIAN_POINT('',(-0.00514315327408774,0.00751661517928163,0.0058108376095416));
#2019=CARTESIAN_POINT('',(-0.00763664977789394,0.00509381942521164,0.00806906069525939));
#2020=CARTESIAN_POINT('',(-0.008806835899655,0.00226222808636786,0.00910006016462672));
#2021=CARTESIAN_POINT('',(-0.00883805749961129,0.000999999590431568,0.00909998840573242));
#2022=CARTESIAN_POINT('',(-0.00456977446998798,0.00784779030284264,0.00552800445018358));
#2023=CARTESIAN_POINT('',(-0.00494794846947235,0.00751661517928163,0.00587241092318831));
#2024=CARTESIAN_POINT('',(-0.00741171285593979,0.00509381942521165,0.00810355736509816));
#2025=CARTESIAN_POINT('',(-0.00860374912925802,0.00226222808636786,0.00909996898133219));
#2026=CARTESIAN_POINT('',(-0.00869102016502302,0.000999999590431568,0.00909999485164232));
#2027=CARTESIAN_POINT('',(-0.00418532403667379,0.00784779030284264,0.00565017025552273));
#2028=CARTESIAN_POINT('',(-0.00454870993915186,0.00751661517928163,0.00598791540833285));
#2029=CARTESIAN_POINT('',(-0.00692395419555345,0.00509381942521164,0.00816831566741143));
#2030=CARTESIAN_POINT('',(-0.00813204110804781,0.00226222808636786,0.00910000393016484));
#2031=CARTESIAN_POINT('',(-0.00831013278464353,0.000999999590431568,0.00909999165792362));
#2032=CARTESIAN_POINT('',(-0.00350070200815924,0.00784779030284264,0.0058423978895777));
#2033=CARTESIAN_POINT('',(-0.00382798470691856,0.00751661517928163,0.00616969306356686));
#2034=CARTESIAN_POINT('',(-0.00597751130180349,0.00509381942521165,0.00827042496557541));
#2035=CARTESIAN_POINT('',(-0.00714753623027627,0.00226222808636786,0.00909999240891572));
#2036=CARTESIAN_POINT('',(-0.00743087274406792,0.000999999590431567,0.00909999554318129));
#2037=CARTESIAN_POINT('',(-0.00128558036302792,0.00784779030284265,0.00631164776309719));
#2038=CARTESIAN_POINT('',(-0.00144430089359886,0.00751661517928163,0.00661364335919785));
#2039=CARTESIAN_POINT('',(-0.00250245491204669,0.00509381942521164,0.00852086774365144));
#2040=CARTESIAN_POINT('',(-0.00319543804734075,0.00226222808636786,0.00909999675604232));
#2041=CARTESIAN_POINT('',(-0.00352148300452774,0.000999999590431567,0.00909999927765455));
#2042=CARTESIAN_POINT('',(0.00171406491632301,0.00784779030284265,0.00631118288243355));
#2043=CARTESIAN_POINT('',(0.00192569242729518,0.00751661517928163,0.00661318141695993));
#2044=CARTESIAN_POINT('',(0.00333660842682218,0.00509381942521165,0.008520621461164));
#2045=CARTESIAN_POINT('',(0.00426059881135028,0.00226222808636786,0.0091000105701385));
#2046=CARTESIAN_POINT('',(0.00469530838340398,0.000999999590431568,0.00909999772491656));
#2047=CARTESIAN_POINT('',(0.0040997729104227,0.00784779030284261,0.00569811615039226));
#2048=CARTESIAN_POINT('',(0.0044685749229128,0.00751661517928159,0.00603322808587091));
#2049=CARTESIAN_POINT('',(0.00688487195644468,0.00509381942521161,0.00819345627354258));
#2050=CARTESIAN_POINT('',(0.00815603482060588,0.00226222808636786,0.00909998978803936));
#2051=CARTESIAN_POINT('',(0.00840447593621323,0.000999999590431562,0.00910000882942924));
#2052=CARTESIAN_POINT('',(0.00489365005364162,0.00784779030284259,0.00541509803523673));
#2053=CARTESIAN_POINT('',(0.00528011411864498,0.00751661517928158,0.00576567575257937));
#2054=CARTESIAN_POINT('',(0.00778948582092253,0.0050938194252116,0.00804381637029209));
#2055=CARTESIAN_POINT('',(0.00893940896749286,0.00226222808636786,0.00910007299501039));
#2056=CARTESIAN_POINT('',(0.00892617697347658,0.000999999590431561,0.00910000624599786));
#2057=CARTESIAN_POINT('',(0.00501201763685758,0.00784779030284259,0.00536811196391096));
#2058=CARTESIAN_POINT('',(0.00539519079503661,0.00751661517928158,0.00572415551803607));
#2059=CARTESIAN_POINT('',(0.00788029267190126,0.0050938194252116,0.00803293246555242));
#2060=CARTESIAN_POINT('',(0.00900197874632509,0.00226222808636785,0.00907874056920452));
#2061=CARTESIAN_POINT('',(0.00897853514672698,0.000999999590431561,0.00908959937855465));
#2062=CARTESIAN_POINT('',(0.00521647546963742,0.00784779030284259,0.00521645938838089));
#2063=CARTESIAN_POINT('',(0.00558651159092368,0.00751661517928158,0.00558649545811326));
#2064=CARTESIAN_POINT('',(0.00798192724910844,0.0050938194252116,0.00798191247651407));
#2065=CARTESIAN_POINT('',(0.00904176771984763,0.00226222808636785,0.00904176795388927));
#2066=CARTESIAN_POINT('',(0.00904509571897388,0.000999999590431561,0.00904509572819711));
#2067=CARTESIAN_POINT('',(0.00536812935674123,0.00784779030284259,0.00501200113877266));
#2068=CARTESIAN_POINT('',(0.00572417279734177,0.00751661517928158,0.0053951743282292));
#2069=CARTESIAN_POINT('',(0.00803294692450973,0.00509381942521161,0.00788027835465126));
#2070=CARTESIAN_POINT('',(0.00907874055597635,0.00226222808636785,0.00900197811357765));
#2071=CARTESIAN_POINT('',(0.0090895993707464,0.000999999590431561,0.00897853515877078));
#2072=CARTESIAN_POINT('',(0.00541511316129927,0.00784779030284259,0.0048936337679187));
#2073=CARTESIAN_POINT('',(0.0057656910485275,0.00751661517928157,0.00528009783520029));
#2074=CARTESIAN_POINT('',(0.00804383126798589,0.0050938194252116,0.00778947121708413));
#2075=CARTESIAN_POINT('',(0.0091000732931605,0.00226222808636785,0.00893941001759948));
#2076=CARTESIAN_POINT('',(0.00910000623338509,0.000999999590431561,0.00892617697858795));
#2077=CARTESIAN_POINT('',(0.00569822871195066,0.00784779030284261,0.00409976317967528));
#2078=CARTESIAN_POINT('',(0.00603333792791166,0.00751661517928159,0.00446856505351112));
#2079=CARTESIAN_POINT('',(0.00819352841388625,0.00509381942521162,0.00688486165870422));
#2080=CARTESIAN_POINT('',(0.00909998502293404,0.00226222808636789,0.00815601858362625));
#2081=CARTESIAN_POINT('',(0.00910000905128048,0.000999999590431562,0.00840447625020834));
#2082=CARTESIAN_POINT('',(0.006105950769249,0.00784779030284265,0.00250925785280454));
#2083=CARTESIAN_POINT('',(0.00641899127601766,0.00751661517928163,0.00277327706842422));
#2084=CARTESIAN_POINT('',(0.00841089416157475,0.00509381942521167,0.00451934507518403));
#2085=CARTESIAN_POINT('',(0.00910000682196747,0.00226222808636795,0.00555909868303109));
#2086=CARTESIAN_POINT('',(0.00909999869116834,0.000999999590431568,0.00593169404736407));
#2087=CARTESIAN_POINT('',(0.0063125081781881,0.00784779030284264,2.91781587422436E-8));
#2088=CARTESIAN_POINT('',(0.00661450083640042,0.00751661517928163,2.90100660285595E-8));
#2089=CARTESIAN_POINT('',(0.00852159403026621,0.00509381942521168,1.22203863689701E-8));
#2090=CARTESIAN_POINT('',(0.00910000123460682,0.00226222808636804,-1.79822500204435E-8));
#2091=CARTESIAN_POINT('',(0.00910000200224601,0.000999999590431567,2.80230824750962E-9));
#2092=CARTESIAN_POINT('',(0.0061403949856551,0.00784779030284267,-0.00209110398578434));
#2093=CARTESIAN_POINT('',(0.00645159406786574,0.00751661517928165,-0.00231111967012058));
#2094=CARTESIAN_POINT('',(0.00842933932620428,0.00509381942521172,-0.00376613690082867));
#2095=CARTESIAN_POINT('',(0.00909999451775399,0.00226222808636813,-0.00463254518549089));
#2096=CARTESIAN_POINT('',(0.00909999969565312,0.000999999590431568,-0.00494308220272494));
#2097=CARTESIAN_POINT('',(0.00579991998116454,0.00784779030284267,-0.00370207061663298));
#2098=CARTESIAN_POINT('',(0.00612951229441129,0.00751661517928166,-0.00404467728794159));
#2099=CARTESIAN_POINT('',(0.00824781891547322,0.00509381942521174,-0.00629344724931271));
#2100=CARTESIAN_POINT('',(0.00910001447993455,0.00226222808636819,-0.00750683790258305));
#2101=CARTESIAN_POINT('',(0.00910000064301294,0.000999999590431568,-0.00778627264630766));
#2102=CARTESIAN_POINT('',(0.00556355484591629,0.0078477903028427,-0.00447680749221378));
#2103=CARTESIAN_POINT('',(0.00590600977579008,0.00751661517928169,-0.00485399659706645));
#2104=CARTESIAN_POINT('',(0.00812237129112164,0.00509381942521178,-0.00731445731843371));
#2105=CARTESIAN_POINT('',(0.00909996796926071,0.00226222808636824,-0.00852796495026406));
#2106=CARTESIAN_POINT('',(0.00910000034241267,0.000999999590431578,-0.00865223351065857));
#2107=CARTESIAN_POINT('',(0.00542920823055465,0.00784779030284271,-0.00485392310448787));
#2108=CARTESIAN_POINT('',(0.00577900966896804,0.00751661517928169,-0.00523950069808848));
#2109=CARTESIAN_POINT('',(0.008051319352456,0.00509381942521178,-0.00774409244802435));
#2110=CARTESIAN_POINT('',(0.00910003959134197,0.00226222808636826,-0.00890007298477866));
#2111=CARTESIAN_POINT('',(0.00910000097606516,0.000999999590431578,-0.00889999949948099));
#2112=CARTESIAN_POINT('',(0.00545320401413099,0.00782489258962954,-0.00488086212643516));
#2113=CARTESIAN_POINT('',(0.00545520490146572,0.00782455755587439,-0.00487660171761736));
#2114=CARTESIAN_POINT('',(0.0054767989903708,0.00782092154933175,-0.00483040524273953));
#2115=CARTESIAN_POINT('',(0.00550130940865937,0.00781674581181452,-0.00477696430144826));
#2116=CARTESIAN_POINT('',(0.00555131233139153,0.00780813869504647,-0.0046661844527342));
#2117=CARTESIAN_POINT('',(0.005614572160696,0.00779693353820929,-0.00451955165674653));
#2118=CARTESIAN_POINT('',(0.00568670341436246,0.00778372838404035,-0.00434325894102203));
#2119=CARTESIAN_POINT('',(0.00577507742594886,0.00776697901965295,-0.00411474857376227));
#2120=CARTESIAN_POINT('',(0.00587310287321144,0.00774742106857469,-0.00383900338471091));
#2121=CARTESIAN_POINT('',(0.00600610520498113,0.00771911249199779,-0.00342082176008679));
#2122=CARTESIAN_POINT('',(0.00610625450505408,0.00769567792654309,-0.00304861107566429));
#2123=CARTESIAN_POINT('',(0.00618537924876762,0.00767592764678345,-0.00270347686997457));
#2124=CARTESIAN_POINT('',(0.00622465587270552,0.00766586020388102,-0.00251918579990992));
#2125=CARTESIAN_POINT('',(0.00628984881883316,0.00764882110123273,-0.00216935684015521));
#2126=CARTESIAN_POINT('',(0.00635282175057702,0.00763184809263454,-0.00175919934178518));
#2127=CARTESIAN_POINT('',(0.00643925761754579,0.0076076702844338,-0.00101468266270115));
#2128=CARTESIAN_POINT('',(0.00648216057141119,0.00759378116632618,2.99710143671038E-6));
#2129=CARTESIAN_POINT('',(0.00644110676571249,0.00760675871216119,0.000990535465750478));
#2130=CARTESIAN_POINT('',(0.00635572817115682,0.00763104181991572,0.00173846646424553));
#2131=CARTESIAN_POINT('',(0.00629214650737905,0.00764836484213412,0.00215453322353902));
#2132=CARTESIAN_POINT('',(0.00622771636882215,0.00766536296120365,0.00250281431085373));
#2133=CARTESIAN_POINT('',(0.00618238638877107,0.00767702113585085,0.00271638692474007));
#2134=CARTESIAN_POINT('',(0.00609832950275836,0.00769796387766944,0.00307913940392493));
#2135=CARTESIAN_POINT('',(0.00596812165187995,0.00772848298385123,0.00355539678240247));
#2136=CARTESIAN_POINT('',(0.00575039828107844,0.00777378145991096,0.00419510426194087));
#2137=CARTESIAN_POINT('',(0.00556197517256865,0.00780936647967955,0.00464055986251257));
#2138=CARTESIAN_POINT('',(0.00544871620688359,0.00782851191177899,0.00487877423119409));
#2139=CARTESIAN_POINT('',(0.0054487197682625,0.00782851713329613,0.00487877550479539));
#2140=CARTESIAN_POINT('',(0.00545323636598488,0.00782493986777357,-0.00488087360247952));
#2141=CARTESIAN_POINT('',(0.00544871620688275,0.00782851191177913,0.00487877423119587));
#2142=CARTESIAN_POINT('',(0.00544554199734419,0.00782904848398621,0.00488545045604674));
#2143=CARTESIAN_POINT('',(0.00543854991958299,0.00783109623220059,0.00490472508226837));
#2144=CARTESIAN_POINT('',(0.00532163666780581,0.00784439030870534,0.00509749724958777));
#2145=CARTESIAN_POINT('',(0.00522403224885091,0.00784838603076472,0.00519529462145427));
#2146=CARTESIAN_POINT('',(0.00505622931682733,0.00784274053583449,0.00535426058574265));
#2147=CARTESIAN_POINT('',(0.00491938148367803,0.00783106991113564,0.00543050406265475));
#2148=CARTESIAN_POINT('',(0.00488039223546169,0.00782604044578689,0.00545174486368794));
#2149=CARTESIAN_POINT('',(0.00488039746724487,0.00782606195198003,0.00545175956053988));
#2150=CARTESIAN_POINT('',(0.00488039223445527,0.00782604044570234,0.00545174486416997));
#2151=CARTESIAN_POINT('',(0.00442984183401977,0.00778818723419973,0.00566754216096066));
#2152=CARTESIAN_POINT('',(0.00354465264450703,0.00772161808435272,0.00600028581278269));
#2153=CARTESIAN_POINT('',(0.00222967040684743,0.00764996687788242,0.00629884733377964));
#2154=CARTESIAN_POINT('',(0.00122037322160296,0.00761420701456341,0.00641843769230017));
#2155=CARTESIAN_POINT('',(0.000483943633341418,0.00760010400257118,0.00646027270499577));
#2156=CARTESIAN_POINT('',(-0.000166410702014767,0.00759573513662811,0.00647197444938067));
#2157=CARTESIAN_POINT('',(-0.00103855605293207,0.00760820830251054,0.00644002111254546));
#2158=CARTESIAN_POINT('',(-0.00225752211482649,0.00765145566726668,0.00629398129637848));
#2159=CARTESIAN_POINT('',(-0.00356000574928821,0.00772277026411828,0.00599435798365785));
#2160=CARTESIAN_POINT('',(-0.00443606781746749,0.00778866661418394,0.00566452648833233));
#2161=CARTESIAN_POINT('',(-0.00488038901928335,0.00782607647503435,0.00545174496781678));
#2162=CARTESIAN_POINT('',(-0.00488038865963536,0.00782607499579951,0.00545174395671193));
#2163=CARTESIAN_POINT('',(-0.00488038901930993,0.00782607647503658,0.00545174496780405));
#2164=CARTESIAN_POINT('',(-0.00490255625807411,0.00782794285754109,0.00544112927188246));
#2165=CARTESIAN_POINT('',(-0.00493055475634846,0.00783047997841298,0.00542907384527191));
#2166=CARTESIAN_POINT('',(-0.00503087310908373,0.00783934524170014,0.00536182153702272));
#2167=CARTESIAN_POINT('',(-0.00504492995064091,0.00784058290752177,0.00535044850121128));
#2168=CARTESIAN_POINT('',(-0.00513720994684449,0.00784614011438245,0.00527870749337453));
#2169=CARTESIAN_POINT('',(-0.00523250647683318,0.00784740362950448,0.00518722414376504));
#2170=CARTESIAN_POINT('',(-0.00535025575335073,0.00784243559684301,0.00505935734489421));
#2171=CARTESIAN_POINT('',(-0.0054317860149106,0.00783066125118697,0.0049192835542523));
#2172=CARTESIAN_POINT('',(-0.00545290935937308,0.00782544424210578,0.00488088947088728));
#2173=CARTESIAN_POINT('',(-0.00545290944441293,0.00782544422404034,0.00488088930414621));
#2174=CARTESIAN_POINT('',(-0.00545290944441293,0.00782544422404034,0.00488088930414621));
#2175=CARTESIAN_POINT('',(-0.00548115600895817,0.0078194436596195,0.00482550511350701));
#2176=CARTESIAN_POINT('',(-0.00556070642140024,0.00780509748328594,0.00466016959779484));
#2177=CARTESIAN_POINT('',(-0.00573148083846184,0.00777409111642184,0.00424042916857642));
#2178=CARTESIAN_POINT('',(-0.00584898087166326,0.00775156545761017,0.00391808604480914));
#2179=CARTESIAN_POINT('',(-0.00596499988587751,0.00772724115364625,0.00355254294128486));
#2180=CARTESIAN_POINT('',(-0.00602603575561369,0.00771372520897682,0.00334343616032453));
#2181=CARTESIAN_POINT('',(-0.00609850091306929,0.00769722956946385,0.00307667629951646));
#2182=CARTESIAN_POINT('',(-0.00617134628311704,0.00767961614035374,0.00276912823058954));
#2183=CARTESIAN_POINT('',(-0.006228757342763,0.00766512311788743,0.00249894418153373));
#2184=CARTESIAN_POINT('',(-0.00629210952318896,0.00764850823078926,0.00215411612019336));
#2185=CARTESIAN_POINT('',(-0.00635763149892271,0.00763070084581604,0.00172486419751871));
#2186=CARTESIAN_POINT('',(-0.00641830752143291,0.00761333035288985,0.00118763362732952));
#2187=CARTESIAN_POINT('',(-0.00645802808383544,0.00760128003786229,0.000576406030051719));
#2188=CARTESIAN_POINT('',(-0.00646880590529972,0.00759814072531557,-2.41796739788709E-5));
#2189=CARTESIAN_POINT('',(-0.00645767492603807,0.00760262234029212,-0.000511248993605505));
#2190=CARTESIAN_POINT('',(-0.00641273592908257,0.00761759115058812,-0.00126814182174623));
#2191=CARTESIAN_POINT('',(-0.00628845077569826,0.00765365778295476,-0.00227810098724243));
#2192=CARTESIAN_POINT('',(-0.00598873293202932,0.00772425385739251,-0.00357738729789215));
#2193=CARTESIAN_POINT('',(-0.00566186073729689,0.00778922677170441,-0.00444176366839811));
#2194=CARTESIAN_POINT('',(-0.00545173142633904,0.00782606492531911,-0.00488038346191445));
#2195=CARTESIAN_POINT('',(-0.00545173142633905,0.00782606492531911,-0.00488038346191445));
#2196=CARTESIAN_POINT('',(-0.00545173142633897,0.00782606492531912,-0.00488038346191464));
#2197=CARTESIAN_POINT('',(-0.00544122473562855,0.00782790690713811,-0.00490231477914613));
#2198=CARTESIAN_POINT('',(-0.00542780786178226,0.00783066054140747,-0.00493243626961292));
#2199=CARTESIAN_POINT('',(-0.00536382102508894,0.00783914480589403,-0.00502805219311039));
#2200=CARTESIAN_POINT('',(-0.00534942863976084,0.00784071155847007,-0.0050464935996339));
#2201=CARTESIAN_POINT('',(-0.00527741319190219,0.00784612570537585,-0.00513812925660984));
#2202=CARTESIAN_POINT('',(-0.00518935820604381,0.00784753708611134,-0.00523139477148095));
#2203=CARTESIAN_POINT('',(-0.00507454885018284,0.0078429978268693,-0.00533173671559307));
#2204=CARTESIAN_POINT('',(-0.00497147640242782,0.00783464881601456,-0.00540348839572012));
#2205=CARTESIAN_POINT('',(-0.00489715058557595,0.00782703584959923,-0.00544434934171241));
#2206=CARTESIAN_POINT('',(-0.0048807994825279,0.00782530419369362,-0.00545269710005183));
#2207=CARTESIAN_POINT('',(-0.00488080293464419,0.0078253183911303,-0.00545270680696726));
#2208=CARTESIAN_POINT('',(-0.0048807994825279,0.00782530419369362,-0.00545269710005183));
#2209=CARTESIAN_POINT('',(-0.00485684515787198,0.00782276732216679,-0.00546492654492923));
#2210=CARTESIAN_POINT('',(-0.00477405203337205,0.00781532819186509,-0.00550495790761171));
#2211=CARTESIAN_POINT('',(-0.00454388679163038,0.00779732297923279,-0.00560767295646404));
#2212=CARTESIAN_POINT('',(-0.00424947994679131,0.00777590801417916,-0.00572580748209499));
#2213=CARTESIAN_POINT('',(-0.00397026795426201,0.00775639554312535,-0.00582782654545806));
#2214=CARTESIAN_POINT('',(-0.00368064937144365,0.00773677318300833,-0.0059240713382991));
#2215=CARTESIAN_POINT('',(-0.0035410833885357,0.00772758887497169,-0.00596671740593782));
#2216=CARTESIAN_POINT('',(-0.0033100742143615,0.00771269695657819,-0.00603476308319794));
#2217=CARTESIAN_POINT('',(-0.00305310483588611,0.00769687112721724,-0.00610315405448734));
#2218=CARTESIAN_POINT('',(-0.00274933697636111,0.0076793477870702,-0.00617482950752734));
#2219=CARTESIAN_POINT('',(-0.00250545415553481,0.00766606669971626,-0.00622670141206517));
#2220=CARTESIAN_POINT('',(-0.00215715548448448,0.00764898835402053,-0.00629122423329011));
#2221=CARTESIAN_POINT('',(-0.00173280444411984,0.00763110423164689,-0.00635633132810445));
#2222=CARTESIAN_POINT('',(-0.000980391421553484,0.00760626324672897,-0.00644215202158292));
#2223=CARTESIAN_POINT('',(7.59347928727726E-7,0.00759283821108211,-0.00648224651345698));
#2224=CARTESIAN_POINT('',(0.00098470801496238,0.00760714743205979,-0.00644127767472686));
#2225=CARTESIAN_POINT('',(0.00173703080015783,0.00763218482303016,-0.00635479593492429));
#2226=CARTESIAN_POINT('',(0.00215508170809408,0.00764977321219259,-0.00629078207058849));
#2227=CARTESIAN_POINT('',(0.00251450308414474,0.00766741010740882,-0.00622386359208917));
#2228=CARTESIAN_POINT('',(0.00270719565104108,0.00767795789462704,-0.00618272684436218));
#2229=CARTESIAN_POINT('',(0.0030598731480119,0.00769819503157662,-0.00610149820089768));
#2230=CARTESIAN_POINT('',(0.00352892871362595,0.00772784654537989,-0.00597453692726401));
#2231=CARTESIAN_POINT('',(0.00417474404371458,0.0077725779816389,-0.00575790067191513));
#2232=CARTESIAN_POINT('',(0.00463498189157405,0.00780801693165649,-0.00556559778514233));
#2233=CARTESIAN_POINT('',(0.00487967150496912,0.00782715339807994,-0.0054503152014813));
#2234=CARTESIAN_POINT('',(0.00487968213742502,0.00782719706140905,-0.00545034501702885));
#2235=CARTESIAN_POINT('',(0.00487967150496914,0.00782715339807994,-0.00545031520148129));
#2236=CARTESIAN_POINT('',(0.00490667984505182,0.0078292656421837,-0.00543759054520379));
#2237=CARTESIAN_POINT('',(0.00499767438715493,0.00783695533308956,-0.00538902540222601));
#2238=CARTESIAN_POINT('',(0.00515661472340903,0.00784871925906851,-0.00526555099995136));
#2239=CARTESIAN_POINT('',(0.00526476173299069,0.00784733038246433,-0.00515458584066905));
#2240=CARTESIAN_POINT('',(0.00532639243271887,0.00784261460958565,-0.00507622814989649));
#2241=CARTESIAN_POINT('',(0.00532640570862768,0.00784263927321596,-0.00507623710747887));
#2242=CARTESIAN_POINT('',(0.00532639243271888,0.00784261460958564,-0.00507622814989648));
#2243=CARTESIAN_POINT('',(0.00534834455068916,0.00784093490769988,-0.00504831807781709));
#2244=CARTESIAN_POINT('',(0.00537245930941427,0.00783837995527749,-0.00501559061095358));
#2245=CARTESIAN_POINT('',(0.00539502867371841,0.0078349479122434,-0.00498163299908172));
#2246=CARTESIAN_POINT('',(0.00539496694393374,0.00783484650764773,-0.00498160222020756));
#2247=CARTESIAN_POINT('',(0.00539502867371842,0.0078349479122434,-0.00498163299908172));
#2248=CARTESIAN_POINT('',(0.00541841189718368,0.00783139210853856,-0.00494645086386311));
#2249=CARTESIAN_POINT('',(0.00542429406696031,0.00782986066602287,-0.00493585967256187));
#2250=CARTESIAN_POINT('',(0.00544676875855247,0.0078259678777,-0.00489455997614088));
#2251=CARTESIAN_POINT('',(0.00545307035680011,0.00782491494426034,-0.00488114667764781));
#2252=CARTESIAN_POINT('',(0.,0.,0.));
#2253=CARTESIAN_POINT('',(0.,0.,0.));
#2254=CARTESIAN_POINT('',(0.0028,0.,0.));
#2255=CARTESIAN_POINT('',(-0.00205,0.,0.000585));
#2256=CARTESIAN_POINT('',(-0.00205,0.0003,0.0002925));
#2257=CARTESIAN_POINT('',(-0.00205,0.0003,-0.000585));
#2258=CARTESIAN_POINT('',(-0.00205,0.0003,0.000585));
#2259=CARTESIAN_POINT('',(-0.00205,0.,-0.000585));
#2260=CARTESIAN_POINT('',(-0.00205,0.0047,-0.000585));
#2261=CARTESIAN_POINT('',(-0.00205,0.0047,0.0002925));
#2262=CARTESIAN_POINT('',(-0.00205,0.0047,0.000585));
#2263=CARTESIAN_POINT('',(-0.00205,0.,0.000585));
#2264=CARTESIAN_POINT('',(-0.00205,0.,-0.000585));
#2265=CARTESIAN_POINT('',(-0.001025,0.0003,-0.000585));
#2266=CARTESIAN_POINT('',(-0.000585,0.0003,-0.000585));
#2267=CARTESIAN_POINT('',(-0.000585,0.,-0.000585));
#2268=CARTESIAN_POINT('',(-0.000585,0.0047,-0.000585));
#2269=CARTESIAN_POINT('',(-0.001025,0.0047,-0.000585));
#2270=CARTESIAN_POINT('',(0.000585,0.,0.000585));
#2271=CARTESIAN_POINT('',(0.000585,0.0003,0.0002925));
#2272=CARTESIAN_POINT('',(0.000585,0.0003,0.00205));
#2273=CARTESIAN_POINT('',(0.000585,0.0003,0.000585));
#2274=CARTESIAN_POINT('',(0.000585,0.,0.00205));
#2275=CARTESIAN_POINT('',(0.000585,0.0047,0.00205));
#2276=CARTESIAN_POINT('',(0.000585,0.0047,0.0002925));
#2277=CARTESIAN_POINT('',(0.000585,0.0047,0.000585));
#2278=CARTESIAN_POINT('',(0.000585,0.,0.000585));
#2279=CARTESIAN_POINT('',(0.000585,0.,0.00205));
#2280=CARTESIAN_POINT('',(0.0002925,0.0003,0.00205));
#2281=CARTESIAN_POINT('',(-0.000585,0.0003,0.00205));
#2282=CARTESIAN_POINT('',(-0.000585,0.,0.00205));
#2283=CARTESIAN_POINT('',(-0.000585,0.0047,0.00205));
#2284=CARTESIAN_POINT('',(0.0002925,0.0047,0.00205));
#2285=CARTESIAN_POINT('',(-0.000585,0.,0.00205));
#2286=CARTESIAN_POINT('',(-0.000585,0.0003,0.001025));
#2287=CARTESIAN_POINT('',(-0.000585,0.0003,0.000585));
#2288=CARTESIAN_POINT('',(-0.000585,0.,0.000585));
#2289=CARTESIAN_POINT('',(-0.000585,0.0047,0.000585));
#2290=CARTESIAN_POINT('',(-0.000585,0.0047,0.001025));
#2291=CARTESIAN_POINT('',(-0.000585,0.,0.000585));
#2292=CARTESIAN_POINT('',(-0.0002925,0.0003,0.000585));
#2293=CARTESIAN_POINT('',(-0.0002925,0.0047,0.000585));
#2294=CARTESIAN_POINT('',(0.,0.0047,0.));
#2295=CARTESIAN_POINT('',(0.0002925,0.0047,-0.000585));
#2296=CARTESIAN_POINT('',(0.00205,0.0047,-0.000585));
#2297=CARTESIAN_POINT('',(0.000585,0.0047,-0.000585));
#2298=CARTESIAN_POINT('',(0.00205,0.0047,-0.0002925));
#2299=CARTESIAN_POINT('',(0.00205,0.0047,0.000585));
#2300=CARTESIAN_POINT('',(0.001025,0.0047,0.000585));
#2301=CARTESIAN_POINT('',(-0.000585,0.0047,-0.0002925));
#2302=CARTESIAN_POINT('',(-0.000585,0.0047,-0.00205));
#2303=CARTESIAN_POINT('',(-0.0002925,0.0047,-0.00205));
#2304=CARTESIAN_POINT('',(0.000585,0.0047,-0.00205));
#2305=CARTESIAN_POINT('',(0.000585,0.0047,-0.001025));
#2306=CARTESIAN_POINT('',(0.,0.,0.));
#2307=CARTESIAN_POINT('',(0.001025,0.,0.000885));
#2308=CARTESIAN_POINT('',(0.00235,1.35525271560688E-20,0.000885));
#2309=CARTESIAN_POINT('',(0.000885,-1.20466908053945E-20,0.000885));
#2310=CARTESIAN_POINT('',(0.00235,0.,-0.0002925));
#2311=CARTESIAN_POINT('',(0.00235,3.61400724161835E-20,-0.000885));
#2312=CARTESIAN_POINT('',(0.0002925,0.,-0.000885));
#2313=CARTESIAN_POINT('',(0.000885,-1.20466908053945E-20,-0.000885));
#2314=CARTESIAN_POINT('',(0.000885,0.,-0.001025));
#2315=CARTESIAN_POINT('',(0.000885,2.71050543121376E-20,-0.00235));
#2316=CARTESIAN_POINT('',(-0.0002925,0.,-0.00235));
#2317=CARTESIAN_POINT('',(-0.000885,3.61400724161835E-20,-0.00235));
#2318=CARTESIAN_POINT('',(-0.000885,0.,-0.0002925));
#2319=CARTESIAN_POINT('',(-0.000885,-1.20466908053945E-20,-0.000885));
#2320=CARTESIAN_POINT('',(-0.001025,0.,-0.000885));
#2321=CARTESIAN_POINT('',(-0.00235,0.,-0.000885));
#2322=CARTESIAN_POINT('',(-0.00235,0.,0.0002925));
#2323=CARTESIAN_POINT('',(-0.00235,0.,0.000885));
#2324=CARTESIAN_POINT('',(-0.0002925,0.,0.000885));
#2325=CARTESIAN_POINT('',(-0.000885,0.,0.000885));
#2326=CARTESIAN_POINT('',(-0.000885,0.,0.001025));
#2327=CARTESIAN_POINT('',(-0.000885,0.,0.00235));
#2328=CARTESIAN_POINT('',(0.0002925,0.,0.00235));
#2329=CARTESIAN_POINT('',(0.000885,0.,0.00235));
#2330=CARTESIAN_POINT('',(0.000885,0.,0.0002925));
#2331=CARTESIAN_POINT('',(-0.000585,0.,0.000585));
#2332=CARTESIAN_POINT('',(0.001025,0.0003,0.000585));
#2333=CARTESIAN_POINT('',(0.00205,0.0003,0.000585));
#2334=CARTESIAN_POINT('',(0.00205,0.,0.000585));
#2335=CARTESIAN_POINT('',(0.00205,0.,-0.000585));
#2336=CARTESIAN_POINT('',(0.00205,0.0003,-0.0002925));
#2337=CARTESIAN_POINT('',(0.00205,0.0003,-0.000585));
#2338=CARTESIAN_POINT('',(0.00205,0.,-0.000585));
#2339=CARTESIAN_POINT('',(-0.00205,0.,-0.000585));
#2340=CARTESIAN_POINT('',(0.0002925,0.0003,-0.000585));
#2341=CARTESIAN_POINT('',(0.000585,0.0003,-0.000585));
#2342=CARTESIAN_POINT('',(0.000585,0.,-0.000585));
#2343=CARTESIAN_POINT('',(0.000585,0.,0.000585));
#2344=CARTESIAN_POINT('',(0.000585,0.0003,-0.001025));
#2345=CARTESIAN_POINT('',(0.000585,0.0003,-0.00205));
#2346=CARTESIAN_POINT('',(0.000585,0.,-0.00205));
#2347=CARTESIAN_POINT('',(-0.000585,0.,-0.00205));
#2348=CARTESIAN_POINT('',(-0.0002925,0.0003,-0.00205));
#2349=CARTESIAN_POINT('',(-0.000585,0.0003,-0.00205));
#2350=CARTESIAN_POINT('',(-0.000585,0.,-0.00205));
#2351=CARTESIAN_POINT('',(-0.000585,0.,0.00205));
#2352=CARTESIAN_POINT('',(-0.000585,0.0003,-0.0002925));
#2353=CARTESIAN_POINT('',(0.000735,0.00015,0.0002925));
#2354=CARTESIAN_POINT('',(0.000885,0.,-0.00235));
#2355=CARTESIAN_POINT('',(0.000885,0.,-0.000885));
#2356=CARTESIAN_POINT('',(-0.0002925,0.00015,-0.0022));
#2357=CARTESIAN_POINT('',(-0.000885,0.,-0.00235));
#2358=CARTESIAN_POINT('',(-0.000735,0.00015,0.001025));
#2359=CARTESIAN_POINT('',(-0.000885,0.,-0.000885));
#2360=CARTESIAN_POINT('',(0.0022,0.00015,-0.0002925));
#2361=CARTESIAN_POINT('',(0.00205,0.0003,0.000585));
#2362=CARTESIAN_POINT('',(0.00235,0.,-0.000885));
#2363=CARTESIAN_POINT('',(-0.001025,0.00015,-0.000735));
#2364=CARTESIAN_POINT('',(-0.00235,0.,-0.000885));
#2365=CARTESIAN_POINT('',(-0.0022,0.00015,0.0002925));
#2366=CARTESIAN_POINT('',(-0.00235,0.,0.000885));
#2367=CARTESIAN_POINT('',(-0.0002925,0.00015,0.000735));
#2368=CARTESIAN_POINT('',(-0.000885,0.,0.000885));
#2369=CARTESIAN_POINT('',(-0.000735,0.00015,0.001025));
#2370=CARTESIAN_POINT('',(-0.000885,0.,0.00235));
#2371=CARTESIAN_POINT('',(0.0002925,0.00015,0.0022));
#2372=CARTESIAN_POINT('',(0.000885,0.,0.00235));
#2373=CARTESIAN_POINT('',(0.000735,0.00015,0.0002925));
#2374=CARTESIAN_POINT('',(0.000885,0.,0.000885));
#2375=CARTESIAN_POINT('',(-0.0002925,0.00015,0.000735));
#2376=CARTESIAN_POINT('',(-0.001025,0.00015,-0.000735));
#2377=CARTESIAN_POINT('',(0.00513996856276195,0.0078974787930414,-0.00483126426435111));
#2378=CARTESIAN_POINT('',(0.00515444362733133,0.00789627007751831,-0.0048063316145982));
#2379=CARTESIAN_POINT('',(0.00516760335883094,0.0078948217930691,-0.00478065128633301));
#2380=CARTESIAN_POINT('',(0.00555693725923212,0.00783915008160798,-0.00391030301488553));
#2381=CARTESIAN_POINT('',(0.00592881601108302,0.00777100614881427,-0.00254724654725993));
#2382=CARTESIAN_POINT('',(0.00614622018840589,0.007721470435019,-0.000227979417889019));
#2383=CARTESIAN_POINT('',(0.00604584197662905,0.00774808912667354,0.00210235251338522));
#2384=CARTESIAN_POINT('',(0.00555705069201036,0.00783913404965741,0.00391005088062013));
#2385=CARTESIAN_POINT('',(0.00513538498713858,0.00789943369438019,0.00485271435971299));
#2386=CARTESIAN_POINT('',(0.00504873122355195,0.00790340414994921,0.00497385797346868));
#2387=CARTESIAN_POINT('',(0.00489152616639367,0.00790052849621788,0.00510619934009573));
#2388=CARTESIAN_POINT('',(0.0048076939301057,0.00789655243264541,0.0051555125530945));
#2389=CARTESIAN_POINT('',(0.00443480108373076,0.00787269907474274,0.00532230917897382));
#2390=CARTESIAN_POINT('',(0.00360527883738914,0.00782410733791965,0.00563496458224748));
#2391=CARTESIAN_POINT('',(0.0026927786634745,0.00778443333817944,0.00584697587294003));
#2392=CARTESIAN_POINT('',(0.00151726428296406,0.00774754136816196,0.00603483150450615));
#2393=CARTESIAN_POINT('',(0.000545735397385487,0.00773033203438601,0.00611333483697049));
#2394=CARTESIAN_POINT('',(-0.00142793918357863,0.00773645022911967,0.00607830290917239));
#2395=CARTESIAN_POINT('',(-0.00313088025578809,0.00779639277032377,0.0058160501846443));
#2396=CARTESIAN_POINT('',(-0.00443381304776396,0.00787263576787684,0.00532275093306757));
#2397=CARTESIAN_POINT('',(-0.00480798386196502,0.0078965709710407,0.00515538281691012));
#2398=CARTESIAN_POINT('',(-0.0048942468707538,0.00790065192024705,0.00510453943004045));
#2399=CARTESIAN_POINT('',(-0.00505085869006606,0.00790336873634573,0.00497140974749847));
#2400=CARTESIAN_POINT('',(-0.00513647690374027,0.0078992774398185,0.00485027249287745));
#2401=CARTESIAN_POINT('',(-0.00520460207340474,0.00788952981604672,0.00469792981381334));
#2402=CARTESIAN_POINT('',(-0.00557386559334723,0.00783612729866105,0.00384906394324937));
#2403=CARTESIAN_POINT('',(-0.00593859207507785,0.00777048826457718,0.00248282796073605));
#2404=CARTESIAN_POINT('',(-0.00619113755178101,0.00770708086331746,-0.000345972908871454));
#2405=CARTESIAN_POINT('',(-0.00598362880077123,0.0077713878402303,-0.00269587234034389));
#2406=CARTESIAN_POINT('',(-0.00532295402895903,0.00787260645315753,-0.00443335718885535));
#2407=CARTESIAN_POINT('',(-0.00515535638813748,0.00789657475348126,-0.00480804297028));
#2408=CARTESIAN_POINT('',(-0.00510400827819738,0.00790069699246344,-0.00489516918394784));
#2409=CARTESIAN_POINT('',(-0.00497059022682322,0.00790334845163308,-0.00505150105629519));
#2410=CARTESIAN_POINT('',(-0.00484927585404164,0.0078992136580184,-0.00513692249419666));
#2411=CARTESIAN_POINT('',(-0.00469475843152155,0.00788932699170445,-0.0052060209302459));
#2412=CARTESIAN_POINT('',(-0.00441485843694661,0.00787171090621628,-0.0053274709279754));
#2413=CARTESIAN_POINT('',(-0.00354571185141868,0.00782120217727635,-0.00565286815779646));
#2414=CARTESIAN_POINT('',(-0.00178394636827083,0.00774409380128578,-0.00606059786281959));
#2415=CARTESIAN_POINT('',(0.00117429122392322,0.00771122974935338,-0.00618639127415689));
#2416=CARTESIAN_POINT('',(0.00347680668919516,0.0078114213986596,-0.00575085295151057));
#2417=CARTESIAN_POINT('',(0.00482181533070083,0.00789745614057775,-0.00514919882782397));
#2418=CARTESIAN_POINT('',(0.00494790028175013,0.00790288937427737,-0.00507023941389148));
#2419=CARTESIAN_POINT('',(0.0050494315419292,0.00790221730156365,-0.00496287227643391));
#2420=CARTESIAN_POINT('',(0.00509761169390838,0.00790017034845328,-0.00489693063337083));
#2421=CARTESIAN_POINT('',(0.00511426558900504,0.00789937662927121,-0.00487339386297124));
#2422=CARTESIAN_POINT('',(0.00512967593339422,0.00789833826146247,-0.00484899285698241));
#2423=CARTESIAN_POINT('',(0.00513996856276195,0.0078974787930414,-0.00483126426435111));
#2424=CARTESIAN_POINT('',(0.00518420365228394,0.00790671647335784,-0.00485651360932846));
#2425=CARTESIAN_POINT('',(0.00520002861832917,0.00790551480954643,-0.0048301899201242));
#2426=CARTESIAN_POINT('',(0.00521456212598702,0.00790407279208974,-0.00480306907577554));
#2427=CARTESIAN_POINT('',(0.00561041644904265,0.00784868331342307,-0.00392790949164343));
#2428=CARTESIAN_POINT('',(0.00599116942203645,0.00778133625872068,-0.0025586172990261));
#2429=CARTESIAN_POINT('',(0.00621486254447743,0.00773245292758486,-0.000228991566696285));
#2430=CARTESIAN_POINT('',(0.00611118215749255,0.00775870520961877,0.00211172203766693));
#2431=CARTESIAN_POINT('',(0.00561048435781552,0.00784865501582146,0.00392761489542653));
#2432=CARTESIAN_POINT('',(0.005178269665344,0.00790866438138856,0.00487941207804765));
#2433=CARTESIAN_POINT('',(0.00508575078929526,0.00791260027213045,0.00500644592511221));
#2434=CARTESIAN_POINT('',(0.00492005097606773,0.00790974253882757,0.00514720552070783));
#2435=CARTESIAN_POINT('',(0.00483178313263476,0.0079058039881586,0.00520095668366961));
#2436=CARTESIAN_POINT('',(0.00445452665132618,0.00788205902727783,0.00537258934149983));
#2437=CARTESIAN_POINT('',(0.0036214902078028,0.00783382715951218,0.00569049869073706));
#2438=CARTESIAN_POINT('',(0.00270483094803479,0.00779461150276099,0.00590751074459537));
#2439=CARTESIAN_POINT('',(0.00152401695608162,0.00775817332532805,0.00610012655751832));
#2440=CARTESIAN_POINT('',(0.000548183059996957,0.0077411999373505,0.00618094289745579));
#2441=CARTESIAN_POINT('',(-0.00143427834176905,0.00774724827781348,0.00614512953680319));
#2442=CARTESIAN_POINT('',(-0.00314502628367597,0.00780632543229653,0.00587461874955987));
#2443=CARTESIAN_POINT('',(-0.0044534942937758,0.00788200446627797,0.00537307883049224));
#2444=CARTESIAN_POINT('',(-0.00483205118975251,0.00790582163760825,0.00520083944961744));
#2445=CARTESIAN_POINT('',(-0.00492292525882735,0.00790986478637634,0.00514539305205119));
#2446=CARTESIAN_POINT('',(-0.00508801101183739,0.0079125656310072,0.00500387044036765));
#2447=CARTESIAN_POINT('',(-0.00517946776971213,0.0079085084787421,0.00487685243640704));
#2448=CARTESIAN_POINT('',(-0.00525323576413024,0.00789880455342407,0.00471870727615083));
#2449=CARTESIAN_POINT('',(-0.00562803966071254,0.00784573720351424,0.00386645016772115));
#2450=CARTESIAN_POINT('',(-0.00600075288699863,0.00778078370979524,0.00249384244465955));
#2451=CARTESIAN_POINT('',(-0.00626200961193375,0.00771832310403525,-0.000347401097237795));
#2452=CARTESIAN_POINT('',(-0.00604519844415588,0.00778154654386595,-0.00270811589910712));
#2453=CARTESIAN_POINT('',(-0.00537337767705939,0.00788198994876664,-0.00445301736937473));
#2454=CARTESIAN_POINT('',(-0.00520081017214592,0.00790582540487189,-0.00483211322836972));
#2455=CARTESIAN_POINT('',(-0.00514481266029117,0.00790990944629253,-0.00492389686547995));
#2456=CARTESIAN_POINT('',(-0.00500301628141444,0.00791254562423866,-0.00508868881520323));
#2457=CARTESIAN_POINT('',(-0.00487579737928053,0.00790844490414176,-0.00517996859840725));
#2458=CARTESIAN_POINT('',(-0.0047155207792134,0.00789859958804567,-0.00525465704230282));
#2459=CARTESIAN_POINT('',(-0.00443449175719045,0.00788108126515795,-0.0053778627779323));
#2460=CARTESIAN_POINT('',(-0.00356166757367222,0.00783094392952053,-0.00570870383249483));
#2461=CARTESIAN_POINT('',(-0.00179183751227914,0.00775475105984851,-0.0061262982134681));
#2462=CARTESIAN_POINT('',(0.00117940990740929,0.00772238828084835,-0.00625663070397002));
#2463=CARTESIAN_POINT('',(0.00349254022090176,0.00782114355112219,-0.00580742053913387));
#2464=CARTESIAN_POINT('',(0.0048466405131725,0.00790670071461054,-0.00519391591501603));
#2465=CARTESIAN_POINT('',(0.00497942588864646,0.00791208484510183,-0.00510828049140919));
#2466=CARTESIAN_POINT('',(0.00508658649071124,0.0079114211027975,-0.00499529208950891));
#2467=CARTESIAN_POINT('',(0.00513831150994542,0.00790938952402224,-0.00492577996062805));
#2468=CARTESIAN_POINT('',(0.00515620789335959,0.00790860168570891,-0.00490098817812722));
#2469=CARTESIAN_POINT('',(0.00517295116290955,0.0079075709275937,-0.00487523131350674));
#2470=CARTESIAN_POINT('',(0.00518420365228394,0.00790671647335784,-0.00485651360932846));
#2471=CARTESIAN_POINT('',(0.00527553348785503,0.00790513469871766,-0.00490918858208926));
#2472=CARTESIAN_POINT('',(0.0052941602942266,0.00790356365496078,-0.00488006946934809));
#2473=CARTESIAN_POINT('',(0.00531145832006253,0.00790168961182084,-0.00485015914230566));
#2474=CARTESIAN_POINT('',(0.00572028800202502,0.00784370372393839,-0.00396529908067465));
#2475=CARTESIAN_POINT('',(0.00612059881496966,0.00777141145000193,-0.00258359532416814));
#2476=CARTESIAN_POINT('',(0.00635765079522195,0.00771795003529159,-0.000231270247883989));
#2477=CARTESIAN_POINT('',(0.00624706698712857,0.00774698042012902,0.00213258550112707));
#2478=CARTESIAN_POINT('',(0.00572037180857518,0.00784365464588173,0.00396504014923986));
#2479=CARTESIAN_POINT('',(0.0052690651522145,0.00790750627592996,0.00493295988650572));
#2480=CARTESIAN_POINT('',(0.00516296356050141,0.00791259940794969,0.00507317102978871));
#2481=CARTESIAN_POINT('',(0.00497814520937692,0.00790894980292284,0.00523286152980355));
#2482=CARTESIAN_POINT('',(0.0048812320806337,0.00790384804073758,0.0052955449014124));
#2483=CARTESIAN_POINT('',(0.00449638506801107,0.00787840601919416,0.00547582125631813));
#2484=CARTESIAN_POINT('',(0.00365606465450349,0.00782766529759632,0.00580452282997004));
#2485=CARTESIAN_POINT('',(0.00273097546960164,0.00778551317765826,0.00603256679255791));
#2486=CARTESIAN_POINT('',(0.00153896676968183,0.00774614802035798,0.00623582572106536));
#2487=CARTESIAN_POINT('',(0.000553573293132611,0.00772761412238223,0.00632195108688371));
#2488=CARTESIAN_POINT('',(-0.00144839045609928,0.00773406765953844,0.00628435150216996));
#2489=CARTESIAN_POINT('',(-0.00317553139576417,0.00779882700016796,0.00599445493112667));
#2490=CARTESIAN_POINT('',(-0.00449538860957259,0.0078783623241055,0.00547629978193049));
#2491=CARTESIAN_POINT('',(-0.0048815639877417,0.00790387790185356,0.0052953769732077));
#2492=CARTESIAN_POINT('',(-0.0049815158597334,0.00790914005712779,0.0052305577998568));
#2493=CARTESIAN_POINT('',(-0.00516575094329525,0.00791258585184969,0.00507009009903595));
#2494=CARTESIAN_POINT('',(-0.00527050044963209,0.00790731234169269,0.00493015631845693));
#2495=CARTESIAN_POINT('',(-0.00535321469123653,0.00789583300491005,0.00476282115230553));
#2496=CARTESIAN_POINT('',(-0.0057384645963062,0.00784060118769843,0.00390321298237485));
#2497=CARTESIAN_POINT('',(-0.006129223652887,0.00777100196561946,0.00251822942801251));
#2498=CARTESIAN_POINT('',(-0.00641142237798158,0.00770199695150906,-0.000350757358462749));
#2499=CARTESIAN_POINT('',(-0.00616987746177812,0.00777299633558661,-0.00273489598104662));
#2500=CARTESIAN_POINT('',(-0.00547653831775732,0.00787836780011069,-0.00449492898454359));
#2501=CARTESIAN_POINT('',(-0.00529534229558243,0.00790388281353194,-0.0048816318461831));
#2502=CARTESIAN_POINT('',(-0.00522987689868087,0.007909198283297,-0.00498258491292765));
#2503=CARTESIAN_POINT('',(-0.00506914441207018,0.00791255894081533,-0.00516652616939019));
#2504=CARTESIAN_POINT('',(-0.00492901114926342,0.00790723153360337,-0.00527108665447283));
#2505=CARTESIAN_POINT('',(-0.0047596102307991,0.00789561457003802,-0.00535468504278321));
#2506=CARTESIAN_POINT('',(-0.00447616824466442,0.00787735157578606,-0.00548139386214013));
#2507=CARTESIAN_POINT('',(-0.00359570063635312,0.00782461279424838,-0.00582346617085376));
#2508=CARTESIAN_POINT('',(-0.0018095905529554,0.00774262619198167,-0.00626275432482966));
#2509=CARTESIAN_POINT('',(0.00119118223120987,0.00770677646531355,-0.00640384152775206));
#2510=CARTESIAN_POINT('',(0.00352636731669986,0.00781508433763262,-0.00592229958515437));
#2511=CARTESIAN_POINT('',(0.00489745509278453,0.00790500058542783,-0.0052872422741326));
#2512=CARTESIAN_POINT('',(0.00504500179922262,0.00791208508282938,-0.00518647091700833));
#2513=CARTESIAN_POINT('',(0.00516337646821165,0.00791121554451345,-0.00506236272975737));
#2514=CARTESIAN_POINT('',(0.00522219254458402,0.00790862448330759,-0.00498583834509688));
#2515=CARTESIAN_POINT('',(0.00524271707570539,0.00790760739722705,-0.00495845051063699));
#2516=CARTESIAN_POINT('',(0.00526228872384253,0.00790625180400121,-0.0049298939981878));
#2517=CARTESIAN_POINT('',(0.00527553348785503,0.00790513469871766,-0.00490918858208926));
#2518=CARTESIAN_POINT('',(0.00535867625389975,0.00786375539734648,-0.00495912083126459));
#2519=CARTESIAN_POINT('',(0.0053795522138546,0.00786110526634657,-0.00492754723327919));
#2520=CARTESIAN_POINT('',(0.00539902816859586,0.00785798799921851,-0.00489519604656128));
#2521=CARTESIAN_POINT('',(0.00581780069270304,0.00779173507255608,-0.00400099486748756));
#2522=CARTESIAN_POINT('',(0.00623106060095739,0.00770248296953277,-0.0026069726765141));
#2523=CARTESIAN_POINT('',(0.00647429767618092,0.00763461451812519,-0.000233347850616472));
#2524=CARTESIAN_POINT('',(0.00636145820982293,0.00767207860550292,0.00215189638612948));
#2525=CARTESIAN_POINT('',(0.00581780656738867,0.00779159441090354,0.00400076033658718));
#2526=CARTESIAN_POINT('',(0.00535196007787291,0.00786714836881453,0.00498360902397035));
#2527=CARTESIAN_POINT('',(0.00523443700713089,0.00787580471424907,0.00513560447364166));
#2528=CARTESIAN_POINT('',(0.00503289599361249,0.00786994024850226,0.00531143236033663));
#2529=CARTESIAN_POINT('',(0.00492831276774849,0.00786129745171861,0.00538132851661521));
#2530=CARTESIAN_POINT('',(0.00453652387946916,0.00783080312404189,0.00556818253136439));
#2531=CARTESIAN_POINT('',(0.00368894056061141,0.00777179985190901,0.0059044576750834));
#2532=CARTESIAN_POINT('',(0.00275558998997338,0.00771978822792945,0.00613950699535271));
#2533=CARTESIAN_POINT('',(0.00155289322272408,0.00767059522256473,0.00634930968170273));
#2534=CARTESIAN_POINT('',(0.000558637276622018,0.00764683181143521,0.00643846261167426));
#2535=CARTESIAN_POINT('',(-0.00146146375296652,0.0076547173373745,0.00639956039262089));
#2536=CARTESIAN_POINT('',(-0.00320445800684235,0.00773869697011852,0.0060985660960621));
#2537=CARTESIAN_POINT('',(-0.00453557473264253,0.00783082141404138,0.00556870149373433));
#2538=CARTESIAN_POINT('',(-0.00492870177861078,0.00786136819778193,0.00538112392883439));
#2539=CARTESIAN_POINT('',(-0.00503669907109543,0.00787033871168263,0.00530874267024375));
#2540=CARTESIAN_POINT('',(-0.00523767596576512,0.00787585234956916,0.00513210305041152));
#2541=CARTESIAN_POINT('',(-0.00535358032080223,0.00786685447347351,0.00498059658336903));
#2542=CARTESIAN_POINT('',(-0.00544316047707847,0.00785043783255834,0.00480520937416804));
#2543=CARTESIAN_POINT('',(-0.0058364257426942,0.00778828592094668,0.00393825522254478));
#2544=CARTESIAN_POINT('',(-0.00623883885005613,0.00770288483117348,0.00254092047803262));
#2545=CARTESIAN_POINT('',(-0.00653202974295692,0.00761196146242182,-0.000353646865128594));
#2546=CARTESIAN_POINT('',(-0.00627776135963831,0.0077096965910001,-0.00276020671328607));
#2547=CARTESIAN_POINT('',(-0.00556895889325922,0.00783094394004599,-0.00453513827138477));
#2548=CARTESIAN_POINT('',(-0.00538108532904979,0.00786137645341278,-0.00492877458826995));
#2549=CARTESIAN_POINT('',(-0.00530798120214458,0.00787043829964718,-0.00503785429901492));
#2550=CARTESIAN_POINT('',(-0.00513107379218528,0.00787580203115689,-0.00523853496149328));
#2551=CARTESIAN_POINT('',(-0.00497937288195519,0.00786672587859098,-0.00535423185108472));
#2552=CARTESIAN_POINT('',(-0.0048019750958807,0.0078501666067731,-0.00544464819079025));
#2553=CARTESIAN_POINT('',(-0.00451612747921,0.00782948094948302,-0.00557394946990855));
#2554=CARTESIAN_POINT('',(-0.00362805135124619,0.00776815965564695,-0.00592392065015095));
#2555=CARTESIAN_POINT('',(-0.00182596658985398,0.00766670376555503,-0.00637696010914082));
#2556=CARTESIAN_POINT('',(0.00120183445496343,0.00761930583176256,-0.00652341809632951));
#2557=CARTESIAN_POINT('',(0.00355854865713738,0.00775986844895308,-0.00602355060525365));
#2558=CARTESIAN_POINT('',(0.0049457290612797,0.00786315947876312,-0.00537205784126647));
#2559=CARTESIAN_POINT('',(0.00510634593514079,0.00787542355794195,-0.00525892604453556));
#2560=CARTESIAN_POINT('',(0.00523450697765491,0.00787392262181076,-0.00512498765244464));
#2561=CARTESIAN_POINT('',(0.00529925497408739,0.00786966047575115,-0.00504226910635934));
#2562=CARTESIAN_POINT('',(0.00532196076161061,0.00786795776716502,-0.0050125922182185));
#2563=CARTESIAN_POINT('',(0.00534383220830112,0.00786563979765622,-0.00498157153193762));
#2564=CARTESIAN_POINT('',(0.00535867625389975,0.00786375539734648,-0.00495912083126459));
#2565=CARTESIAN_POINT('',(0.00539500779417098,0.0078348139718911,-0.00498162752581756));
#2566=CARTESIAN_POINT('',(0.00541671869405087,0.00783153524350339,-0.00494898780835609));
#2567=CARTESIAN_POINT('',(0.00543699722497912,0.00782765967470681,-0.00491554274641767));
#2568=CARTESIAN_POINT('',(0.00585944485108717,0.00775621424118184,-0.00401683684393542));
#2569=CARTESIAN_POINT('',(0.00627526693323901,0.00765711558148468,-0.00261684229336472));
#2570=CARTESIAN_POINT('',(0.006518499017781,0.00758132882354457,-0.000234171606990515));
#2571=CARTESIAN_POINT('',(0.00640618148697257,0.00762321653812767,0.00215983478025875));
#2572=CARTESIAN_POINT('',(0.00585956599129529,0.00775619426555983,0.00401657792434318));
#2573=CARTESIAN_POINT('',(0.00538765971774818,0.00783924233056439,0.00500715093916249));
#2574=CARTESIAN_POINT('',(0.00526601851212224,0.00784979501408257,0.00516388930969046));
#2575=CARTESIAN_POINT('',(0.00505792003155947,0.00784251305573233,0.00534576483942749));
#2576=CARTESIAN_POINT('',(0.00494992084399747,0.00783200647012763,0.00541848226040861));
#2577=CARTESIAN_POINT('',(0.00455453076471884,0.00779798616299309,0.00560811663893728));
#2578=CARTESIAN_POINT('',(0.00370346567662986,0.00773401853719588,0.0059468101273918));
#2579=CARTESIAN_POINT('',(0.00276618965949248,0.00767630709822992,0.00618290969596194));
#2580=CARTESIAN_POINT('',(0.00155869863745788,0.00762154321398619,0.00639351965193145));
#2581=CARTESIAN_POINT('',(0.000560746259577114,0.00759494555676469,0.00648289349265702));
#2582=CARTESIAN_POINT('',(-0.00146687937802326,0.00760370564316561,0.00644379412110179));
#2583=CARTESIAN_POINT('',(-0.00321690988617093,0.00769798906491151,0.00614222918476445));
#2584=CARTESIAN_POINT('',(-0.00455351739808187,0.00779790733924784,0.00560859021928086));
#2585=CARTESIAN_POINT('',(-0.00495028888711481,0.00783205297097945,0.00541828404003594));
#2586=CARTESIAN_POINT('',(-0.00506184244752383,0.00784297267612027,0.00534297615895561));
#2587=CARTESIAN_POINT('',(-0.0052693612811225,0.0078498372813664,0.00516028641387163));
#2588=CARTESIAN_POINT('',(-0.00538933131429989,0.00783884987510353,0.00500404714168018));
#2589=CARTESIAN_POINT('',(-0.0054820308230278,0.00781894213603445,0.00482427941437229));
#2590=CARTESIAN_POINT('',(-0.0058782165456208,0.00775189867724545,0.00395392804075365));
#2591=CARTESIAN_POINT('',(-0.00628301199370691,0.00765783340028487,0.00255042047057906));
#2592=CARTESIAN_POINT('',(-0.00657627000389691,0.00755572151375709,-0.000354848990163952));
#2593=CARTESIAN_POINT('',(-0.00632259154609523,0.0076659762592386,-0.00277074475421309));
#2594=CARTESIAN_POINT('',(-0.00560880870192797,0.00779787084280899,-0.00455304984430285));
#2595=CARTESIAN_POINT('',(-0.00541824357580628,0.00783206246967538,-0.00495036401936839));
#2596=CARTESIAN_POINT('',(-0.00534218350822255,0.00784309323163275,-0.00506303560767035));
#2597=CARTESIAN_POINT('',(-0.00515922749545211,0.00784977855510767,-0.00527024783367895));
#2598=CARTESIAN_POINT('',(-0.00500278020277268,0.00783868968928649,-0.00539001365065681));
#2599=CARTESIAN_POINT('',(-0.00482102821582517,0.00781868959931098,-0.00548355051644101));
#2600=CARTESIAN_POINT('',(-0.00453404305688246,0.0077965314894497,-0.0056138930876299));
#2601=CARTESIAN_POINT('',(-0.00364232776394385,0.00773007697552705,-0.00596637958916132));
#2602=CARTESIAN_POINT('',(-0.001832633482255,0.00761729933806478,-0.00642142659724262));
#2603=CARTESIAN_POINT('',(0.0012060650788469,0.00756398881470881,-0.00656777575144563));
#2604=CARTESIAN_POINT('',(0.00357243277134316,0.00772168928285391,-0.00606716818121969));
#2605=CARTESIAN_POINT('',(0.00496787090209752,0.00783427595744969,-0.00540881487941169));
#2606=CARTESIAN_POINT('',(0.0051337424585716,0.00784915507535211,-0.00529128329929977));
#2607=CARTESIAN_POINT('',(0.00526611472210682,0.0078472743691559,-0.00515301754975875));
#2608=CARTESIAN_POINT('',(0.0053332944709101,0.00784207851713978,-0.00506755016727533));
#2609=CARTESIAN_POINT('',(0.00535684065761601,0.00783999968168399,-0.00503690337044198));
#2610=CARTESIAN_POINT('',(0.00537957005676866,0.00783714534222321,-0.0050048363006654));
#2611=CARTESIAN_POINT('',(0.00539500779417098,0.0078348139718911,-0.00498162752581756));
#2612=CARTESIAN_POINT('',(0.000143681399794919,0.000210655445007465,-0.00427212418933189));
#2613=CARTESIAN_POINT('',(0.,0.0057,0.));
#2614=CARTESIAN_POINT('',(0.,0.0057,0.));
#2615=CARTESIAN_POINT('',(0.0028,0.0057,0.));
#2616=CARTESIAN_POINT('',(0.,0.,0.));
#2617=CARTESIAN_POINT('',(0.,0.,0.));
#2618=CARTESIAN_POINT('',(0.0028,0.,0.));
#2619=CARTESIAN_POINT('',(-0.00205,0.,0.000585));
#2620=CARTESIAN_POINT('',(-0.00205,0.0003,0.0002925));
#2621=CARTESIAN_POINT('',(-0.00205,0.0003,-0.000585));
#2622=CARTESIAN_POINT('',(-0.00205,0.0003,0.000585));
#2623=CARTESIAN_POINT('',(-0.00205,0.,-0.000585));
#2624=CARTESIAN_POINT('',(-0.00205,0.0047,-0.000585));
#2625=CARTESIAN_POINT('',(-0.00205,0.0047,0.0002925));
#2626=CARTESIAN_POINT('',(-0.00205,0.0047,0.000585));
#2627=CARTESIAN_POINT('',(-0.00205,0.,0.000585));
#2628=CARTESIAN_POINT('',(-0.00205,0.,-0.000585));
#2629=CARTESIAN_POINT('',(-0.001025,0.0003,-0.000585));
#2630=CARTESIAN_POINT('',(-0.000585,0.0003,-0.000585));
#2631=CARTESIAN_POINT('',(-0.000585,0.,-0.000585));
#2632=CARTESIAN_POINT('',(-0.000585,0.0047,-0.000585));
#2633=CARTESIAN_POINT('',(-0.001025,0.0047,-0.000585));
#2634=CARTESIAN_POINT('',(0.000585,0.,0.000585));
#2635=CARTESIAN_POINT('',(0.000585,0.0003,0.0002925));
#2636=CARTESIAN_POINT('',(0.000585,0.0003,0.00205));
#2637=CARTESIAN_POINT('',(0.000585,0.0003,0.000585));
#2638=CARTESIAN_POINT('',(0.000585,0.,0.00205));
#2639=CARTESIAN_POINT('',(0.000585,0.0047,0.00205));
#2640=CARTESIAN_POINT('',(0.000585,0.0047,0.0002925));
#2641=CARTESIAN_POINT('',(0.000585,0.0047,0.000585));
#2642=CARTESIAN_POINT('',(0.000585,0.,0.000585));
#2643=CARTESIAN_POINT('',(0.000585,0.,0.00205));
#2644=CARTESIAN_POINT('',(0.0002925,0.0003,0.00205));
#2645=CARTESIAN_POINT('',(-0.000585,0.0003,0.00205));
#2646=CARTESIAN_POINT('',(-0.000585,0.,0.00205));
#2647=CARTESIAN_POINT('',(-0.000585,0.0047,0.00205));
#2648=CARTESIAN_POINT('',(0.0002925,0.0047,0.00205));
#2649=CARTESIAN_POINT('',(-0.000585,0.,0.00205));
#2650=CARTESIAN_POINT('',(-0.000585,0.0003,0.001025));
#2651=CARTESIAN_POINT('',(-0.000585,0.0003,0.000585));
#2652=CARTESIAN_POINT('',(-0.000585,0.,0.000585));
#2653=CARTESIAN_POINT('',(-0.000585,0.0047,0.000585));
#2654=CARTESIAN_POINT('',(-0.000585,0.0047,0.001025));
#2655=CARTESIAN_POINT('',(-0.000585,0.,0.000585));
#2656=CARTESIAN_POINT('',(-0.0002925,0.0003,0.000585));
#2657=CARTESIAN_POINT('',(-0.0002925,0.0047,0.000585));
#2658=CARTESIAN_POINT('',(0.,0.0047,0.));
#2659=CARTESIAN_POINT('',(0.0002925,0.0047,-0.000585));
#2660=CARTESIAN_POINT('',(0.00205,0.0047,-0.000585));
#2661=CARTESIAN_POINT('',(0.000585,0.0047,-0.000585));
#2662=CARTESIAN_POINT('',(0.00205,0.0047,-0.0002925));
#2663=CARTESIAN_POINT('',(0.00205,0.0047,0.000585));
#2664=CARTESIAN_POINT('',(0.001025,0.0047,0.000585));
#2665=CARTESIAN_POINT('',(-0.000585,0.0047,-0.0002925));
#2666=CARTESIAN_POINT('',(-0.000585,0.0047,-0.00205));
#2667=CARTESIAN_POINT('',(-0.0002925,0.0047,-0.00205));
#2668=CARTESIAN_POINT('',(0.000585,0.0047,-0.00205));
#2669=CARTESIAN_POINT('',(0.000585,0.0047,-0.001025));
#2670=CARTESIAN_POINT('',(0.,0.,0.));
#2671=CARTESIAN_POINT('',(0.001025,0.,0.000885));
#2672=CARTESIAN_POINT('',(0.00235,1.35525271560688E-20,0.000885));
#2673=CARTESIAN_POINT('',(0.000885,-1.20466908053945E-20,0.000885));
#2674=CARTESIAN_POINT('',(0.00235,0.,-0.0002925));
#2675=CARTESIAN_POINT('',(0.00235,3.61400724161835E-20,-0.000885));
#2676=CARTESIAN_POINT('',(0.0002925,0.,-0.000885));
#2677=CARTESIAN_POINT('',(0.000885,-1.20466908053945E-20,-0.000885));
#2678=CARTESIAN_POINT('',(0.000885,0.,-0.001025));
#2679=CARTESIAN_POINT('',(0.000885,2.71050543121376E-20,-0.00235));
#2680=CARTESIAN_POINT('',(-0.0002925,0.,-0.00235));
#2681=CARTESIAN_POINT('',(-0.000885,3.61400724161835E-20,-0.00235));
#2682=CARTESIAN_POINT('',(-0.000885,0.,-0.0002925));
#2683=CARTESIAN_POINT('',(-0.000885,-1.20466908053945E-20,-0.000885));
#2684=CARTESIAN_POINT('',(-0.001025,0.,-0.000885));
#2685=CARTESIAN_POINT('',(-0.00235,0.,-0.000885));
#2686=CARTESIAN_POINT('',(-0.00235,0.,0.0002925));
#2687=CARTESIAN_POINT('',(-0.00235,0.,0.000885));
#2688=CARTESIAN_POINT('',(-0.0002925,0.,0.000885));
#2689=CARTESIAN_POINT('',(-0.000885,0.,0.000885));
#2690=CARTESIAN_POINT('',(-0.000885,0.,0.001025));
#2691=CARTESIAN_POINT('',(-0.000885,0.,0.00235));
#2692=CARTESIAN_POINT('',(0.0002925,0.,0.00235));
#2693=CARTESIAN_POINT('',(0.000885,0.,0.00235));
#2694=CARTESIAN_POINT('',(0.000885,0.,0.0002925));
#2695=CARTESIAN_POINT('',(-0.000585,0.,0.000585));
#2696=CARTESIAN_POINT('',(0.001025,0.0003,0.000585));
#2697=CARTESIAN_POINT('',(0.00205,0.0003,0.000585));
#2698=CARTESIAN_POINT('',(0.00205,0.,0.000585));
#2699=CARTESIAN_POINT('',(0.00205,0.,-0.000585));
#2700=CARTESIAN_POINT('',(0.00205,0.0003,-0.0002925));
#2701=CARTESIAN_POINT('',(0.00205,0.0003,-0.000585));
#2702=CARTESIAN_POINT('',(0.00205,0.,-0.000585));
#2703=CARTESIAN_POINT('',(-0.00205,0.,-0.000585));
#2704=CARTESIAN_POINT('',(0.0002925,0.0003,-0.000585));
#2705=CARTESIAN_POINT('',(0.000585,0.0003,-0.000585));
#2706=CARTESIAN_POINT('',(0.000585,0.,-0.000585));
#2707=CARTESIAN_POINT('',(0.000585,0.,0.000585));
#2708=CARTESIAN_POINT('',(0.000585,0.0003,-0.001025));
#2709=CARTESIAN_POINT('',(0.000585,0.0003,-0.00205));
#2710=CARTESIAN_POINT('',(0.000585,0.,-0.00205));
#2711=CARTESIAN_POINT('',(-0.000585,0.,-0.00205));
#2712=CARTESIAN_POINT('',(-0.0002925,0.0003,-0.00205));
#2713=CARTESIAN_POINT('',(-0.000585,0.0003,-0.00205));
#2714=CARTESIAN_POINT('',(-0.000585,0.,-0.00205));
#2715=CARTESIAN_POINT('',(-0.000585,0.,0.00205));
#2716=CARTESIAN_POINT('',(-0.000585,0.0003,-0.0002925));
#2717=CARTESIAN_POINT('',(0.000735,0.00015,0.0002925));
#2718=CARTESIAN_POINT('',(0.000885,0.,-0.00235));
#2719=CARTESIAN_POINT('',(0.000885,0.,-0.000885));
#2720=CARTESIAN_POINT('',(-0.0002925,0.00015,-0.0022));
#2721=CARTESIAN_POINT('',(-0.000885,0.,-0.00235));
#2722=CARTESIAN_POINT('',(-0.000735,0.00015,0.001025));
#2723=CARTESIAN_POINT('',(-0.000885,0.,-0.000885));
#2724=CARTESIAN_POINT('',(0.0022,0.00015,-0.0002925));
#2725=CARTESIAN_POINT('',(0.00205,0.0003,0.000585));
#2726=CARTESIAN_POINT('',(0.00235,0.,-0.000885));
#2727=CARTESIAN_POINT('',(-0.001025,0.00015,-0.000735));
#2728=CARTESIAN_POINT('',(-0.00235,0.,-0.000885));
#2729=CARTESIAN_POINT('',(-0.0022,0.00015,0.0002925));
#2730=CARTESIAN_POINT('',(-0.00235,0.,0.000885));
#2731=CARTESIAN_POINT('',(-0.0002925,0.00015,0.000735));
#2732=CARTESIAN_POINT('',(-0.000885,0.,0.000885));
#2733=CARTESIAN_POINT('',(-0.000735,0.00015,0.001025));
#2734=CARTESIAN_POINT('',(-0.000885,0.,0.00235));
#2735=CARTESIAN_POINT('',(0.0002925,0.00015,0.0022));
#2736=CARTESIAN_POINT('',(0.000885,0.,0.00235));
#2737=CARTESIAN_POINT('',(0.000735,0.00015,0.0002925));
#2738=CARTESIAN_POINT('',(0.000885,0.,0.000885));
#2739=CARTESIAN_POINT('',(-0.0002925,0.00015,0.000735));
#2740=CARTESIAN_POINT('',(-0.001025,0.00015,-0.000735));
#2741=CARTESIAN_POINT('',(0.000143681399794919,0.000210655445007465,-0.00427212418933189));
#2742=CARTESIAN_POINT('',(0.000143681399794919,0.000210655445007465,-0.00427212418933189));
#2743=CARTESIAN_POINT('',(0.,0.,0.));
#2744=MECHANICAL_DESIGN_GEOMETRIC_PRESENTATION_REPRESENTATION('',(#1283,
#1284),#2745);
#2745=(
GEOMETRIC_REPRESENTATION_CONTEXT(3)
GLOBAL_UNCERTAINTY_ASSIGNED_CONTEXT((#2749))
GLOBAL_UNIT_ASSIGNED_CONTEXT((#2755,#2754,#2753))
REPRESENTATION_CONTEXT('Assembly 2','TOP_LEVEL_ASSEMBLY_PART')
);
#2746=(
GEOMETRIC_REPRESENTATION_CONTEXT(3)
GLOBAL_UNCERTAINTY_ASSIGNED_CONTEXT((#2750))
GLOBAL_UNIT_ASSIGNED_CONTEXT((#2755,#2754,#2753))
REPRESENTATION_CONTEXT('DSA 1u v2','COMPONENT_PART')
);
#2747=(
GEOMETRIC_REPRESENTATION_CONTEXT(3)
GLOBAL_UNCERTAINTY_ASSIGNED_CONTEXT((#2751))
GLOBAL_UNIT_ASSIGNED_CONTEXT((#2755,#2754,#2753))
REPRESENTATION_CONTEXT('DSA 1u v2 <1>','COMPONENT_PART')
);
#2748=(
GEOMETRIC_REPRESENTATION_CONTEXT(3)
GLOBAL_UNCERTAINTY_ASSIGNED_CONTEXT((#2752))
GLOBAL_UNIT_ASSIGNED_CONTEXT((#2755,#2754,#2753))
REPRESENTATION_CONTEXT('MX Mount v1','COMPONENT_PART')
);
#2749=UNCERTAINTY_MEASURE_WITH_UNIT(LENGTH_MEASURE(1.E-8),#2755,
'DISTANCE_ACCURACY_VALUE','Maximum Tolerance applied to model');
#2750=UNCERTAINTY_MEASURE_WITH_UNIT(LENGTH_MEASURE(2.E-5),#2755,
'DISTANCE_ACCURACY_VALUE','Maximum Tolerance applied to model');
#2751=UNCERTAINTY_MEASURE_WITH_UNIT(LENGTH_MEASURE(1.E-8),#2755,
'DISTANCE_ACCURACY_VALUE','Maximum Tolerance applied to model');
#2752=UNCERTAINTY_MEASURE_WITH_UNIT(LENGTH_MEASURE(1.E-6),#2755,
'DISTANCE_ACCURACY_VALUE','Maximum Tolerance applied to model');
#2753=(
NAMED_UNIT(*)
SI_UNIT($,.STERADIAN.)
SOLID_ANGLE_UNIT()
);
#2754=(
NAMED_UNIT(*)
PLANE_ANGLE_UNIT()
SI_UNIT($,.RADIAN.)
);
#2755=(
LENGTH_UNIT()
NAMED_UNIT(*)
SI_UNIT($,.METRE.)
);
#2756=PRODUCT_DEFINITION_SHAPE('','',#2764);
#2757=PRODUCT_DEFINITION_SHAPE('','',#2765);
#2758=PRODUCT_DEFINITION_SHAPE(' ','NAUO PRDDFN',#14);
#2759=PRODUCT_DEFINITION_SHAPE('','',#2766);
#2760=PRODUCT_DEFINITION_SHAPE('','',#2767);
#2761=PRODUCT_DEFINITION_SHAPE(' ','NAUO PRDDFN',#15);
#2762=PRODUCT_DEFINITION_SHAPE(' ','NAUO PRDDFN',#16);
#2763=PRODUCT_DEFINITION_SHAPE(' ','NAUO PRDDFN',#17);
#2764=PRODUCT_DEFINITION('','',#2772,#2768);
#2765=PRODUCT_DEFINITION('','',#2773,#2769);
#2766=PRODUCT_DEFINITION('','',#2774,#2770);
#2767=PRODUCT_DEFINITION('','',#2775,#2771);
#2768=PRODUCT_DEFINITION_CONTEXT('',#2793,'design');
#2769=PRODUCT_DEFINITION_CONTEXT('',#2793,'design');
#2770=PRODUCT_DEFINITION_CONTEXT('',#2793,'design');
#2771=PRODUCT_DEFINITION_CONTEXT('',#2793,'design');
#2772=PRODUCT_DEFINITION_FORMATION_WITH_SPECIFIED_SOURCE('','',#2780,
 .NOT_KNOWN.);
#2773=PRODUCT_DEFINITION_FORMATION_WITH_SPECIFIED_SOURCE('','',#2781,
 .NOT_KNOWN.);
#2774=PRODUCT_DEFINITION_FORMATION_WITH_SPECIFIED_SOURCE('','',#2782,
 .NOT_KNOWN.);
#2775=PRODUCT_DEFINITION_FORMATION_WITH_SPECIFIED_SOURCE('','',#2783,
 .NOT_KNOWN.);
#2776=PRODUCT_RELATED_PRODUCT_CATEGORY('','',(#2780));
#2777=PRODUCT_RELATED_PRODUCT_CATEGORY('','',(#2781));
#2778=PRODUCT_RELATED_PRODUCT_CATEGORY('','',(#2782));
#2779=PRODUCT_RELATED_PRODUCT_CATEGORY('','',(#2783));
#2780=PRODUCT('Assembly 2','Assembly 2','Assembly 2',(#2788));
#2781=PRODUCT('DSA 1u v2','DSA 1u v2','DSA 1u v2',(#2789));
#2782=PRODUCT('DSA 1u v2 <1>','DSA 1u v2 <1>','DSA 1u v2 <1>',(#2790));
#2783=PRODUCT('MX Mount v1','MX Mount v1','MX Mount v1',(#2791));
#2784=PRODUCT_CATEGORY('','');
#2785=PRODUCT_CATEGORY('','');
#2786=PRODUCT_CATEGORY('','');
#2787=PRODUCT_CATEGORY('','');
#2788=PRODUCT_CONTEXT('',#2793,'mechanical');
#2789=PRODUCT_CONTEXT('',#2793,'mechanical');
#2790=PRODUCT_CONTEXT('',#2793,'mechanical');
#2791=PRODUCT_CONTEXT('',#2793,'mechanical');
#2792=APPLICATION_PROTOCOL_DEFINITION('international standard',
'ap242_managed_model_based_3d_engineering',2020,#2793);
#2793=APPLICATION_CONTEXT('managed model based 3d engineering');
ENDSEC;
END-ISO-10303-21;
