ISO-10303-21;
HEADER;
/* Generated by software containing ST-Developer
 * from STEP Tools, Inc. (www.steptools.com) 
 */

FILE_DESCRIPTION(
/* description */ ('STEP AP214'),
/* implementation_level */ '2;1');

FILE_NAME(
/* name */ 'EC11E_Switch_20mm.step',
/* time_stamp */ '2026-02-01T15:38:52-05:00',
/* author */ (''),
/* organization */ (''),
/* preprocessor_version */ 'ST-DEVELOPER v20.1',
/* originating_system */ 'Autodesk Translation Framework v14.21.0.0',
/* authorisation */ '');

FILE_SCHEMA (('AUTOMOTIVE_DESIGN { 1 0 10303 214 3 1 1 }'));
ENDSEC;

DATA;
#10=MECHANICAL_DESIGN_GEOMETRIC_PRESENTATION_REPRESENTATION('',(#5694,#5695,
#5696,#5697,#5698,#5699,#5700,#5701,#5702,#5703,#5704,#5705,#5706,#5707,
#5708,#5709,#5710,#5711,#5712,#5713,#5714,#5715,#5716,#5717,#5718,#5719,
#5720,#5721,#5722,#5723,#5724,#5725,#5726,#5727,#5728,#5729,#5730,#5731,
#5732,#5733,#5734,#5735,#5736,#5737,#5738,#5739,#5740,#5741,#5742,#5743,
#5744,#5745,#5746,#5747,#5748,#5749,#5750,#5751,#5752,#5753,#5754,#5755,
#5756,#5757,#5758,#5759,#5760,#5761,#5762,#5763,#5764,#5765,#5766,#5767,
#5768,#5769,#5770,#5771,#5772,#5773,#5774,#5775,#5776,#5777,#5778,#5779,
#5780,#5781,#5782,#5783,#5784,#5785,#5786,#5787,#5788,#5789,#5790,#5791,
#5792,#5793,#5794,#5795,#5796,#5797,#5798,#5799,#5800,#5801,#5802,#5803,
#5804,#5805,#5806,#5807,#5808,#5809,#5810,#5811,#5812,#5813,#5814,#5815,
#5816,#5817,#5818,#5819,#5820,#5821,#5822,#5823,#5824,#5825,#5826,#5827,
#5828,#5829,#5830,#5831,#5832,#5833,#5834,#5835,#5836,#5837,#5838,#5839,
#5840,#5841,#5842,#5843,#5844,#5845,#5846,#5847,#5848,#5849,#5850,#5851,
#5852,#5853,#5854,#5855,#5856,#5857,#5858,#5859,#5860,#5861,#5862,#5863,
#5864,#5865,#5866,#5867,#5868,#5869,#5870,#5871,#5872,#5873,#5874,#5875,
#5876,#5877,#5878,#5879,#5880,#5881,#5882,#5883,#5884,#5885,#5886,#5887,
#5888,#5889,#5890,#5891,#5892,#5893,#5894,#5895,#5896,#5897,#5898,#5899,
#5900,#5901,#5902,#5903,#5904,#5905,#5906,#5907,#5908,#5909,#5910,#5911,
#5912,#5913,#5914,#5915,#5916,#5917,#5918,#5919,#5920,#5921,#5922,#5923,
#5924,#5925,#5926,#5927,#5928,#5929,#5930,#5931,#5932),#11344);
#11=SHAPE_REPRESENTATION_RELATIONSHIP('SRR','None',#11351,#12);
#12=ADVANCED_BREP_SHAPE_REPRESENTATION('',(#87,#88,#89,#90,#91,#92),#11343);
#13=FACE_BOUND('',#801,.T.);
#14=FACE_BOUND('',#808,.T.);
#15=FACE_BOUND('',#810,.T.);
#16=FACE_BOUND('',#844,.T.);
#17=FACE_BOUND('',#866,.T.);
#18=(
BOUNDED_SURFACE()
B_SPLINE_SURFACE(2,1,((#9475,#9476),(#9477,#9478),(#9479,#9480)),
 .UNSPECIFIED.,.F.,.F.,.F.)
B_SPLINE_SURFACE_WITH_KNOTS((3,3),(2,2),(0.,1.),(0.,0.132),
 .UNSPECIFIED.)
GEOMETRIC_REPRESENTATION_ITEM()
RATIONAL_B_SPLINE_SURFACE(((1.,1.),(0.849836585598797,0.849836585598797),
(1.,1.)))
REPRESENTATION_ITEM('')
SURFACE()
);
#19=(
BOUNDED_SURFACE()
B_SPLINE_SURFACE(2,1,((#9500,#9501),(#9502,#9503),(#9504,#9505)),
 .UNSPECIFIED.,.F.,.F.,.F.)
B_SPLINE_SURFACE_WITH_KNOTS((3,3),(2,2),(0.,1.),(0.,0.528),
 .UNSPECIFIED.)
GEOMETRIC_REPRESENTATION_ITEM()
RATIONAL_B_SPLINE_SURFACE(((1.,1.),(0.849836585598797,0.849836585598797),
(1.,1.)))
REPRESENTATION_ITEM('')
SURFACE()
);
#20=(
BOUNDED_SURFACE()
B_SPLINE_SURFACE(2,1,((#9516,#9517),(#9518,#9519),(#9520,#9521)),
 .UNSPECIFIED.,.F.,.F.,.F.)
B_SPLINE_SURFACE_WITH_KNOTS((3,3),(2,2),(0.,1.),(0.,0.528),
 .UNSPECIFIED.)
GEOMETRIC_REPRESENTATION_ITEM()
RATIONAL_B_SPLINE_SURFACE(((1.,1.),(0.849836585598797,0.849836585598797),
(1.,1.)))
REPRESENTATION_ITEM('')
SURFACE()
);
#21=(
BOUNDED_SURFACE()
B_SPLINE_SURFACE(2,1,((#9532,#9533),(#9534,#9535),(#9536,#9537)),
 .UNSPECIFIED.,.F.,.F.,.F.)
B_SPLINE_SURFACE_WITH_KNOTS((3,3),(2,2),(0.,1.),(0.,0.132),
 .UNSPECIFIED.)
GEOMETRIC_REPRESENTATION_ITEM()
RATIONAL_B_SPLINE_SURFACE(((1.,1.),(0.849836585598797,0.849836585598797),
(1.,1.)))
REPRESENTATION_ITEM('')
SURFACE()
);
#22=(
BOUNDED_SURFACE()
B_SPLINE_SURFACE(2,1,((#9564,#9565),(#9566,#9567),(#9568,#9569)),
 .UNSPECIFIED.,.F.,.F.,.F.)
B_SPLINE_SURFACE_WITH_KNOTS((3,3),(2,2),(0.,1.),(0.,0.132),
 .UNSPECIFIED.)
GEOMETRIC_REPRESENTATION_ITEM()
RATIONAL_B_SPLINE_SURFACE(((1.,1.),(0.849836585598797,0.849836585598797),
(1.,1.)))
REPRESENTATION_ITEM('')
SURFACE()
);
#23=(
BOUNDED_SURFACE()
B_SPLINE_SURFACE(2,1,((#9589,#9590),(#9591,#9592),(#9593,#9594)),
 .UNSPECIFIED.,.F.,.F.,.F.)
B_SPLINE_SURFACE_WITH_KNOTS((3,3),(2,2),(0.,1.),(0.,0.528),
 .UNSPECIFIED.)
GEOMETRIC_REPRESENTATION_ITEM()
RATIONAL_B_SPLINE_SURFACE(((1.,1.),(0.849836585598797,0.849836585598797),
(1.,1.)))
REPRESENTATION_ITEM('')
SURFACE()
);
#24=(
BOUNDED_SURFACE()
B_SPLINE_SURFACE(2,1,((#9605,#9606),(#9607,#9608),(#9609,#9610)),
 .UNSPECIFIED.,.F.,.F.,.F.)
B_SPLINE_SURFACE_WITH_KNOTS((3,3),(2,2),(0.,1.),(0.,0.528),
 .UNSPECIFIED.)
GEOMETRIC_REPRESENTATION_ITEM()
RATIONAL_B_SPLINE_SURFACE(((1.,1.),(0.849836585598797,0.849836585598797),
(1.,1.)))
REPRESENTATION_ITEM('')
SURFACE()
);
#25=(
BOUNDED_SURFACE()
B_SPLINE_SURFACE(2,1,((#9621,#9622),(#9623,#9624),(#9625,#9626)),
 .UNSPECIFIED.,.F.,.F.,.F.)
B_SPLINE_SURFACE_WITH_KNOTS((3,3),(2,2),(0.,1.),(0.,0.132),
 .UNSPECIFIED.)
GEOMETRIC_REPRESENTATION_ITEM()
RATIONAL_B_SPLINE_SURFACE(((1.,1.),(0.849836585598797,0.849836585598797),
(1.,1.)))
REPRESENTATION_ITEM('')
SURFACE()
);
#26=(
BOUNDED_SURFACE()
B_SPLINE_SURFACE(1,2,((#10507,#10508,#10509,#10510,#10511,#10512,#10513,
#10514,#10515,#10516,#10517,#10518,#10519,#10520,#10521,#10522,#10523,#10524,
#10525,#10526,#10527,#10528,#10529,#10530,#10531,#10532,#10533,#10534,#10535,
#10536,#10537,#10538,#10539,#10540,#10541,#10542,#10543,#10544,#10545,#10546,
#10547,#10548,#10549,#10550,#10551,#10552,#10553,#10554,#10555,#10556,#10557,
#10558,#10559,#10560,#10561,#10562,#10563,#10564,#10565,#10566,#10567,#10568,
#10569,#10570,#10571,#10572,#10573,#10574,#10575,#10576,#10577,#10578,#10579,
#10580,#10581,#10582,#10583,#10584,#10585,#10586,#10587,#10588,#10589,#10590,
#10591,#10592,#10593,#10594,#10595,#10596,#10597,#10598,#10599,#10600,#10601,
#10602,#10603,#10604,#10605,#10606,#10607,#10608,#10609,#10610,#10611,#10612,
#10613,#10614,#10615,#10616,#10617,#10618,#10619,#10620,#10621,#10622,#10623,
#10624,#10625,#10626,#10627,#10628,#10629,#10630,#10631,#10632,#10633,#10634,
#10635),(#10636,#10637,#10638,#10639,#10640,#10641,#10642,#10643,#10644,
#10645,#10646,#10647,#10648,#10649,#10650,#10651,#10652,#10653,#10654,#10655,
#10656,#10657,#10658,#10659,#10660,#10661,#10662,#10663,#10664,#10665,#10666,
#10667,#10668,#10669,#10670,#10671,#10672,#10673,#10674,#10675,#10676,#10677,
#10678,#10679,#10680,#10681,#10682,#10683,#10684,#10685,#10686,#10687,#10688,
#10689,#10690,#10691,#10692,#10693,#10694,#10695,#10696,#10697,#10698,#10699,
#10700,#10701,#10702,#10703,#10704,#10705,#10706,#10707,#10708,#10709,#10710,
#10711,#10712,#10713,#10714,#10715,#10716,#10717,#10718,#10719,#10720,#10721,
#10722,#10723,#10724,#10725,#10726,#10727,#10728,#10729,#10730,#10731,#10732,
#10733,#10734,#10735,#10736,#10737,#10738,#10739,#10740,#10741,#10742,#10743,
#10744,#10745,#10746,#10747,#10748,#10749,#10750,#10751,#10752,#10753,#10754,
#10755,#10756,#10757,#10758,#10759,#10760,#10761,#10762,#10763,#10764)),
 .UNSPECIFIED.,.F.,.F.,.F.)
B_SPLINE_SURFACE_WITH_KNOTS((2,2),(3,2,2,2,2,2,2,2,2,2,2,2,2,2,2,2,2,2,
2,2,2,2,2,2,2,2,2,2,2,2,2,2,2,2,2,2,2,2,2,2,2,2,2,2,2,2,2,2,2,2,2,2,2,2,
2,2,2,2,2,2,2,2,2,2,3),(0.,1.),(0.,0.015625,0.03125,0.046875,0.0625,0.078125,
0.09375,0.109375,0.125,0.140625,0.15625,0.171875,0.1875,0.203125,0.21875,
0.234375,0.25,0.265625,0.28125,0.296875,0.3125,0.328125,0.34375,0.359375,
0.375,0.390625,0.40625,0.421875,0.4375,0.453125,0.46875,0.484375,0.5,0.515625,
0.53125,0.546875,0.5625,0.578125,0.59375,0.609375,0.625,0.640625,0.65625,
0.671875,0.6875,0.703125,0.71875,0.734375,0.75,0.765625,0.78125,0.796875,
0.8125,0.828125,0.84375,0.859375,0.875,0.890625,0.90625,0.921875,0.9375,
0.953125,0.96875,0.984375,1.),.UNSPECIFIED.)
GEOMETRIC_REPRESENTATION_ITEM()
RATIONAL_B_SPLINE_SURFACE(((1.,0.923879532511287,1.,0.923879532511287,1.,
0.923879532511287,1.,0.923879532511287,1.,0.923879532511287,1.,0.923879532511287,
1.,0.923879532511287,1.,0.923879532511287,1.,0.923879532511287,1.,0.923879532511287,
1.,0.923879532511287,1.,0.923879532511287,1.,0.923879532511287,1.,0.923879532511287,
1.,0.923879532511287,1.,0.923879532511287,1.,0.923879532511287,1.,0.923879532511287,
1.,0.923879532511287,1.,0.923879532511287,1.,0.923879532511287,1.,0.923879532511287,
1.,0.923879532511287,1.,0.923879532511287,1.,0.923879532511287,1.,0.923879532511287,
1.,0.923879532511287,1.,0.923879532511287,1.,0.923879532511287,1.,0.923879532511287,
1.,0.923879532511287,1.,0.923879532511287,1.,0.923879532511287,1.,0.923879532511287,
1.,0.923879532511287,1.,0.923879532511287,1.,0.923879532511287,1.,0.923879532511287,
1.,0.923879532511287,1.,0.923879532511287,1.,0.923879532511287,1.,0.923879532511287,
1.,0.923879532511287,1.,0.923879532511287,1.,0.923879532511287,1.,0.923879532511287,
1.,0.923879532511287,1.,0.923879532511287,1.,0.923879532511287,1.,0.923879532511287,
1.,0.923879532511287,1.,0.923879532511287,1.,0.923879532511287,1.,0.923879532511287,
1.,0.923879532511287,1.,0.923879532511287,1.,0.923879532511287,1.,0.923879532511287,
1.,0.923879532511287,1.,0.923879532511287,1.,0.923879532511287,1.,0.923879532511287,
1.,0.923879532511287,1.,0.923879532511287,1.),(1.,0.923879532511287,1.,
0.923879532511287,1.,0.923879532511287,1.,0.923879532511287,1.,0.923879532511287,
1.,0.923879532511287,1.,0.923879532511287,1.,0.923879532511287,1.,0.923879532511287,
1.,0.923879532511287,1.,0.923879532511287,1.,0.923879532511287,1.,0.923879532511287,
1.,0.923879532511287,1.,0.923879532511287,1.,0.923879532511287,1.,0.923879532511287,
1.,0.923879532511287,1.,0.923879532511287,1.,0.923879532511287,1.,0.923879532511287,
1.,0.923879532511287,1.,0.923879532511287,1.,0.923879532511287,1.,0.923879532511287,
1.,0.923879532511287,1.,0.923879532511287,1.,0.923879532511287,1.,0.923879532511287,
1.,0.923879532511287,1.,0.923879532511287,1.,0.923879532511287,1.,0.923879532511287,
1.,0.923879532511287,1.,0.923879532511287,1.,0.923879532511287,1.,0.923879532511287,
1.,0.923879532511287,1.,0.923879532511287,1.,0.923879532511287,1.,0.923879532511287,
1.,0.923879532511287,1.,0.923879532511287,1.,0.923879532511287,1.,0.923879532511287,
1.,0.923879532511287,1.,0.923879532511287,1.,0.923879532511287,1.,0.923879532511287,
1.,0.923879532511287,1.,0.923879532511287,1.,0.923879532511287,1.,0.923879532511287,
1.,0.923879532511287,1.,0.923879532511287,1.,0.923879532511287,1.,0.923879532511287,
1.,0.923879532511287,1.,0.923879532511287,1.,0.923879532511287,1.,0.923879532511287,
1.,0.923879532511287,1.,0.923879532511287,1.,0.923879532511287,1.)))
REPRESENTATION_ITEM('')
SURFACE()
);
#27=(
BOUNDED_SURFACE()
B_SPLINE_SURFACE(1,2,((#10836,#10837,#10838,#10839,#10840,#10841,#10842,
#10843,#10844,#10845,#10846,#10847,#10848,#10849,#10850,#10851,#10852,#10853,
#10854,#10855,#10856,#10857,#10858,#10859,#10860,#10861,#10862,#10863,#10864,
#10865,#10866,#10867,#10868,#10869,#10870,#10871,#10872,#10873,#10874,#10875,
#10876,#10877,#10878,#10879,#10880,#10881,#10882,#10883,#10884,#10885,#10886,
#10887,#10888,#10889,#10890,#10891,#10892,#10893,#10894,#10895,#10896,#10897,
#10898,#10899,#10900,#10901,#10902,#10903,#10904,#10905,#10906,#10907,#10908,
#10909,#10910,#10911,#10912,#10913,#10914,#10915,#10916,#10917,#10918,#10919,
#10920,#10921,#10922,#10923,#10924,#10925,#10926,#10927,#10928,#10929,#10930,
#10931,#10932,#10933,#10934,#10935,#10936,#10937,#10938,#10939,#10940,#10941,
#10942,#10943,#10944,#10945,#10946,#10947,#10948,#10949,#10950,#10951,#10952,
#10953,#10954,#10955,#10956,#10957,#10958,#10959,#10960,#10961,#10962,#10963,
#10964),(#10965,#10966,#10967,#10968,#10969,#10970,#10971,#10972,#10973,
#10974,#10975,#10976,#10977,#10978,#10979,#10980,#10981,#10982,#10983,#10984,
#10985,#10986,#10987,#10988,#10989,#10990,#10991,#10992,#10993,#10994,#10995,
#10996,#10997,#10998,#10999,#11000,#11001,#11002,#11003,#11004,#11005,#11006,
#11007,#11008,#11009,#11010,#11011,#11012,#11013,#11014,#11015,#11016,#11017,
#11018,#11019,#11020,#11021,#11022,#11023,#11024,#11025,#11026,#11027,#11028,
#11029,#11030,#11031,#11032,#11033,#11034,#11035,#11036,#11037,#11038,#11039,
#11040,#11041,#11042,#11043,#11044,#11045,#11046,#11047,#11048,#11049,#11050,
#11051,#11052,#11053,#11054,#11055,#11056,#11057,#11058,#11059,#11060,#11061,
#11062,#11063,#11064,#11065,#11066,#11067,#11068,#11069,#11070,#11071,#11072,
#11073,#11074,#11075,#11076,#11077,#11078,#11079,#11080,#11081,#11082,#11083,
#11084,#11085,#11086,#11087,#11088,#11089,#11090,#11091,#11092,#11093)),
 .UNSPECIFIED.,.F.,.F.,.F.)
B_SPLINE_SURFACE_WITH_KNOTS((2,2),(3,2,2,2,2,2,2,2,2,2,2,2,2,2,2,2,2,2,
2,2,2,2,2,2,2,2,2,2,2,2,2,2,2,2,2,2,2,2,2,2,2,2,2,2,2,2,2,2,2,2,2,2,2,2,
2,2,2,2,2,2,2,2,2,2,3),(0.,1.),(0.,0.015625,0.03125,0.046875,0.0625,0.078125,
0.09375,0.109375,0.125,0.140625,0.15625,0.171875,0.1875,0.203125,0.21875,
0.234375,0.25,0.265625,0.28125,0.296875,0.3125,0.328125,0.34375,0.359375,
0.375,0.390625,0.40625,0.421875,0.4375,0.453125,0.46875,0.484375,0.5,0.515625,
0.53125,0.546875,0.5625,0.578125,0.59375,0.609375,0.625,0.640625,0.65625,
0.671875,0.6875,0.703125,0.71875,0.734375,0.75,0.765625,0.78125,0.796875,
0.8125,0.828125,0.84375,0.859375,0.875,0.890625,0.90625,0.921875,0.9375,
0.953125,0.96875,0.984375,1.),.UNSPECIFIED.)
GEOMETRIC_REPRESENTATION_ITEM()
RATIONAL_B_SPLINE_SURFACE(((1.,0.923879532511287,1.,0.923879532511287,1.,
0.923879532511287,1.,0.923879532511287,1.,0.923879532511287,1.,0.923879532511287,
1.,0.923879532511287,1.,0.923879532511287,1.,0.923879532511287,1.,0.923879532511287,
1.,0.923879532511287,1.,0.923879532511287,1.,0.923879532511287,1.,0.923879532511287,
1.,0.923879532511287,1.,0.923879532511287,1.,0.923879532511287,1.,0.923879532511287,
1.,0.923879532511287,1.,0.923879532511287,1.,0.923879532511287,1.,0.923879532511287,
1.,0.923879532511287,1.,0.923879532511287,1.,0.923879532511287,1.,0.923879532511287,
1.,0.923879532511287,1.,0.923879532511287,1.,0.923879532511287,1.,0.923879532511287,
1.,0.923879532511287,1.,0.923879532511287,1.,0.923879532511287,1.,0.923879532511287,
1.,0.923879532511287,1.,0.923879532511287,1.,0.923879532511287,1.,0.923879532511287,
1.,0.923879532511287,1.,0.923879532511287,1.,0.923879532511287,1.,0.923879532511287,
1.,0.923879532511287,1.,0.923879532511287,1.,0.923879532511287,1.,0.923879532511287,
1.,0.923879532511287,1.,0.923879532511287,1.,0.923879532511287,1.,0.923879532511287,
1.,0.923879532511287,1.,0.923879532511287,1.,0.923879532511287,1.,0.923879532511287,
1.,0.923879532511287,1.,0.923879532511287,1.,0.923879532511287,1.,0.923879532511287,
1.,0.923879532511287,1.,0.923879532511287,1.,0.923879532511287,1.,0.923879532511287,
1.,0.923879532511287,1.,0.923879532511287,1.),(1.,0.923879532511287,1.,
0.923879532511287,1.,0.923879532511287,1.,0.923879532511287,1.,0.923879532511287,
1.,0.923879532511287,1.,0.923879532511287,1.,0.923879532511287,1.,0.923879532511287,
1.,0.923879532511287,1.,0.923879532511287,1.,0.923879532511287,1.,0.923879532511287,
1.,0.923879532511287,1.,0.923879532511287,1.,0.923879532511287,1.,0.923879532511287,
1.,0.923879532511287,1.,0.923879532511287,1.,0.923879532511287,1.,0.923879532511287,
1.,0.923879532511287,1.,0.923879532511287,1.,0.923879532511287,1.,0.923879532511287,
1.,0.923879532511287,1.,0.923879532511287,1.,0.923879532511287,1.,0.923879532511287,
1.,0.923879532511287,1.,0.923879532511287,1.,0.923879532511287,1.,0.923879532511287,
1.,0.923879532511287,1.,0.923879532511287,1.,0.923879532511287,1.,0.923879532511287,
1.,0.923879532511287,1.,0.923879532511287,1.,0.923879532511287,1.,0.923879532511287,
1.,0.923879532511287,1.,0.923879532511287,1.,0.923879532511287,1.,0.923879532511287,
1.,0.923879532511287,1.,0.923879532511287,1.,0.923879532511287,1.,0.923879532511287,
1.,0.923879532511287,1.,0.923879532511287,1.,0.923879532511287,1.,0.923879532511287,
1.,0.923879532511287,1.,0.923879532511287,1.,0.923879532511287,1.,0.923879532511287,
1.,0.923879532511287,1.,0.923879532511287,1.,0.923879532511287,1.,0.923879532511287,
1.,0.923879532511287,1.,0.923879532511287,1.,0.923879532511287,1.)))
REPRESENTATION_ITEM('')
SURFACE()
);
#28=ELLIPSE('',#6380,0.282842712474619,0.2);
#29=ELLIPSE('',#6381,0.282842712474619,0.2);
#30=ELLIPSE('',#6383,0.282842712474619,0.2);
#31=ELLIPSE('',#6385,0.282842712474619,0.2);
#32=ELLIPSE('',#6389,0.282842712474619,0.2);
#33=ELLIPSE('',#6390,0.282842712474619,0.2);
#34=ELLIPSE('',#6392,0.282842712474619,0.2);
#35=ELLIPSE('',#6394,0.282842712474619,0.2);
#36=CONICAL_SURFACE('',#6372,2.7,0.78539816339745);
#37=(
BOUNDED_CURVE()
B_SPLINE_CURVE(2,(#9143,#9144,#9145,#9146,#9147,#9148,#9149,#9150,#9151),
 .UNSPECIFIED.,.F.,.F.)
B_SPLINE_CURVE_WITH_KNOTS((3,2,2,2,3),(0.9375,0.953125,0.96875,0.984375,
1.),.UNSPECIFIED.)
CURVE()
GEOMETRIC_REPRESENTATION_ITEM()
RATIONAL_B_SPLINE_CURVE((1.,0.923879532511287,1.,0.923879532511287,1.,0.923879532511287,
1.,0.923879532511287,1.))
REPRESENTATION_ITEM('')
);
#38=(
BOUNDED_CURVE()
B_SPLINE_CURVE(2,(#9154,#9155,#9156,#9157,#9158,#9159,#9160,#9161,#9162),
 .UNSPECIFIED.,.F.,.F.)
B_SPLINE_CURVE_WITH_KNOTS((3,2,2,2,3),(0.9375,0.953125,0.96875,0.984375,
1.),.UNSPECIFIED.)
CURVE()
GEOMETRIC_REPRESENTATION_ITEM()
RATIONAL_B_SPLINE_CURVE((1.,0.923879532511287,1.,0.923879532511287,1.,0.923879532511287,
1.,0.923879532511287,1.))
REPRESENTATION_ITEM('')
);
#39=(
BOUNDED_CURVE()
B_SPLINE_CURVE(2,(#9167,#9168,#9169,#9170,#9171,#9172,#9173,#9174,#9175,
#9176,#9177,#9178,#9179,#9180,#9181,#9182,#9183),.UNSPECIFIED.,.F.,.F.)
B_SPLINE_CURVE_WITH_KNOTS((3,2,2,2,2,2,2,2,3),(0.8125,0.828125,0.84375,
0.859375,0.875,0.890625,0.90625,0.921875,0.9375),.UNSPECIFIED.)
CURVE()
GEOMETRIC_REPRESENTATION_ITEM()
RATIONAL_B_SPLINE_CURVE((1.,0.923879532511287,1.,0.923879532511287,1.,0.923879532511287,
1.,0.923879532511287,1.,0.923879532511287,1.,0.923879532511287,1.,0.923879532511287,
1.,0.923879532511287,1.))
REPRESENTATION_ITEM('')
);
#40=(
BOUNDED_CURVE()
B_SPLINE_CURVE(2,(#9184,#9185,#9186,#9187,#9188,#9189,#9190,#9191,#9192,
#9193,#9194,#9195,#9196,#9197,#9198,#9199,#9200),.UNSPECIFIED.,.F.,.F.)
B_SPLINE_CURVE_WITH_KNOTS((3,2,2,2,2,2,2,2,3),(0.8125,0.828125,0.84375,
0.859375,0.875,0.890625,0.90625,0.921875,0.9375),.UNSPECIFIED.)
CURVE()
GEOMETRIC_REPRESENTATION_ITEM()
RATIONAL_B_SPLINE_CURVE((1.,0.923879532511287,1.,0.923879532511287,1.,0.923879532511287,
1.,0.923879532511287,1.,0.923879532511287,1.,0.923879532511287,1.,0.923879532511287,
1.,0.923879532511287,1.))
REPRESENTATION_ITEM('')
);
#41=(
BOUNDED_CURVE()
B_SPLINE_CURVE(2,(#9205,#9206,#9207,#9208,#9209,#9210,#9211,#9212,#9213,
#9214,#9215,#9216,#9217,#9218,#9219,#9220,#9221),.UNSPECIFIED.,.F.,.F.)
B_SPLINE_CURVE_WITH_KNOTS((3,2,2,2,2,2,2,2,3),(0.6875,0.703125,0.71875,
0.734375,0.75,0.765625,0.78125,0.796875,0.8125),.UNSPECIFIED.)
CURVE()
GEOMETRIC_REPRESENTATION_ITEM()
RATIONAL_B_SPLINE_CURVE((1.,0.923879532511287,1.,0.923879532511287,1.,0.923879532511287,
1.,0.923879532511287,1.,0.923879532511287,1.,0.923879532511287,1.,0.923879532511287,
1.,0.923879532511287,1.))
REPRESENTATION_ITEM('')
);
#42=(
BOUNDED_CURVE()
B_SPLINE_CURVE(2,(#9222,#9223,#9224,#9225,#9226,#9227,#9228,#9229,#9230,
#9231,#9232,#9233,#9234,#9235,#9236,#9237,#9238),.UNSPECIFIED.,.F.,.F.)
B_SPLINE_CURVE_WITH_KNOTS((3,2,2,2,2,2,2,2,3),(0.6875,0.703125,0.71875,
0.734375,0.75,0.765625,0.78125,0.796875,0.8125),.UNSPECIFIED.)
CURVE()
GEOMETRIC_REPRESENTATION_ITEM()
RATIONAL_B_SPLINE_CURVE((1.,0.923879532511287,1.,0.923879532511287,1.,0.923879532511287,
1.,0.923879532511287,1.,0.923879532511287,1.,0.923879532511287,1.,0.923879532511287,
1.,0.923879532511287,1.))
REPRESENTATION_ITEM('')
);
#43=(
BOUNDED_CURVE()
B_SPLINE_CURVE(2,(#9243,#9244,#9245,#9246,#9247,#9248,#9249,#9250,#9251,
#9252,#9253,#9254,#9255,#9256,#9257,#9258,#9259),.UNSPECIFIED.,.F.,.F.)
B_SPLINE_CURVE_WITH_KNOTS((3,2,2,2,2,2,2,2,3),(0.5625,0.578125,0.59375,
0.609375,0.625,0.640625,0.65625,0.671875,0.6875),.UNSPECIFIED.)
CURVE()
GEOMETRIC_REPRESENTATION_ITEM()
RATIONAL_B_SPLINE_CURVE((1.,0.923879532511287,1.,0.923879532511287,1.,0.923879532511287,
1.,0.923879532511287,1.,0.923879532511287,1.,0.923879532511287,1.,0.923879532511287,
1.,0.923879532511287,1.))
REPRESENTATION_ITEM('')
);
#44=(
BOUNDED_CURVE()
B_SPLINE_CURVE(2,(#9260,#9261,#9262,#9263,#9264,#9265,#9266,#9267,#9268,
#9269,#9270,#9271,#9272,#9273,#9274,#9275,#9276),.UNSPECIFIED.,.F.,.F.)
B_SPLINE_CURVE_WITH_KNOTS((3,2,2,2,2,2,2,2,3),(0.5625,0.578125,0.59375,
0.609375,0.625,0.640625,0.65625,0.671875,0.6875),.UNSPECIFIED.)
CURVE()
GEOMETRIC_REPRESENTATION_ITEM()
RATIONAL_B_SPLINE_CURVE((1.,0.923879532511287,1.,0.923879532511287,1.,0.923879532511287,
1.,0.923879532511287,1.,0.923879532511287,1.,0.923879532511287,1.,0.923879532511287,
1.,0.923879532511287,1.))
REPRESENTATION_ITEM('')
);
#45=(
BOUNDED_CURVE()
B_SPLINE_CURVE(2,(#9281,#9282,#9283,#9284,#9285,#9286,#9287,#9288,#9289,
#9290,#9291,#9292,#9293,#9294,#9295,#9296,#9297),.UNSPECIFIED.,.F.,.F.)
B_SPLINE_CURVE_WITH_KNOTS((3,2,2,2,2,2,2,2,3),(0.4375,0.453125,0.46875,
0.484375,0.5,0.515625,0.53125,0.546875,0.5625),.UNSPECIFIED.)
CURVE()
GEOMETRIC_REPRESENTATION_ITEM()
RATIONAL_B_SPLINE_CURVE((1.,0.923879532511287,1.,0.923879532511287,1.,0.923879532511287,
1.,0.923879532511287,1.,0.923879532511287,1.,0.923879532511287,1.,0.923879532511287,
1.,0.923879532511287,1.))
REPRESENTATION_ITEM('')
);
#46=(
BOUNDED_CURVE()
B_SPLINE_CURVE(2,(#9298,#9299,#9300,#9301,#9302,#9303,#9304,#9305,#9306,
#9307,#9308,#9309,#9310,#9311,#9312,#9313,#9314),.UNSPECIFIED.,.F.,.F.)
B_SPLINE_CURVE_WITH_KNOTS((3,2,2,2,2,2,2,2,3),(0.4375,0.453125,0.46875,
0.484375,0.5,0.515625,0.53125,0.546875,0.5625),.UNSPECIFIED.)
CURVE()
GEOMETRIC_REPRESENTATION_ITEM()
RATIONAL_B_SPLINE_CURVE((1.,0.923879532511287,1.,0.923879532511287,1.,0.923879532511287,
1.,0.923879532511287,1.,0.923879532511287,1.,0.923879532511287,1.,0.923879532511287,
1.,0.923879532511287,1.))
REPRESENTATION_ITEM('')
);
#47=(
BOUNDED_CURVE()
B_SPLINE_CURVE(2,(#9319,#9320,#9321,#9322,#9323,#9324,#9325,#9326,#9327,
#9328,#9329,#9330,#9331,#9332,#9333,#9334,#9335),.UNSPECIFIED.,.F.,.F.)
B_SPLINE_CURVE_WITH_KNOTS((3,2,2,2,2,2,2,2,3),(0.3125,0.328125,0.34375,
0.359375,0.375,0.390625,0.40625,0.421875,0.4375),.UNSPECIFIED.)
CURVE()
GEOMETRIC_REPRESENTATION_ITEM()
RATIONAL_B_SPLINE_CURVE((1.,0.923879532511287,1.,0.923879532511287,1.,0.923879532511287,
1.,0.923879532511287,1.,0.923879532511287,1.,0.923879532511287,1.,0.923879532511287,
1.,0.923879532511287,1.))
REPRESENTATION_ITEM('')
);
#48=(
BOUNDED_CURVE()
B_SPLINE_CURVE(2,(#9336,#9337,#9338,#9339,#9340,#9341,#9342,#9343,#9344,
#9345,#9346,#9347,#9348,#9349,#9350,#9351,#9352),.UNSPECIFIED.,.F.,.F.)
B_SPLINE_CURVE_WITH_KNOTS((3,2,2,2,2,2,2,2,3),(0.3125,0.328125,0.34375,
0.359375,0.375,0.390625,0.40625,0.421875,0.4375),.UNSPECIFIED.)
CURVE()
GEOMETRIC_REPRESENTATION_ITEM()
RATIONAL_B_SPLINE_CURVE((1.,0.923879532511287,1.,0.923879532511287,1.,0.923879532511287,
1.,0.923879532511287,1.,0.923879532511287,1.,0.923879532511287,1.,0.923879532511287,
1.,0.923879532511287,1.))
REPRESENTATION_ITEM('')
);
#49=(
BOUNDED_CURVE()
B_SPLINE_CURVE(2,(#9357,#9358,#9359,#9360,#9361,#9362,#9363,#9364,#9365,
#9366,#9367,#9368,#9369,#9370,#9371,#9372,#9373),.UNSPECIFIED.,.F.,.F.)
B_SPLINE_CURVE_WITH_KNOTS((3,2,2,2,2,2,2,2,3),(0.1875,0.203125,0.21875,
0.234375,0.25,0.265625,0.28125,0.296875,0.3125),.UNSPECIFIED.)
CURVE()
GEOMETRIC_REPRESENTATION_ITEM()
RATIONAL_B_SPLINE_CURVE((1.,0.923879532511287,1.,0.923879532511287,1.,0.923879532511287,
1.,0.923879532511287,1.,0.923879532511287,1.,0.923879532511287,1.,0.923879532511287,
1.,0.923879532511287,1.))
REPRESENTATION_ITEM('')
);
#50=(
BOUNDED_CURVE()
B_SPLINE_CURVE(2,(#9374,#9375,#9376,#9377,#9378,#9379,#9380,#9381,#9382,
#9383,#9384,#9385,#9386,#9387,#9388,#9389,#9390),.UNSPECIFIED.,.F.,.F.)
B_SPLINE_CURVE_WITH_KNOTS((3,2,2,2,2,2,2,2,3),(0.1875,0.203125,0.21875,
0.234375,0.25,0.265625,0.28125,0.296875,0.3125),.UNSPECIFIED.)
CURVE()
GEOMETRIC_REPRESENTATION_ITEM()
RATIONAL_B_SPLINE_CURVE((1.,0.923879532511287,1.,0.923879532511287,1.,0.923879532511287,
1.,0.923879532511287,1.,0.923879532511287,1.,0.923879532511287,1.,0.923879532511287,
1.,0.923879532511287,1.))
REPRESENTATION_ITEM('')
);
#51=(
BOUNDED_CURVE()
B_SPLINE_CURVE(2,(#9397,#9398,#9399,#9400,#9401,#9402,#9403,#9404,#9405,
#9406,#9407,#9408,#9409,#9410,#9411),.UNSPECIFIED.,.F.,.F.)
B_SPLINE_CURVE_WITH_KNOTS((3,2,2,2,2,2,2,3),(0.0859375001642019,0.09375,
0.109375,0.125,0.140625,0.15625,0.171875,0.1875),.UNSPECIFIED.)
CURVE()
GEOMETRIC_REPRESENTATION_ITEM()
RATIONAL_B_SPLINE_CURVE((0.961939766255643,0.961939767055587,1.,0.923879532511287,
1.,0.923879532511287,1.,0.923879532511287,1.,0.923879532511287,1.,0.923879532511287,
1.,0.923879532511287,1.))
REPRESENTATION_ITEM('')
);
#52=(
BOUNDED_CURVE()
B_SPLINE_CURVE(2,(#9412,#9413,#9414,#9415,#9416,#9417,#9418,#9419,#9420,
#9421,#9422,#9423,#9424,#9425,#9426,#9427,#9428),.UNSPECIFIED.,.F.,.F.)
B_SPLINE_CURVE_WITH_KNOTS((3,2,2,2,2,2,2,2,3),(0.0625,0.078125,0.09375,
0.109375,0.125,0.140625,0.15625,0.171875,0.1875),.UNSPECIFIED.)
CURVE()
GEOMETRIC_REPRESENTATION_ITEM()
RATIONAL_B_SPLINE_CURVE((1.,0.923879532511287,1.,0.923879532511287,1.,0.923879532511287,
1.,0.923879532511287,1.,0.923879532511287,1.,0.923879532511287,1.,0.923879532511287,
1.,0.923879532511287,1.))
REPRESENTATION_ITEM('')
);
#53=(
BOUNDED_CURVE()
B_SPLINE_CURVE(2,(#9434,#9435,#9436),.UNSPECIFIED.,.F.,.F.)
B_SPLINE_CURVE_WITH_KNOTS((3,3),(-0.473096160683741,-0.393573472417457),
 .UNSPECIFIED.)
CURVE()
GEOMETRIC_REPRESENTATION_ITEM()
RATIONAL_B_SPLINE_CURVE((1.28129721210361,1.27185854709809,1.2576451385342))
REPRESENTATION_ITEM('')
);
#54=(
BOUNDED_CURVE()
B_SPLINE_CURVE(2,(#9441,#9442,#9443),.UNSPECIFIED.,.F.,.F.)
B_SPLINE_CURVE_WITH_KNOTS((3,3),(0.393573472417457,0.473096160683741),
 .UNSPECIFIED.)
CURVE()
GEOMETRIC_REPRESENTATION_ITEM()
RATIONAL_B_SPLINE_CURVE((1.2576451385342,1.27185854709809,1.28129721210361))
REPRESENTATION_ITEM('')
);
#55=(
BOUNDED_CURVE()
B_SPLINE_CURVE(2,(#10766,#10767,#10768),.UNSPECIFIED.,.F.,.F.)
B_SPLINE_CURVE_WITH_KNOTS((3,3),(0.0546875001642025,0.0625),
 .UNSPECIFIED.)
CURVE()
GEOMETRIC_REPRESENTATION_ITEM()
RATIONAL_B_SPLINE_CURVE((0.961939766255643,0.96193976705559,1.))
REPRESENTATION_ITEM('')
);
#56=B_SPLINE_CURVE_WITH_KNOTS('',3,(#8628,#8629,#8630,#8631,#8632,#8633,
#8634,#8635,#8636,#8637,#8638,#8639,#8640,#8641,#8642,#8643,#8644,#8645,
#8646,#8647,#8648,#8649,#8650,#8651,#8652,#8653,#8654,#8655),
 .UNSPECIFIED.,.F.,.F.,(4,2,2,2,2,2,2,2,2,2,2,2,2,4),(-1.6074418451737,
-1.57493825554472,-1.43980575160785,-1.3092085324159,-1.17397577152747,
-1.04335510341925,-0.908023428666531,-0.77737322346209,-0.641943963990342,
-0.511258659791416,-0.375733119124763,-0.245007666249411,-0.122138245502255,
-9.99999999917733E-7),.UNSPECIFIED.);
#57=B_SPLINE_CURVE_WITH_KNOTS('',3,(#8658,#8659,#8660,#8661,#8662,#8663,
#8664,#8665,#8666,#8667,#8668,#8669,#8670,#8671,#8672,#8673,#8674,#8675,
#8676,#8677,#8678,#8679,#8680,#8681),.UNSPECIFIED.,.F.,.F.,(4,2,2,2,2,2,
2,2,2,2,2,4),(-14.904127199694,-14.7864761238278,-14.6679301888111,-14.5383524043639,
-14.404245409175,-14.2746868566866,-14.140680161169,-14.0111339407042,-13.877228869118,
-13.7476875566867,-13.6138854053886,-13.5757726430559),.UNSPECIFIED.);
#58=B_SPLINE_CURVE_WITH_KNOTS('',3,(#8686,#8687,#8688,#8689,#8690,#8691,
#8692,#8693,#8694,#8695,#8696,#8697,#8698,#8699,#8700,#8701,#8702,#8703,
#8704,#8705,#8706,#8707,#8708,#8709,#8710,#8711,#8712,#8713,#8714,#8715,
#8716,#8717,#8718,#8719,#8720,#8721),.UNSPECIFIED.,.F.,.F.,(4,2,2,2,2,2,
2,2,2,2,2,2,2,2,2,2,2,4),(-3.74921081097503,-3.69707353021397,-3.56278726260178,
-3.43209689592863,-3.29770131856259,-3.16705414157652,-3.0325500025034,
-2.90193622861675,-2.76732443942649,-2.63673459923808,-2.5020162060442,
-2.37144121054697,-2.23661736627476,-2.10604855919569,-1.97112049764191,
-1.84054969661976,-1.70551870863012,-1.6074418451737),.UNSPECIFIED.);
#59=B_SPLINE_CURVE_WITH_KNOTS('',3,(#8722,#8723,#8724,#8725,#8726,#8727,
#8728,#8729,#8730,#8731,#8732,#8733,#8734,#8735,#8736,#8737,#8738,#8739,
#8740,#8741,#8742,#8743,#8744,#8745,#8746,#8747,#8748,#8749,#8750,#8751,
#8752,#8753,#8754,#8755,#8756,#8757),.UNSPECIFIED.,.F.,.F.,(4,2,2,2,2,2,
2,2,2,2,2,2,2,2,2,2,2,4),(-13.5757726430559,-13.4843410002146,-13.3506429174733,
-13.2210870441085,-13.087494306793,-12.9579181324182,-12.8244318214754,
-12.6948260865688,-12.5614471600171,-12.4318022655116,-12.2985315300776,
-12.1688376064607,-12.0356756882616,-11.9059226740966,-11.7728699890066,
-11.6430477174879,-11.5101044419142,-11.4511708974542),.UNSPECIFIED.);
#60=B_SPLINE_CURVE_WITH_KNOTS('',3,(#8762,#8763,#8764,#8765,#8766,#8767,
#8768,#8769,#8770,#8771,#8772,#8773,#8774,#8775,#8776,#8777,#8778,#8779,
#8780,#8781,#8782,#8783,#8784,#8785,#8786,#8787,#8788,#8789,#8790,#8791,
#8792,#8793,#8794,#8795,#8796,#8797),.UNSPECIFIED.,.F.,.F.,(4,2,2,2,2,2,
2,2,2,2,2,2,2,2,2,2,2,4),(-5.89038682669803,-5.81570854032984,-5.68229454039673,
-5.55089522810782,-5.41737521728721,-5.28609884369484,-5.1524712859354,
-5.02130868365581,-4.88757239768882,-4.75651377636486,-4.62266792036969,
-4.49170333119888,-4.35774739988244,-4.22686672575703,-4.09280051881456,
-3.96199352009067,-3.82781711698531,-3.74921081097503),.UNSPECIFIED.);
#61=B_SPLINE_CURVE_WITH_KNOTS('',3,(#8798,#8799,#8800,#8801,#8802,#8803,
#8804,#8805,#8806,#8807,#8808,#8809,#8810,#8811,#8812,#8813,#8814,#8815,
#8816,#8817,#8818,#8819,#8820,#8821,#8822,#8823,#8824,#8825,#8826,#8827,
#8828,#8829,#8830,#8831,#8832,#8833),.UNSPECIFIED.,.F.,.F.,(4,2,2,2,2,2,
2,2,2,2,2,2,2,2,2,2,2,4),(-11.4511708974542,-11.3802027336855,-11.247368776545,
-11.117377536683,-10.9846525134035,-10.8545618302199,-10.7219450351583,
-10.5917450587196,-10.4592354457106,-10.328916870935,-10.1965130513284,
-10.0660670795045,-9.93376730297057,-9.80318567662914,-9.67098782613693,
-9.54026290105475,-9.40816449340869,-9.32682223629637),.UNSPECIFIED.);
#62=B_SPLINE_CURVE_WITH_KNOTS('',3,(#8838,#8839,#8840,#8841,#8842,#8843,
#8844,#8845,#8846,#8847,#8848,#8849,#8850,#8851,#8852,#8853,#8854,#8855,
#8856,#8857,#8858,#8859,#8860,#8861,#8862,#8863,#8864,#8865,#8866,#8867,
#8868,#8869,#8870,#8871,#8872,#8873),.UNSPECIFIED.,.F.,.F.,(4,2,2,2,2,2,
2,2,2,2,2,2,2,2,2,2,2,4),(-8.0319343882888,-7.93603415684517,-7.80336967005759,
-7.67072992817385,-7.53798448865216,-7.40551803396955,-7.27268739131715,
-7.14039056415989,-7.00747074379043,-6.87533909219503,-6.74232642262113,
-6.61035470551507,-6.47724584173162,-6.34542804536444,-6.21221998768148,
-6.08054935566402,-5.94723946346697,-5.89038682669803),.UNSPECIFIED.);
#63=B_SPLINE_CURVE_WITH_KNOTS('',3,(#8874,#8875,#8876,#8877,#8878,#8879,
#8880,#8881,#8882,#8883,#8884,#8885,#8886,#8887,#8888,#8889,#8890,#8891,
#8892,#8893,#8894,#8895,#8896,#8897,#8898,#8899,#8900,#8901,#8902,#8903,
#8904,#8905,#8906,#8907,#8908,#8909),.UNSPECIFIED.,.F.,.F.,(4,2,2,2,2,2,
2,2,2,2,2,2,2,2,2,2,2,4),(-9.32682223629637,-9.27728929928357,-9.14528749128063,
-9.01425577988149,-8.88234737996302,-8.75115366002095,-8.61933514511478,
-8.48797470369237,-8.35624224078064,-8.22471115131119,-8.0930606231262,
-7.96135574072723,-7.82978277487654,-7.70024383734356,-7.56621717666241,
-7.43666375797009,-7.30253721023891,-7.20176001698133),.UNSPECIFIED.);
#64=B_SPLINE_CURVE_WITH_KNOTS('',3,(#8914,#8915,#8916,#8917,#8918,#8919,
#8920,#8921,#8922,#8923,#8924,#8925,#8926,#8927,#8928,#8929,#8930,#8931,
#8932,#8933,#8934,#8935,#8936,#8937,#8938,#8939,#8940,#8941,#8942,#8943,
#8944,#8945,#8946,#8947,#8948,#8949),.UNSPECIFIED.,.F.,.F.,(4,2,2,2,2,2,
2,2,2,2,2,2,2,2,2,2,2,4),(-10.1751643821068,-10.0632554056819,-9.92752357473331,
-9.79675768327764,-9.66111901559537,-9.53039994941643,-9.39485564670902,
-9.26417909047076,-9.13184820145489,-8.99831360554677,-8.86592602012498,
-8.7325718219896,-8.60012240333932,-8.46694855768957,-8.33443227662777,
-8.20143809243965,-8.06885006263994,-8.0319343882888),.UNSPECIFIED.);
#65=B_SPLINE_CURVE_WITH_KNOTS('',3,(#8950,#8951,#8952,#8953,#8954,#8955,
#8956,#8957,#8958,#8959,#8960,#8961,#8962,#8963,#8964,#8965,#8966,#8967,
#8968,#8969,#8970,#8971,#8972,#8973,#8974,#8975,#8976,#8977,#8978,#8979,
#8980,#8981,#8982,#8983,#8984,#8985),.UNSPECIFIED.,.F.,.F.,(4,2,2,2,2,2,
2,2,2,2,2,2,2,2,2,2,2,4),(-7.20176001698133,-7.17296257165983,-7.03873747089465,
-6.9091354038029,-6.77481307437884,-6.64517789535755,-6.51075963969183,
-6.38108617858566,-6.2465732670514,-6.11685684915056,-5.98225051204328,
-5.85248693557995,-5.7177883569362,-5.58797386702583,-5.45318418008244,
-5.32331544016129,-5.18843572424267,-5.07426437374188),.UNSPECIFIED.);
#66=B_SPLINE_CURVE_WITH_KNOTS('',3,(#8990,#8991,#8992,#8993,#8994,#8995,
#8996,#8997,#8998,#8999,#9000,#9001,#9002,#9003,#9004,#9005,#9006,#9007,
#9008,#9009,#9010,#9011,#9012,#9013,#9014,#9015,#9016,#9017,#9018,#9019,
#9020,#9021,#9022,#9023,#9024,#9025),.UNSPECIFIED.,.F.,.F.,(4,2,2,2,2,2,
2,2,2,2,2,2,2,2,2,2,2,4),(-12.3223562052364,-12.2005315796137,-12.0640912141261,
-11.9328437470866,-11.7964888968615,-11.6653089000936,-11.5290403262938,
-11.3979262861276,-11.2617448038042,-11.1306949609823,-10.9946014406557,
-10.863613761934,-10.7276091307325,-10.5966812791538,-10.4607665213806,
-10.3298958255932,-10.1940719825752,-10.1751643821068),.UNSPECIFIED.);
#67=B_SPLINE_CURVE_WITH_KNOTS('',3,(#9026,#9027,#9028,#9029,#9030,#9031,
#9032,#9033,#9034,#9035,#9036,#9037,#9038,#9039,#9040,#9041,#9042,#9043,
#9044,#9045,#9046,#9047,#9048,#9049,#9050,#9051,#9052,#9053,#9054,#9055,
#9056,#9057,#9058,#9059,#9060,#9061),.UNSPECIFIED.,.F.,.F.,(4,2,2,2,2,2,
2,2,2,2,2,2,2,2,2,2,2,4),(-5.07426437374188,-5.05850978594898,-4.92354106457627,
-4.79355533690397,-4.65849857693141,-4.52845079536112,-4.39330690696056,
-4.26319510314825,-4.12796494048023,-3.99778741296518,-3.86247177539337,
-3.73222706167701,-3.59682669540136,-3.4665135456499,-3.33102914565148,
-3.20064649818904,-3.06507871039608,-2.9422358697054),.UNSPECIFIED.);
#68=B_SPLINE_CURVE_WITH_KNOTS('',3,(#9066,#9067,#9068,#9069,#9070,#9071,
#9072,#9073,#9074,#9075,#9076,#9077,#9078,#9079,#9080,#9081,#9082,#9083,
#9084,#9085,#9086,#9087,#9088,#9089,#9090,#9091,#9092,#9093,#9094,#9095,
#9096,#9097,#9098,#9099,#9100,#9101),.UNSPECIFIED.,.F.,.F.,(4,2,2,2,2,2,
2,2,2,2,2,2,2,2,2,2,2,4),(-14.4755238978009,-14.3475866049686,-14.2104837616171,
-14.0786635198101,-13.94164178005,-13.8098951037893,-13.6729548782125,-13.5412814097459,
-13.4044231443929,-13.2728224427314,-13.1360466214486,-13.0045181484585,
-12.8678252953121,-12.7363684001077,-12.5997590818304,-12.46837298337,-12.3318478118069,
-12.3223562052364),.UNSPECIFIED.);
#69=B_SPLINE_CURVE_WITH_KNOTS('',3,(#9102,#9103,#9104,#9105,#9106,#9107,
#9108,#9109,#9110,#9111,#9112,#9113,#9114,#9115,#9116,#9117,#9118,#9119,
#9120,#9121,#9122,#9123,#9124,#9125,#9126,#9127,#9128,#9129,#9130,#9131,
#9132,#9133,#9134,#9135,#9136,#9137),.UNSPECIFIED.,.F.,.F.,(4,2,2,2,2,2,
2,2,2,2,2,2,2,2,2,2,2,4),(-2.9422358697054,-2.93462566908207,-2.79897509268194,
-2.66845090620561,-2.53271809604076,-2.40212213911778,-2.26630760811566,
-2.13563936453359,-1.99974358613073,-1.86900263356227,-1.7330260440916,
-1.60221204057492,-1.46615504159256,-1.33526771356498,-1.1991306740991,
-1.06816980586341,-0.93195306457274,-0.80382339294847),.UNSPECIFIED.);
#70=B_SPLINE_CURVE_WITH_KNOTS('',3,(#9482,#9483,#9484,#9485,#9486,#9487,
#9488,#9489),.UNSPECIFIED.,.F.,.F.,(4,2,2,4),(-0.0599688300065168,-0.0594375525781905,
-0.0240715566788563,0.),.UNSPECIFIED.);
#71=B_SPLINE_CURVE_WITH_KNOTS('',3,(#9491,#9492,#9493,#9494,#9495,#9496,
#9497,#9498),.UNSPECIFIED.,.F.,.F.,(4,2,2,4),(-0.0438349430659498,-0.0260822720579579,
0.,0.000391814851230728),.UNSPECIFIED.);
#72=B_SPLINE_CURVE_WITH_KNOTS('',3,(#9507,#9508,#9509,#9510,#9511,#9512,
#9513,#9514),.UNSPECIFIED.,.F.,.F.,(4,2,2,4),(-0.0599667708326329,-0.0594801011123645,
-0.0240715566782985,0.),.UNSPECIFIED.);
#73=B_SPLINE_CURVE_WITH_KNOTS('',3,(#9523,#9524,#9525,#9526,#9527,#9528,
#9529,#9530),.UNSPECIFIED.,.F.,.F.,(4,2,2,4),(-0.0438671315363505,-0.026114135361337,
0.,0.000358923445229457),.UNSPECIFIED.);
#74=B_SPLINE_CURVE_WITH_KNOTS('',3,(#9571,#9572,#9573,#9574,#9575,#9576,
#9577,#9578),.UNSPECIFIED.,.F.,.F.,(4,2,2,4),(-0.0599688291311671,-0.0594375517547886,
-0.0240715532553092,0.),.UNSPECIFIED.);
#75=B_SPLINE_CURVE_WITH_KNOTS('',3,(#9580,#9581,#9582,#9583,#9584,#9585,
#9586,#9587),.UNSPECIFIED.,.F.,.F.,(4,2,2,4),(-0.0438349430636291,-0.0260822720552031,
0.,0.000391814851364204),.UNSPECIFIED.);
#76=B_SPLINE_CURVE_WITH_KNOTS('',3,(#9596,#9597,#9598,#9599,#9600,#9601,
#9602,#9603),.UNSPECIFIED.,.F.,.F.,(4,2,2,4),(-0.0438671278234284,-0.0261141308721436,
0.,0.00035892344552281),.UNSPECIFIED.);
#77=B_SPLINE_CURVE_WITH_KNOTS('',3,(#9612,#9613,#9614,#9615,#9616,#9617,
#9618,#9619),.UNSPECIFIED.,.F.,.F.,(4,2,2,4),(-0.0599667708319434,-0.0594801011118164,
-0.0240715566774039,0.),.UNSPECIFIED.);
#78=B_SPLINE_CURVE_WITH_KNOTS('',3,(#9702,#9703,#9704,#9705,#9706,#9707),
 .UNSPECIFIED.,.F.,.F.,(4,2,4),(0.0698443366038145,0.0861953062914451,0.102546275979076),
 .UNSPECIFIED.);
#79=B_SPLINE_CURVE_WITH_KNOTS('',3,(#9712,#9713,#9714,#9715,#9716,#9717),
 .UNSPECIFIED.,.F.,.F.,(4,2,4),(0.,0.0163509696876306,0.0327019393752613),
 .UNSPECIFIED.);
#80=B_SPLINE_CURVE_WITH_KNOTS('',3,(#9726,#9727,#9728,#9729,#9730,#9731),
 .UNSPECIFIED.,.F.,.F.,(4,2,4),(0.,0.0163509696876307,0.0327019393752614),
 .UNSPECIFIED.);
#81=B_SPLINE_CURVE_WITH_KNOTS('',3,(#9744,#9745,#9746,#9747,#9748,#9749),
 .UNSPECIFIED.,.F.,.F.,(4,2,4),(0.0698443366038145,0.0861953062914451,0.102546275979076),
 .UNSPECIFIED.);
#82=B_SPLINE_CURVE_WITH_KNOTS('',3,(#10772,#10773,#10774,#10775,#10776,
#10777,#10778,#10779,#10780,#10781,#10782,#10783,#10784,#10785,#10786,#10787,
#10788,#10789,#10790,#10791,#10792,#10793,#10794,#10795,#10796,#10797,#10798,
#10799,#10800,#10801),.UNSPECIFIED.,.F.,.F.,(4,2,2,2,2,2,2,2,2,2,2,2,2,
2,4),(0.,0.135454470176536,0.271684139239126,0.403230928476535,0.539571754109929,
0.671160805517312,0.807610509066644,0.939243910566253,1.07087735443544,
1.20732693032387,1.33891602975454,1.47525672132709,1.6068035646151,1.74303309286395,
1.87848900797605),.UNSPECIFIED.);
#83=B_SPLINE_CURVE_WITH_KNOTS('',3,(#10802,#10803,#10804,#10805,#10806,
#10807,#10808,#10809,#10810,#10811,#10812,#10813,#10814,#10815,#10816,#10817),
 .UNSPECIFIED.,.F.,.F.,(4,2,2,2,2,2,2,4),(-0.80382339294847,-0.800918492686686,
-0.664622529480074,-0.53351428336964,-0.397139212781131,-0.265957040228735,
-0.129503121749898,-1.00000007285939E-6),.UNSPECIFIED.);
#84=B_SPLINE_CURVE_WITH_KNOTS('',3,(#10818,#10819,#10820,#10821,#10822,
#10823,#10824,#10825,#10826,#10827,#10828,#10829,#10830,#10831,#10832,#10833),
 .UNSPECIFIED.,.F.,.F.,(4,2,2,2,2,2,2,4),(-0.49266306448834,-0.442054946414715,
-0.390175884789073,-0.357957854526648,-0.282317814281115,-0.185515881729443,
-0.0953046009072602,0.),.UNSPECIFIED.);
#85=B_SPLINE_CURVE_WITH_KNOTS('',3,(#11095,#11096,#11097,#11098,#11099,
#11100,#11101,#11102,#11103,#11104,#11105,#11106),.UNSPECIFIED.,.F.,.F.,
(4,2,2,2,2,4),(-15.014880273899,-14.8858963912718,-14.7486324420336,-14.6166642686785,
-14.4794806991596,-14.4755238978009),.UNSPECIFIED.);
#86=B_SPLINE_CURVE_WITH_KNOTS('',3,(#11108,#11109,#11110,#11111,#11112,
#11113,#11114,#11115,#11116,#11117,#11118,#11119,#11120,#11121,#11122,#11123),
 .UNSPECIFIED.,.F.,.F.,(4,2,2,2,2,2,2,4),(-0.699406384676653,-0.549741287758989,
-0.425122830992313,-0.291196544505289,-0.186560000621847,-0.141846795064689,
-0.0699707261792408,0.),.UNSPECIFIED.);
#87=MANIFOLD_SOLID_BREP('Body1',#6243);
#88=MANIFOLD_SOLID_BREP('Body2',#6244);
#89=MANIFOLD_SOLID_BREP('Body3',#6245);
#90=MANIFOLD_SOLID_BREP('Body4',#6246);
#91=MANIFOLD_SOLID_BREP('Body5',#6247);
#92=MANIFOLD_SOLID_BREP('Body6',#6248);
#93=CYLINDRICAL_SURFACE('',#6280,0.2);
#94=CYLINDRICAL_SURFACE('',#6299,0.2);
#95=CYLINDRICAL_SURFACE('',#6316,0.2);
#96=CYLINDRICAL_SURFACE('',#6335,0.2);
#97=CYLINDRICAL_SURFACE('',#6354,0.2);
#98=CYLINDRICAL_SURFACE('',#6355,3.4);
#99=CYLINDRICAL_SURFACE('',#6357,3.4);
#100=CYLINDRICAL_SURFACE('',#6358,3.4);
#101=CYLINDRICAL_SURFACE('',#6359,3.4);
#102=CYLINDRICAL_SURFACE('',#6360,3.4);
#103=CYLINDRICAL_SURFACE('',#6361,3.4);
#104=CYLINDRICAL_SURFACE('',#6362,3.4);
#105=CYLINDRICAL_SURFACE('',#6363,2.85873412499996);
#106=CYLINDRICAL_SURFACE('',#6364,2.85873412499996);
#107=CYLINDRICAL_SURFACE('',#6365,2.85873412499996);
#108=CYLINDRICAL_SURFACE('',#6366,2.85873412499996);
#109=CYLINDRICAL_SURFACE('',#6367,2.85873412499996);
#110=CYLINDRICAL_SURFACE('',#6368,2.85873412499996);
#111=CYLINDRICAL_SURFACE('',#6369,2.85873412499996);
#112=CYLINDRICAL_SURFACE('',#6370,2.85873412499996);
#113=CYLINDRICAL_SURFACE('',#6379,0.2);
#114=CYLINDRICAL_SURFACE('',#6382,0.2);
#115=CYLINDRICAL_SURFACE('',#6384,0.2);
#116=CYLINDRICAL_SURFACE('',#6386,0.2);
#117=CYLINDRICAL_SURFACE('',#6388,0.2);
#118=CYLINDRICAL_SURFACE('',#6391,0.2);
#119=CYLINDRICAL_SURFACE('',#6393,0.2);
#120=CYLINDRICAL_SURFACE('',#6395,0.2);
#121=CYLINDRICAL_SURFACE('',#6407,0.1);
#122=CYLINDRICAL_SURFACE('',#6409,0.1);
#123=CYLINDRICAL_SURFACE('',#6411,0.1);
#124=CYLINDRICAL_SURFACE('',#6413,0.1);
#125=CYLINDRICAL_SURFACE('',#6415,0.5);
#126=CYLINDRICAL_SURFACE('',#6418,0.5);
#127=CYLINDRICAL_SURFACE('',#6421,0.5);
#128=CYLINDRICAL_SURFACE('',#6424,0.5);
#129=CYLINDRICAL_SURFACE('',#6427,0.5);
#130=CYLINDRICAL_SURFACE('',#6430,0.5);
#131=CYLINDRICAL_SURFACE('',#6433,0.5);
#132=CYLINDRICAL_SURFACE('',#6436,0.5);
#133=CYLINDRICAL_SURFACE('',#6439,0.5);
#134=CYLINDRICAL_SURFACE('',#6442,0.5);
#135=CYLINDRICAL_SURFACE('',#6445,0.5);
#136=CYLINDRICAL_SURFACE('',#6448,0.5);
#137=CYLINDRICAL_SURFACE('',#6454,1.);
#138=CYLINDRICAL_SURFACE('',#6457,0.35);
#139=CYLINDRICAL_SURFACE('',#6460,1.);
#140=CYLINDRICAL_SURFACE('',#6463,1.);
#141=CYLINDRICAL_SURFACE('',#6489,0.2);
#142=CYLINDRICAL_SURFACE('',#6492,0.2);
#143=CYLINDRICAL_SURFACE('',#6495,0.2);
#144=CYLINDRICAL_SURFACE('',#6498,0.2);
#145=CYLINDRICAL_SURFACE('',#6501,0.6);
#146=CYLINDRICAL_SURFACE('',#6504,0.35);
#147=CYLINDRICAL_SURFACE('',#6507,1.);
#148=CYLINDRICAL_SURFACE('',#6557,4.05);
#149=CYLINDRICAL_SURFACE('',#6569,4.);
#150=CYLINDRICAL_SURFACE('',#6575,2.85873412499996);
#151=CYLINDRICAL_SURFACE('',#6578,3.4);
#152=CYLINDRICAL_SURFACE('',#6650,3.4);
#153=CYLINDRICAL_SURFACE('',#6651,1.75);
#154=CYLINDRICAL_SURFACE('',#6652,4.);
#155=CYLINDRICAL_SURFACE('',#6653,4.05);
#156=CYLINDRICAL_SURFACE('',#6654,1.);
#157=CYLINDRICAL_SURFACE('',#6655,0.35);
#158=CYLINDRICAL_SURFACE('',#6656,1.);
#159=CYLINDRICAL_SURFACE('',#6657,0.35);
#160=CYLINDRICAL_SURFACE('',#6658,0.6);
#161=CYLINDRICAL_SURFACE('',#6659,3.);
#162=CIRCLE('',#6264,0.2);
#163=CIRCLE('',#6271,0.2);
#164=CIRCLE('',#6282,0.2);
#165=CIRCLE('',#6290,0.2);
#166=CIRCLE('',#6302,0.2);
#167=CIRCLE('',#6307,0.2);
#168=CIRCLE('',#6318,0.2);
#169=CIRCLE('',#6326,0.2);
#170=CIRCLE('',#6337,0.2);
#171=CIRCLE('',#6343,0.2);
#172=CIRCLE('',#6356,3.4);
#173=CIRCLE('',#6371,2.858734125);
#174=CIRCLE('',#6373,2.7);
#175=CIRCLE('',#6374,3.);
#176=CIRCLE('',#6375,3.);
#177=CIRCLE('',#6378,3.);
#178=CIRCLE('',#6408,0.1);
#179=CIRCLE('',#6410,0.1);
#180=CIRCLE('',#6412,0.1);
#181=CIRCLE('',#6414,0.1);
#182=CIRCLE('',#6416,0.5);
#183=CIRCLE('',#6417,0.5);
#184=CIRCLE('',#6419,0.5);
#185=CIRCLE('',#6420,0.5);
#186=CIRCLE('',#6422,0.5);
#187=CIRCLE('',#6423,0.5);
#188=CIRCLE('',#6425,0.5);
#189=CIRCLE('',#6426,0.5);
#190=CIRCLE('',#6428,0.5);
#191=CIRCLE('',#6429,0.5);
#192=CIRCLE('',#6431,0.5);
#193=CIRCLE('',#6432,0.5);
#194=CIRCLE('',#6434,0.5);
#195=CIRCLE('',#6435,0.5);
#196=CIRCLE('',#6437,0.5);
#197=CIRCLE('',#6438,0.5);
#198=CIRCLE('',#6440,0.5);
#199=CIRCLE('',#6441,0.5);
#200=CIRCLE('',#6443,0.5);
#201=CIRCLE('',#6444,0.5);
#202=CIRCLE('',#6446,0.5);
#203=CIRCLE('',#6447,0.5);
#204=CIRCLE('',#6449,0.5);
#205=CIRCLE('',#6450,0.5);
#206=CIRCLE('',#6455,1.);
#207=CIRCLE('',#6456,1.);
#208=CIRCLE('',#6458,0.35);
#209=CIRCLE('',#6459,0.35);
#210=CIRCLE('',#6461,1.);
#211=CIRCLE('',#6462,1.);
#212=CIRCLE('',#6464,1.);
#213=CIRCLE('',#6465,1.);
#214=CIRCLE('',#6490,0.2);
#215=CIRCLE('',#6491,0.2);
#216=CIRCLE('',#6493,0.2);
#217=CIRCLE('',#6494,0.2);
#218=CIRCLE('',#6496,0.2);
#219=CIRCLE('',#6497,0.2);
#220=CIRCLE('',#6499,0.2);
#221=CIRCLE('',#6500,0.2);
#222=CIRCLE('',#6502,0.6);
#223=CIRCLE('',#6503,0.6);
#224=CIRCLE('',#6505,0.35);
#225=CIRCLE('',#6506,0.35);
#226=CIRCLE('',#6508,1.);
#227=CIRCLE('',#6509,1.);
#228=CIRCLE('',#6558,4.05);
#229=CIRCLE('',#6559,4.05);
#230=CIRCLE('',#6563,4.);
#231=CIRCLE('',#6566,4.05);
#232=CIRCLE('',#6567,4.);
#233=CIRCLE('',#6570,4.);
#234=CIRCLE('',#6573,3.);
#235=CIRCLE('',#6574,1.75);
#236=CIRCLE('',#6576,2.858734125);
#237=CIRCLE('',#6579,3.4);
#238=CIRCLE('',#6581,1.75);
#239=CIRCLE('',#6583,4.);
#240=CIRCLE('',#6584,3.4);
#241=CIRCLE('',#6603,1.);
#242=CIRCLE('',#6604,0.35);
#243=CIRCLE('',#6606,0.35);
#244=CIRCLE('',#6607,1.);
#245=CIRCLE('',#6609,1.);
#246=CIRCLE('',#6611,1.);
#247=CIRCLE('',#6620,4.05);
#248=CIRCLE('',#6628,0.6);
#249=CIRCLE('',#6629,0.35);
#250=CIRCLE('',#6631,0.6);
#251=CIRCLE('',#6632,0.35);
#252=FACE_OUTER_BOUND('',#562,.T.);
#253=FACE_OUTER_BOUND('',#563,.T.);
#254=FACE_OUTER_BOUND('',#564,.T.);
#255=FACE_OUTER_BOUND('',#565,.T.);
#256=FACE_OUTER_BOUND('',#566,.T.);
#257=FACE_OUTER_BOUND('',#567,.T.);
#258=FACE_OUTER_BOUND('',#568,.T.);
#259=FACE_OUTER_BOUND('',#569,.T.);
#260=FACE_OUTER_BOUND('',#570,.T.);
#261=FACE_OUTER_BOUND('',#571,.T.);
#262=FACE_OUTER_BOUND('',#572,.T.);
#263=FACE_OUTER_BOUND('',#573,.T.);
#264=FACE_OUTER_BOUND('',#574,.T.);
#265=FACE_OUTER_BOUND('',#575,.T.);
#266=FACE_OUTER_BOUND('',#576,.T.);
#267=FACE_OUTER_BOUND('',#577,.T.);
#268=FACE_OUTER_BOUND('',#578,.T.);
#269=FACE_OUTER_BOUND('',#579,.T.);
#270=FACE_OUTER_BOUND('',#580,.T.);
#271=FACE_OUTER_BOUND('',#581,.T.);
#272=FACE_OUTER_BOUND('',#582,.T.);
#273=FACE_OUTER_BOUND('',#583,.T.);
#274=FACE_OUTER_BOUND('',#584,.T.);
#275=FACE_OUTER_BOUND('',#585,.T.);
#276=FACE_OUTER_BOUND('',#586,.T.);
#277=FACE_OUTER_BOUND('',#587,.T.);
#278=FACE_OUTER_BOUND('',#588,.T.);
#279=FACE_OUTER_BOUND('',#589,.T.);
#280=FACE_OUTER_BOUND('',#590,.T.);
#281=FACE_OUTER_BOUND('',#591,.T.);
#282=FACE_OUTER_BOUND('',#592,.T.);
#283=FACE_OUTER_BOUND('',#593,.T.);
#284=FACE_OUTER_BOUND('',#594,.T.);
#285=FACE_OUTER_BOUND('',#595,.T.);
#286=FACE_OUTER_BOUND('',#596,.T.);
#287=FACE_OUTER_BOUND('',#597,.T.);
#288=FACE_OUTER_BOUND('',#598,.T.);
#289=FACE_OUTER_BOUND('',#599,.T.);
#290=FACE_OUTER_BOUND('',#600,.T.);
#291=FACE_OUTER_BOUND('',#601,.T.);
#292=FACE_OUTER_BOUND('',#602,.T.);
#293=FACE_OUTER_BOUND('',#603,.T.);
#294=FACE_OUTER_BOUND('',#604,.T.);
#295=FACE_OUTER_BOUND('',#605,.T.);
#296=FACE_OUTER_BOUND('',#606,.T.);
#297=FACE_OUTER_BOUND('',#607,.T.);
#298=FACE_OUTER_BOUND('',#608,.T.);
#299=FACE_OUTER_BOUND('',#609,.T.);
#300=FACE_OUTER_BOUND('',#610,.T.);
#301=FACE_OUTER_BOUND('',#611,.T.);
#302=FACE_OUTER_BOUND('',#612,.T.);
#303=FACE_OUTER_BOUND('',#613,.T.);
#304=FACE_OUTER_BOUND('',#614,.T.);
#305=FACE_OUTER_BOUND('',#615,.T.);
#306=FACE_OUTER_BOUND('',#616,.T.);
#307=FACE_OUTER_BOUND('',#617,.T.);
#308=FACE_OUTER_BOUND('',#618,.T.);
#309=FACE_OUTER_BOUND('',#619,.T.);
#310=FACE_OUTER_BOUND('',#620,.T.);
#311=FACE_OUTER_BOUND('',#621,.T.);
#312=FACE_OUTER_BOUND('',#622,.T.);
#313=FACE_OUTER_BOUND('',#623,.T.);
#314=FACE_OUTER_BOUND('',#624,.T.);
#315=FACE_OUTER_BOUND('',#625,.T.);
#316=FACE_OUTER_BOUND('',#626,.T.);
#317=FACE_OUTER_BOUND('',#627,.T.);
#318=FACE_OUTER_BOUND('',#628,.T.);
#319=FACE_OUTER_BOUND('',#629,.T.);
#320=FACE_OUTER_BOUND('',#630,.T.);
#321=FACE_OUTER_BOUND('',#631,.T.);
#322=FACE_OUTER_BOUND('',#632,.T.);
#323=FACE_OUTER_BOUND('',#633,.T.);
#324=FACE_OUTER_BOUND('',#634,.T.);
#325=FACE_OUTER_BOUND('',#635,.T.);
#326=FACE_OUTER_BOUND('',#636,.T.);
#327=FACE_OUTER_BOUND('',#637,.T.);
#328=FACE_OUTER_BOUND('',#638,.T.);
#329=FACE_OUTER_BOUND('',#639,.T.);
#330=FACE_OUTER_BOUND('',#640,.T.);
#331=FACE_OUTER_BOUND('',#641,.T.);
#332=FACE_OUTER_BOUND('',#642,.T.);
#333=FACE_OUTER_BOUND('',#643,.T.);
#334=FACE_OUTER_BOUND('',#644,.T.);
#335=FACE_OUTER_BOUND('',#645,.T.);
#336=FACE_OUTER_BOUND('',#646,.T.);
#337=FACE_OUTER_BOUND('',#647,.T.);
#338=FACE_OUTER_BOUND('',#648,.T.);
#339=FACE_OUTER_BOUND('',#649,.T.);
#340=FACE_OUTER_BOUND('',#650,.T.);
#341=FACE_OUTER_BOUND('',#651,.T.);
#342=FACE_OUTER_BOUND('',#652,.T.);
#343=FACE_OUTER_BOUND('',#653,.T.);
#344=FACE_OUTER_BOUND('',#654,.T.);
#345=FACE_OUTER_BOUND('',#655,.T.);
#346=FACE_OUTER_BOUND('',#656,.T.);
#347=FACE_OUTER_BOUND('',#657,.T.);
#348=FACE_OUTER_BOUND('',#658,.T.);
#349=FACE_OUTER_BOUND('',#659,.T.);
#350=FACE_OUTER_BOUND('',#660,.T.);
#351=FACE_OUTER_BOUND('',#661,.T.);
#352=FACE_OUTER_BOUND('',#662,.T.);
#353=FACE_OUTER_BOUND('',#663,.T.);
#354=FACE_OUTER_BOUND('',#664,.T.);
#355=FACE_OUTER_BOUND('',#665,.T.);
#356=FACE_OUTER_BOUND('',#666,.T.);
#357=FACE_OUTER_BOUND('',#667,.T.);
#358=FACE_OUTER_BOUND('',#668,.T.);
#359=FACE_OUTER_BOUND('',#669,.T.);
#360=FACE_OUTER_BOUND('',#670,.T.);
#361=FACE_OUTER_BOUND('',#671,.T.);
#362=FACE_OUTER_BOUND('',#672,.T.);
#363=FACE_OUTER_BOUND('',#673,.T.);
#364=FACE_OUTER_BOUND('',#674,.T.);
#365=FACE_OUTER_BOUND('',#675,.T.);
#366=FACE_OUTER_BOUND('',#676,.T.);
#367=FACE_OUTER_BOUND('',#677,.T.);
#368=FACE_OUTER_BOUND('',#678,.T.);
#369=FACE_OUTER_BOUND('',#679,.T.);
#370=FACE_OUTER_BOUND('',#680,.T.);
#371=FACE_OUTER_BOUND('',#681,.T.);
#372=FACE_OUTER_BOUND('',#682,.T.);
#373=FACE_OUTER_BOUND('',#683,.T.);
#374=FACE_OUTER_BOUND('',#684,.T.);
#375=FACE_OUTER_BOUND('',#685,.T.);
#376=FACE_OUTER_BOUND('',#686,.T.);
#377=FACE_OUTER_BOUND('',#687,.T.);
#378=FACE_OUTER_BOUND('',#688,.T.);
#379=FACE_OUTER_BOUND('',#689,.T.);
#380=FACE_OUTER_BOUND('',#690,.T.);
#381=FACE_OUTER_BOUND('',#691,.T.);
#382=FACE_OUTER_BOUND('',#692,.T.);
#383=FACE_OUTER_BOUND('',#693,.T.);
#384=FACE_OUTER_BOUND('',#694,.T.);
#385=FACE_OUTER_BOUND('',#695,.T.);
#386=FACE_OUTER_BOUND('',#696,.T.);
#387=FACE_OUTER_BOUND('',#697,.T.);
#388=FACE_OUTER_BOUND('',#698,.T.);
#389=FACE_OUTER_BOUND('',#699,.T.);
#390=FACE_OUTER_BOUND('',#700,.T.);
#391=FACE_OUTER_BOUND('',#701,.T.);
#392=FACE_OUTER_BOUND('',#702,.T.);
#393=FACE_OUTER_BOUND('',#703,.T.);
#394=FACE_OUTER_BOUND('',#704,.T.);
#395=FACE_OUTER_BOUND('',#705,.T.);
#396=FACE_OUTER_BOUND('',#706,.T.);
#397=FACE_OUTER_BOUND('',#707,.T.);
#398=FACE_OUTER_BOUND('',#708,.T.);
#399=FACE_OUTER_BOUND('',#709,.T.);
#400=FACE_OUTER_BOUND('',#710,.T.);
#401=FACE_OUTER_BOUND('',#711,.T.);
#402=FACE_OUTER_BOUND('',#712,.T.);
#403=FACE_OUTER_BOUND('',#713,.T.);
#404=FACE_OUTER_BOUND('',#714,.T.);
#405=FACE_OUTER_BOUND('',#715,.T.);
#406=FACE_OUTER_BOUND('',#716,.T.);
#407=FACE_OUTER_BOUND('',#717,.T.);
#408=FACE_OUTER_BOUND('',#718,.T.);
#409=FACE_OUTER_BOUND('',#719,.T.);
#410=FACE_OUTER_BOUND('',#720,.T.);
#411=FACE_OUTER_BOUND('',#721,.T.);
#412=FACE_OUTER_BOUND('',#722,.T.);
#413=FACE_OUTER_BOUND('',#723,.T.);
#414=FACE_OUTER_BOUND('',#724,.T.);
#415=FACE_OUTER_BOUND('',#725,.T.);
#416=FACE_OUTER_BOUND('',#726,.T.);
#417=FACE_OUTER_BOUND('',#727,.T.);
#418=FACE_OUTER_BOUND('',#728,.T.);
#419=FACE_OUTER_BOUND('',#729,.T.);
#420=FACE_OUTER_BOUND('',#730,.T.);
#421=FACE_OUTER_BOUND('',#731,.T.);
#422=FACE_OUTER_BOUND('',#732,.T.);
#423=FACE_OUTER_BOUND('',#733,.T.);
#424=FACE_OUTER_BOUND('',#734,.T.);
#425=FACE_OUTER_BOUND('',#735,.T.);
#426=FACE_OUTER_BOUND('',#736,.T.);
#427=FACE_OUTER_BOUND('',#737,.T.);
#428=FACE_OUTER_BOUND('',#738,.T.);
#429=FACE_OUTER_BOUND('',#739,.T.);
#430=FACE_OUTER_BOUND('',#740,.T.);
#431=FACE_OUTER_BOUND('',#741,.T.);
#432=FACE_OUTER_BOUND('',#742,.T.);
#433=FACE_OUTER_BOUND('',#743,.T.);
#434=FACE_OUTER_BOUND('',#744,.T.);
#435=FACE_OUTER_BOUND('',#745,.T.);
#436=FACE_OUTER_BOUND('',#746,.T.);
#437=FACE_OUTER_BOUND('',#747,.T.);
#438=FACE_OUTER_BOUND('',#748,.T.);
#439=FACE_OUTER_BOUND('',#749,.T.);
#440=FACE_OUTER_BOUND('',#750,.T.);
#441=FACE_OUTER_BOUND('',#751,.T.);
#442=FACE_OUTER_BOUND('',#752,.T.);
#443=FACE_OUTER_BOUND('',#753,.T.);
#444=FACE_OUTER_BOUND('',#754,.T.);
#445=FACE_OUTER_BOUND('',#755,.T.);
#446=FACE_OUTER_BOUND('',#756,.T.);
#447=FACE_OUTER_BOUND('',#757,.T.);
#448=FACE_OUTER_BOUND('',#758,.T.);
#449=FACE_OUTER_BOUND('',#759,.T.);
#450=FACE_OUTER_BOUND('',#760,.T.);
#451=FACE_OUTER_BOUND('',#761,.T.);
#452=FACE_OUTER_BOUND('',#762,.T.);
#453=FACE_OUTER_BOUND('',#763,.T.);
#454=FACE_OUTER_BOUND('',#764,.T.);
#455=FACE_OUTER_BOUND('',#765,.T.);
#456=FACE_OUTER_BOUND('',#766,.T.);
#457=FACE_OUTER_BOUND('',#767,.T.);
#458=FACE_OUTER_BOUND('',#768,.T.);
#459=FACE_OUTER_BOUND('',#769,.T.);
#460=FACE_OUTER_BOUND('',#770,.T.);
#461=FACE_OUTER_BOUND('',#771,.T.);
#462=FACE_OUTER_BOUND('',#772,.T.);
#463=FACE_OUTER_BOUND('',#773,.T.);
#464=FACE_OUTER_BOUND('',#774,.T.);
#465=FACE_OUTER_BOUND('',#775,.T.);
#466=FACE_OUTER_BOUND('',#776,.T.);
#467=FACE_OUTER_BOUND('',#777,.T.);
#468=FACE_OUTER_BOUND('',#778,.T.);
#469=FACE_OUTER_BOUND('',#779,.T.);
#470=FACE_OUTER_BOUND('',#780,.T.);
#471=FACE_OUTER_BOUND('',#781,.T.);
#472=FACE_OUTER_BOUND('',#782,.T.);
#473=FACE_OUTER_BOUND('',#783,.T.);
#474=FACE_OUTER_BOUND('',#784,.T.);
#475=FACE_OUTER_BOUND('',#785,.T.);
#476=FACE_OUTER_BOUND('',#786,.T.);
#477=FACE_OUTER_BOUND('',#787,.T.);
#478=FACE_OUTER_BOUND('',#788,.T.);
#479=FACE_OUTER_BOUND('',#789,.T.);
#480=FACE_OUTER_BOUND('',#790,.T.);
#481=FACE_OUTER_BOUND('',#791,.T.);
#482=FACE_OUTER_BOUND('',#792,.T.);
#483=FACE_OUTER_BOUND('',#793,.T.);
#484=FACE_OUTER_BOUND('',#794,.T.);
#485=FACE_OUTER_BOUND('',#795,.T.);
#486=FACE_OUTER_BOUND('',#796,.T.);
#487=FACE_OUTER_BOUND('',#797,.T.);
#488=FACE_OUTER_BOUND('',#798,.T.);
#489=FACE_OUTER_BOUND('',#799,.T.);
#490=FACE_OUTER_BOUND('',#800,.T.);
#491=FACE_OUTER_BOUND('',#802,.T.);
#492=FACE_OUTER_BOUND('',#803,.T.);
#493=FACE_OUTER_BOUND('',#804,.T.);
#494=FACE_OUTER_BOUND('',#805,.T.);
#495=FACE_OUTER_BOUND('',#806,.T.);
#496=FACE_OUTER_BOUND('',#807,.T.);
#497=FACE_OUTER_BOUND('',#809,.T.);
#498=FACE_OUTER_BOUND('',#811,.T.);
#499=FACE_OUTER_BOUND('',#812,.T.);
#500=FACE_OUTER_BOUND('',#813,.T.);
#501=FACE_OUTER_BOUND('',#814,.T.);
#502=FACE_OUTER_BOUND('',#815,.T.);
#503=FACE_OUTER_BOUND('',#816,.T.);
#504=FACE_OUTER_BOUND('',#817,.T.);
#505=FACE_OUTER_BOUND('',#818,.T.);
#506=FACE_OUTER_BOUND('',#819,.T.);
#507=FACE_OUTER_BOUND('',#820,.T.);
#508=FACE_OUTER_BOUND('',#821,.T.);
#509=FACE_OUTER_BOUND('',#822,.T.);
#510=FACE_OUTER_BOUND('',#823,.T.);
#511=FACE_OUTER_BOUND('',#824,.T.);
#512=FACE_OUTER_BOUND('',#825,.T.);
#513=FACE_OUTER_BOUND('',#826,.T.);
#514=FACE_OUTER_BOUND('',#827,.T.);
#515=FACE_OUTER_BOUND('',#828,.T.);
#516=FACE_OUTER_BOUND('',#829,.T.);
#517=FACE_OUTER_BOUND('',#830,.T.);
#518=FACE_OUTER_BOUND('',#831,.T.);
#519=FACE_OUTER_BOUND('',#832,.T.);
#520=FACE_OUTER_BOUND('',#833,.T.);
#521=FACE_OUTER_BOUND('',#834,.T.);
#522=FACE_OUTER_BOUND('',#835,.T.);
#523=FACE_OUTER_BOUND('',#836,.T.);
#524=FACE_OUTER_BOUND('',#837,.T.);
#525=FACE_OUTER_BOUND('',#838,.T.);
#526=FACE_OUTER_BOUND('',#839,.T.);
#527=FACE_OUTER_BOUND('',#840,.T.);
#528=FACE_OUTER_BOUND('',#841,.T.);
#529=FACE_OUTER_BOUND('',#842,.T.);
#530=FACE_OUTER_BOUND('',#843,.T.);
#531=FACE_OUTER_BOUND('',#845,.T.);
#532=FACE_OUTER_BOUND('',#846,.T.);
#533=FACE_OUTER_BOUND('',#847,.T.);
#534=FACE_OUTER_BOUND('',#848,.T.);
#535=FACE_OUTER_BOUND('',#849,.T.);
#536=FACE_OUTER_BOUND('',#850,.T.);
#537=FACE_OUTER_BOUND('',#851,.T.);
#538=FACE_OUTER_BOUND('',#852,.T.);
#539=FACE_OUTER_BOUND('',#853,.T.);
#540=FACE_OUTER_BOUND('',#854,.T.);
#541=FACE_OUTER_BOUND('',#855,.T.);
#542=FACE_OUTER_BOUND('',#856,.T.);
#543=FACE_OUTER_BOUND('',#857,.T.);
#544=FACE_OUTER_BOUND('',#858,.T.);
#545=FACE_OUTER_BOUND('',#859,.T.);
#546=FACE_OUTER_BOUND('',#860,.T.);
#547=FACE_OUTER_BOUND('',#861,.T.);
#548=FACE_OUTER_BOUND('',#862,.T.);
#549=FACE_OUTER_BOUND('',#863,.T.);
#550=FACE_OUTER_BOUND('',#864,.T.);
#551=FACE_OUTER_BOUND('',#865,.T.);
#552=FACE_OUTER_BOUND('',#867,.T.);
#553=FACE_OUTER_BOUND('',#868,.T.);
#554=FACE_OUTER_BOUND('',#869,.T.);
#555=FACE_OUTER_BOUND('',#870,.T.);
#556=FACE_OUTER_BOUND('',#871,.T.);
#557=FACE_OUTER_BOUND('',#872,.T.);
#558=FACE_OUTER_BOUND('',#873,.T.);
#559=FACE_OUTER_BOUND('',#874,.T.);
#560=FACE_OUTER_BOUND('',#875,.T.);
#561=FACE_OUTER_BOUND('',#876,.T.);
#562=EDGE_LOOP('',(#3736,#3737,#3738,#3739,#3740,#3741,#3742,#3743,#3744,
#3745));
#563=EDGE_LOOP('',(#3746,#3747,#3748,#3749,#3750,#3751,#3752));
#564=EDGE_LOOP('',(#3753,#3754,#3755,#3756,#3757,#3758,#3759,#3760,#3761,
#3762));
#565=EDGE_LOOP('',(#3763,#3764,#3765,#3766));
#566=EDGE_LOOP('',(#3767,#3768,#3769,#3770));
#567=EDGE_LOOP('',(#3771,#3772,#3773,#3774));
#568=EDGE_LOOP('',(#3775,#3776,#3777,#3778));
#569=EDGE_LOOP('',(#3779,#3780,#3781,#3782,#3783,#3784,#3785));
#570=EDGE_LOOP('',(#3786,#3787,#3788,#3789,#3790,#3791));
#571=EDGE_LOOP('',(#3792,#3793,#3794,#3795,#3796,#3797));
#572=EDGE_LOOP('',(#3798,#3799,#3800,#3801));
#573=EDGE_LOOP('',(#3802,#3803,#3804,#3805));
#574=EDGE_LOOP('',(#3806,#3807,#3808,#3809));
#575=EDGE_LOOP('',(#3810,#3811,#3812,#3813));
#576=EDGE_LOOP('',(#3814,#3815,#3816,#3817));
#577=EDGE_LOOP('',(#3818,#3819,#3820,#3821));
#578=EDGE_LOOP('',(#3822,#3823,#3824,#3825));
#579=EDGE_LOOP('',(#3826,#3827,#3828,#3829,#3830,#3831,#3832));
#580=EDGE_LOOP('',(#3833,#3834,#3835,#3836,#3837,#3838,#3839,#3840,#3841,
#3842));
#581=EDGE_LOOP('',(#3843,#3844,#3845,#3846,#3847,#3848,#3849,#3850,#3851,
#3852));
#582=EDGE_LOOP('',(#3853,#3854,#3855,#3856));
#583=EDGE_LOOP('',(#3857,#3858,#3859,#3860));
#584=EDGE_LOOP('',(#3861,#3862,#3863,#3864));
#585=EDGE_LOOP('',(#3865,#3866,#3867,#3868));
#586=EDGE_LOOP('',(#3869,#3870,#3871,#3872,#3873,#3874,#3875));
#587=EDGE_LOOP('',(#3876,#3877,#3878,#3879,#3880,#3881));
#588=EDGE_LOOP('',(#3882,#3883,#3884,#3885,#3886,#3887));
#589=EDGE_LOOP('',(#3888,#3889,#3890,#3891));
#590=EDGE_LOOP('',(#3892,#3893,#3894,#3895));
#591=EDGE_LOOP('',(#3896,#3897,#3898,#3899));
#592=EDGE_LOOP('',(#3900,#3901,#3902,#3903));
#593=EDGE_LOOP('',(#3904,#3905,#3906,#3907));
#594=EDGE_LOOP('',(#3908,#3909,#3910,#3911));
#595=EDGE_LOOP('',(#3912,#3913,#3914,#3915));
#596=EDGE_LOOP('',(#3916,#3917,#3918,#3919,#3920,#3921,#3922,#3923,#3924,
#3925));
#597=EDGE_LOOP('',(#3926,#3927,#3928,#3929,#3930,#3931,#3932));
#598=EDGE_LOOP('',(#3933,#3934,#3935,#3936,#3937,#3938,#3939,#3940,#3941,
#3942));
#599=EDGE_LOOP('',(#3943,#3944,#3945,#3946));
#600=EDGE_LOOP('',(#3947,#3948,#3949,#3950));
#601=EDGE_LOOP('',(#3951,#3952,#3953,#3954,#3955,#3956,#3957));
#602=EDGE_LOOP('',(#3958,#3959,#3960,#3961));
#603=EDGE_LOOP('',(#3962,#3963,#3964,#3965));
#604=EDGE_LOOP('',(#3966,#3967,#3968,#3969));
#605=EDGE_LOOP('',(#3970,#3971,#3972,#3973));
#606=EDGE_LOOP('',(#3974,#3975,#3976,#3977));
#607=EDGE_LOOP('',(#3978,#3979,#3980,#3981));
#608=EDGE_LOOP('',(#3982,#3983,#3984,#3985));
#609=EDGE_LOOP('',(#3986,#3987,#3988,#3989));
#610=EDGE_LOOP('',(#3990,#3991,#3992,#3993));
#611=EDGE_LOOP('',(#3994,#3995,#3996,#3997,#3998,#3999,#4000));
#612=EDGE_LOOP('',(#4001,#4002,#4003,#4004,#4005,#4006,#4007,#4008,#4009,
#4010));
#613=EDGE_LOOP('',(#4011,#4012,#4013,#4014,#4015,#4016,#4017,#4018,#4019,
#4020));
#614=EDGE_LOOP('',(#4021,#4022,#4023,#4024));
#615=EDGE_LOOP('',(#4025,#4026,#4027,#4028));
#616=EDGE_LOOP('',(#4029,#4030,#4031,#4032));
#617=EDGE_LOOP('',(#4033,#4034,#4035,#4036));
#618=EDGE_LOOP('',(#4037,#4038,#4039,#4040,#4041,#4042,#4043));
#619=EDGE_LOOP('',(#4044,#4045,#4046,#4047,#4048,#4049));
#620=EDGE_LOOP('',(#4050,#4051,#4052,#4053,#4054,#4055));
#621=EDGE_LOOP('',(#4056,#4057,#4058,#4059));
#622=EDGE_LOOP('',(#4060,#4061,#4062,#4063));
#623=EDGE_LOOP('',(#4064,#4065,#4066,#4067));
#624=EDGE_LOOP('',(#4068,#4069,#4070,#4071));
#625=EDGE_LOOP('',(#4072,#4073,#4074,#4075));
#626=EDGE_LOOP('',(#4076,#4077,#4078,#4079));
#627=EDGE_LOOP('',(#4080,#4081,#4082,#4083));
#628=EDGE_LOOP('',(#4084,#4085,#4086,#4087,#4088,#4089,#4090));
#629=EDGE_LOOP('',(#4091,#4092,#4093,#4094,#4095,#4096,#4097,#4098,#4099,
#4100));
#630=EDGE_LOOP('',(#4101,#4102,#4103,#4104,#4105,#4106,#4107,#4108,#4109,
#4110));
#631=EDGE_LOOP('',(#4111,#4112,#4113,#4114));
#632=EDGE_LOOP('',(#4115,#4116,#4117,#4118));
#633=EDGE_LOOP('',(#4119,#4120,#4121,#4122,#4123,#4124,#4125));
#634=EDGE_LOOP('',(#4126,#4127,#4128,#4129));
#635=EDGE_LOOP('',(#4130,#4131,#4132,#4133));
#636=EDGE_LOOP('',(#4134,#4135,#4136,#4137,#4138,#4139));
#637=EDGE_LOOP('',(#4140,#4141,#4142,#4143,#4144,#4145));
#638=EDGE_LOOP('',(#4146,#4147,#4148,#4149));
#639=EDGE_LOOP('',(#4150,#4151,#4152,#4153));
#640=EDGE_LOOP('',(#4154,#4155,#4156,#4157));
#641=EDGE_LOOP('',(#4158,#4159,#4160,#4161));
#642=EDGE_LOOP('',(#4162,#4163,#4164,#4165));
#643=EDGE_LOOP('',(#4166,#4167,#4168,#4169));
#644=EDGE_LOOP('',(#4170,#4171,#4172,#4173));
#645=EDGE_LOOP('',(#4174,#4175,#4176,#4177));
#646=EDGE_LOOP('',(#4178,#4179,#4180,#4181));
#647=EDGE_LOOP('',(#4182,#4183,#4184,#4185));
#648=EDGE_LOOP('',(#4186,#4187,#4188,#4189));
#649=EDGE_LOOP('',(#4190,#4191,#4192,#4193));
#650=EDGE_LOOP('',(#4194,#4195,#4196,#4197));
#651=EDGE_LOOP('',(#4198,#4199,#4200,#4201));
#652=EDGE_LOOP('',(#4202,#4203,#4204,#4205));
#653=EDGE_LOOP('',(#4206,#4207,#4208,#4209));
#654=EDGE_LOOP('',(#4210,#4211,#4212,#4213));
#655=EDGE_LOOP('',(#4214,#4215,#4216,#4217));
#656=EDGE_LOOP('',(#4218,#4219,#4220,#4221));
#657=EDGE_LOOP('',(#4222,#4223,#4224,#4225));
#658=EDGE_LOOP('',(#4226,#4227,#4228,#4229));
#659=EDGE_LOOP('',(#4230,#4231,#4232,#4233,#4234));
#660=EDGE_LOOP('',(#4235,#4236,#4237,#4238,#4239));
#661=EDGE_LOOP('',(#4240,#4241));
#662=EDGE_LOOP('',(#4242,#4243));
#663=EDGE_LOOP('',(#4244,#4245,#4246,#4247));
#664=EDGE_LOOP('',(#4248,#4249,#4250,#4251));
#665=EDGE_LOOP('',(#4252,#4253,#4254,#4255));
#666=EDGE_LOOP('',(#4256,#4257,#4258,#4259));
#667=EDGE_LOOP('',(#4260,#4261,#4262,#4263));
#668=EDGE_LOOP('',(#4264,#4265,#4266,#4267));
#669=EDGE_LOOP('',(#4268,#4269,#4270,#4271));
#670=EDGE_LOOP('',(#4272,#4273,#4274,#4275));
#671=EDGE_LOOP('',(#4276,#4277,#4278,#4279));
#672=EDGE_LOOP('',(#4280,#4281,#4282,#4283));
#673=EDGE_LOOP('',(#4284,#4285,#4286,#4287));
#674=EDGE_LOOP('',(#4288,#4289,#4290,#4291));
#675=EDGE_LOOP('',(#4292,#4293,#4294,#4295));
#676=EDGE_LOOP('',(#4296,#4297,#4298,#4299));
#677=EDGE_LOOP('',(#4300,#4301,#4302,#4303));
#678=EDGE_LOOP('',(#4304,#4305,#4306,#4307));
#679=EDGE_LOOP('',(#4308,#4309,#4310,#4311));
#680=EDGE_LOOP('',(#4312,#4313,#4314,#4315));
#681=EDGE_LOOP('',(#4316,#4317,#4318,#4319));
#682=EDGE_LOOP('',(#4320,#4321,#4322,#4323,#4324,#4325));
#683=EDGE_LOOP('',(#4326,#4327,#4328,#4329));
#684=EDGE_LOOP('',(#4330,#4331,#4332,#4333,#4334,#4335));
#685=EDGE_LOOP('',(#4336,#4337,#4338,#4339));
#686=EDGE_LOOP('',(#4340,#4341,#4342,#4343));
#687=EDGE_LOOP('',(#4344,#4345,#4346,#4347,#4348,#4349));
#688=EDGE_LOOP('',(#4350,#4351,#4352,#4353));
#689=EDGE_LOOP('',(#4354,#4355,#4356,#4357,#4358,#4359));
#690=EDGE_LOOP('',(#4360,#4361,#4362,#4363));
#691=EDGE_LOOP('',(#4364,#4365,#4366,#4367));
#692=EDGE_LOOP('',(#4368,#4369,#4370,#4371));
#693=EDGE_LOOP('',(#4372,#4373,#4374,#4375));
#694=EDGE_LOOP('',(#4376,#4377,#4378,#4379));
#695=EDGE_LOOP('',(#4380,#4381,#4382,#4383));
#696=EDGE_LOOP('',(#4384,#4385,#4386,#4387));
#697=EDGE_LOOP('',(#4388,#4389,#4390,#4391,#4392));
#698=EDGE_LOOP('',(#4393,#4394,#4395,#4396));
#699=EDGE_LOOP('',(#4397,#4398,#4399,#4400));
#700=EDGE_LOOP('',(#4401,#4402,#4403,#4404,#4405));
#701=EDGE_LOOP('',(#4406,#4407,#4408,#4409));
#702=EDGE_LOOP('',(#4410,#4411,#4412,#4413));
#703=EDGE_LOOP('',(#4414,#4415,#4416,#4417,#4418));
#704=EDGE_LOOP('',(#4419,#4420,#4421,#4422));
#705=EDGE_LOOP('',(#4423,#4424,#4425,#4426));
#706=EDGE_LOOP('',(#4427,#4428,#4429,#4430,#4431));
#707=EDGE_LOOP('',(#4432,#4433,#4434,#4435,#4436,#4437,#4438,#4439));
#708=EDGE_LOOP('',(#4440,#4441,#4442,#4443,#4444,#4445,#4446,#4447));
#709=EDGE_LOOP('',(#4448,#4449,#4450,#4451));
#710=EDGE_LOOP('',(#4452,#4453,#4454,#4455));
#711=EDGE_LOOP('',(#4456,#4457,#4458,#4459));
#712=EDGE_LOOP('',(#4460,#4461,#4462,#4463));
#713=EDGE_LOOP('',(#4464,#4465,#4466,#4467));
#714=EDGE_LOOP('',(#4468,#4469,#4470,#4471));
#715=EDGE_LOOP('',(#4472,#4473,#4474,#4475));
#716=EDGE_LOOP('',(#4476,#4477,#4478,#4479));
#717=EDGE_LOOP('',(#4480,#4481,#4482,#4483));
#718=EDGE_LOOP('',(#4484,#4485,#4486,#4487));
#719=EDGE_LOOP('',(#4488,#4489,#4490,#4491));
#720=EDGE_LOOP('',(#4492,#4493,#4494,#4495));
#721=EDGE_LOOP('',(#4496,#4497,#4498,#4499));
#722=EDGE_LOOP('',(#4500,#4501,#4502,#4503));
#723=EDGE_LOOP('',(#4504,#4505,#4506,#4507));
#724=EDGE_LOOP('',(#4508,#4509,#4510,#4511));
#725=EDGE_LOOP('',(#4512,#4513,#4514,#4515));
#726=EDGE_LOOP('',(#4516,#4517,#4518,#4519,#4520,#4521));
#727=EDGE_LOOP('',(#4522,#4523,#4524,#4525));
#728=EDGE_LOOP('',(#4526,#4527,#4528,#4529));
#729=EDGE_LOOP('',(#4530,#4531,#4532,#4533));
#730=EDGE_LOOP('',(#4534,#4535,#4536,#4537,#4538,#4539));
#731=EDGE_LOOP('',(#4540,#4541,#4542,#4543));
#732=EDGE_LOOP('',(#4544,#4545,#4546,#4547,#4548,#4549));
#733=EDGE_LOOP('',(#4550,#4551,#4552,#4553,#4554,#4555));
#734=EDGE_LOOP('',(#4556,#4557,#4558,#4559,#4560,#4561,#4562,#4563));
#735=EDGE_LOOP('',(#4564,#4565,#4566,#4567,#4568,#4569,#4570,#4571));
#736=EDGE_LOOP('',(#4572,#4573,#4574,#4575));
#737=EDGE_LOOP('',(#4576,#4577,#4578,#4579));
#738=EDGE_LOOP('',(#4580,#4581,#4582,#4583));
#739=EDGE_LOOP('',(#4584,#4585,#4586,#4587));
#740=EDGE_LOOP('',(#4588,#4589,#4590,#4591));
#741=EDGE_LOOP('',(#4592,#4593,#4594,#4595));
#742=EDGE_LOOP('',(#4596,#4597,#4598,#4599));
#743=EDGE_LOOP('',(#4600,#4601,#4602,#4603));
#744=EDGE_LOOP('',(#4604,#4605,#4606,#4607));
#745=EDGE_LOOP('',(#4608,#4609,#4610,#4611));
#746=EDGE_LOOP('',(#4612,#4613,#4614,#4615));
#747=EDGE_LOOP('',(#4616,#4617,#4618,#4619));
#748=EDGE_LOOP('',(#4620,#4621,#4622,#4623));
#749=EDGE_LOOP('',(#4624,#4625,#4626,#4627));
#750=EDGE_LOOP('',(#4628,#4629,#4630,#4631));
#751=EDGE_LOOP('',(#4632,#4633,#4634,#4635));
#752=EDGE_LOOP('',(#4636,#4637,#4638,#4639));
#753=EDGE_LOOP('',(#4640,#4641,#4642,#4643));
#754=EDGE_LOOP('',(#4644,#4645,#4646,#4647));
#755=EDGE_LOOP('',(#4648,#4649,#4650,#4651));
#756=EDGE_LOOP('',(#4652,#4653,#4654,#4655,#4656,#4657));
#757=EDGE_LOOP('',(#4658,#4659,#4660,#4661,#4662,#4663));
#758=EDGE_LOOP('',(#4664,#4665,#4666,#4667));
#759=EDGE_LOOP('',(#4668,#4669,#4670,#4671,#4672,#4673));
#760=EDGE_LOOP('',(#4674,#4675,#4676,#4677,#4678,#4679));
#761=EDGE_LOOP('',(#4680,#4681,#4682,#4683,#4684));
#762=EDGE_LOOP('',(#4685,#4686,#4687,#4688));
#763=EDGE_LOOP('',(#4689,#4690,#4691,#4692));
#764=EDGE_LOOP('',(#4693,#4694,#4695,#4696));
#765=EDGE_LOOP('',(#4697,#4698,#4699,#4700,#4701));
#766=EDGE_LOOP('',(#4702,#4703,#4704,#4705));
#767=EDGE_LOOP('',(#4706,#4707,#4708,#4709));
#768=EDGE_LOOP('',(#4710,#4711,#4712,#4713));
#769=EDGE_LOOP('',(#4714,#4715,#4716,#4717));
#770=EDGE_LOOP('',(#4718,#4719,#4720,#4721));
#771=EDGE_LOOP('',(#4722,#4723,#4724,#4725));
#772=EDGE_LOOP('',(#4726,#4727,#4728,#4729));
#773=EDGE_LOOP('',(#4730,#4731,#4732,#4733));
#774=EDGE_LOOP('',(#4734,#4735,#4736,#4737));
#775=EDGE_LOOP('',(#4738,#4739,#4740,#4741,#4742));
#776=EDGE_LOOP('',(#4743,#4744,#4745,#4746));
#777=EDGE_LOOP('',(#4747,#4748,#4749,#4750));
#778=EDGE_LOOP('',(#4751,#4752,#4753,#4754));
#779=EDGE_LOOP('',(#4755,#4756,#4757,#4758,#4759));
#780=EDGE_LOOP('',(#4760,#4761,#4762,#4763));
#781=EDGE_LOOP('',(#4764,#4765,#4766,#4767));
#782=EDGE_LOOP('',(#4768,#4769,#4770,#4771));
#783=EDGE_LOOP('',(#4772,#4773,#4774,#4775));
#784=EDGE_LOOP('',(#4776,#4777,#4778,#4779,#4780,#4781));
#785=EDGE_LOOP('',(#4782,#4783,#4784,#4785,#4786,#4787));
#786=EDGE_LOOP('',(#4788,#4789,#4790,#4791,#4792,#4793));
#787=EDGE_LOOP('',(#4794,#4795,#4796,#4797,#4798,#4799,#4800,#4801));
#788=EDGE_LOOP('',(#4802,#4803,#4804,#4805,#4806,#4807,#4808,#4809));
#789=EDGE_LOOP('',(#4810,#4811,#4812,#4813,#4814,#4815,#4816,#4817));
#790=EDGE_LOOP('',(#4818,#4819,#4820,#4821,#4822,#4823,#4824,#4825));
#791=EDGE_LOOP('',(#4826,#4827,#4828,#4829));
#792=EDGE_LOOP('',(#4830,#4831,#4832,#4833));
#793=EDGE_LOOP('',(#4834,#4835,#4836,#4837));
#794=EDGE_LOOP('',(#4838,#4839,#4840,#4841,#4842,#4843,#4844,#4845));
#795=EDGE_LOOP('',(#4846,#4847,#4848,#4849));
#796=EDGE_LOOP('',(#4850,#4851,#4852,#4853,#4854,#4855,#4856,#4857));
#797=EDGE_LOOP('',(#4858,#4859,#4860,#4861));
#798=EDGE_LOOP('',(#4862,#4863,#4864,#4865,#4866,#4867,#4868,#4869));
#799=EDGE_LOOP('',(#4870,#4871,#4872,#4873,#4874,#4875));
#800=EDGE_LOOP('',(#4876));
#801=EDGE_LOOP('',(#4877));
#802=EDGE_LOOP('',(#4878,#4879,#4880,#4881,#4882,#4883,#4884,#4885,#4886,
#4887,#4888,#4889,#4890,#4891,#4892,#4893,#4894,#4895,#4896,#4897));
#803=EDGE_LOOP('',(#4898,#4899,#4900));
#804=EDGE_LOOP('',(#4901,#4902,#4903,#4904,#4905,#4906,#4907,#4908,#4909,
#4910,#4911,#4912,#4913,#4914,#4915,#4916,#4917,#4918));
#805=EDGE_LOOP('',(#4919,#4920,#4921,#4922));
#806=EDGE_LOOP('',(#4923,#4924,#4925));
#807=EDGE_LOOP('',(#4926,#4927,#4928,#4929,#4930));
#808=EDGE_LOOP('',(#4931));
#809=EDGE_LOOP('',(#4932,#4933,#4934,#4935,#4936,#4937,#4938,#4939));
#810=EDGE_LOOP('',(#4940,#4941));
#811=EDGE_LOOP('',(#4942,#4943,#4944,#4945));
#812=EDGE_LOOP('',(#4946,#4947,#4948,#4949,#4950,#4951));
#813=EDGE_LOOP('',(#4952,#4953,#4954,#4955));
#814=EDGE_LOOP('',(#4956,#4957,#4958,#4959,#4960,#4961));
#815=EDGE_LOOP('',(#4962,#4963,#4964,#4965));
#816=EDGE_LOOP('',(#4966,#4967,#4968,#4969));
#817=EDGE_LOOP('',(#4970,#4971,#4972,#4973));
#818=EDGE_LOOP('',(#4974,#4975,#4976,#4977));
#819=EDGE_LOOP('',(#4978,#4979,#4980,#4981));
#820=EDGE_LOOP('',(#4982,#4983,#4984,#4985));
#821=EDGE_LOOP('',(#4986,#4987,#4988,#4989,#4990,#4991,#4992,#4993,#4994,
#4995,#4996,#4997,#4998,#4999,#5000,#5001,#5002,#5003,#5004,#5005));
#822=EDGE_LOOP('',(#5006,#5007,#5008,#5009,#5010,#5011,#5012,#5013,#5014,
#5015,#5016,#5017,#5018,#5019,#5020,#5021,#5022,#5023,#5024,#5025,#5026,
#5027,#5028,#5029,#5030,#5031,#5032,#5033,#5034,#5035,#5036,#5037,#5038,
#5039,#5040,#5041));
#823=EDGE_LOOP('',(#5042,#5043,#5044,#5045,#5046,#5047,#5048,#5049,#5050,
#5051,#5052,#5053,#5054,#5055));
#824=EDGE_LOOP('',(#5056,#5057,#5058,#5059,#5060,#5061));
#825=EDGE_LOOP('',(#5062,#5063,#5064,#5065));
#826=EDGE_LOOP('',(#5066,#5067,#5068,#5069,#5070,#5071,#5072,#5073));
#827=EDGE_LOOP('',(#5074,#5075,#5076,#5077,#5078,#5079,#5080,#5081,#5082,
#5083,#5084,#5085,#5086,#5087,#5088,#5089,#5090,#5091,#5092,#5093,#5094,
#5095,#5096,#5097,#5098,#5099));
#828=EDGE_LOOP('',(#5100,#5101,#5102,#5103,#5104,#5105,#5106,#5107,#5108,
#5109,#5110,#5111,#5112,#5113,#5114,#5115,#5116,#5117,#5118,#5119,#5120));
#829=EDGE_LOOP('',(#5121,#5122,#5123,#5124,#5125,#5126,#5127,#5128,#5129,
#5130,#5131,#5132,#5133,#5134,#5135,#5136,#5137,#5138,#5139,#5140,#5141));
#830=EDGE_LOOP('',(#5142,#5143,#5144,#5145));
#831=EDGE_LOOP('',(#5146,#5147,#5148,#5149));
#832=EDGE_LOOP('',(#5150,#5151,#5152,#5153));
#833=EDGE_LOOP('',(#5154,#5155,#5156,#5157));
#834=EDGE_LOOP('',(#5158,#5159,#5160,#5161));
#835=EDGE_LOOP('',(#5162,#5163,#5164,#5165));
#836=EDGE_LOOP('',(#5166,#5167,#5168,#5169));
#837=EDGE_LOOP('',(#5170,#5171,#5172,#5173,#5174,#5175,#5176,#5177,#5178,
#5179,#5180,#5181,#5182,#5183,#5184,#5185,#5186,#5187,#5188,#5189));
#838=EDGE_LOOP('',(#5190,#5191,#5192,#5193,#5194,#5195,#5196,#5197));
#839=EDGE_LOOP('',(#5198,#5199,#5200,#5201,#5202,#5203,#5204,#5205));
#840=EDGE_LOOP('',(#5206,#5207,#5208,#5209));
#841=EDGE_LOOP('',(#5210,#5211,#5212,#5213));
#842=EDGE_LOOP('',(#5214,#5215,#5216,#5217,#5218,#5219,#5220,#5221,#5222,
#5223,#5224,#5225,#5226,#5227));
#843=EDGE_LOOP('',(#5228,#5229,#5230,#5231,#5232,#5233,#5234,#5235,#5236,
#5237,#5238,#5239,#5240,#5241,#5242,#5243,#5244,#5245));
#844=EDGE_LOOP('',(#5246,#5247,#5248,#5249));
#845=EDGE_LOOP('',(#5250,#5251,#5252,#5253));
#846=EDGE_LOOP('',(#5254,#5255,#5256,#5257,#5258,#5259,#5260,#5261));
#847=EDGE_LOOP('',(#5262,#5263,#5264,#5265,#5266,#5267,#5268,#5269,#5270,
#5271,#5272,#5273,#5274,#5275,#5276,#5277,#5278,#5279,#5280,#5281,#5282));
#848=EDGE_LOOP('',(#5283,#5284,#5285,#5286,#5287,#5288,#5289,#5290,#5291,
#5292,#5293,#5294,#5295,#5296,#5297,#5298,#5299,#5300,#5301,#5302,#5303));
#849=EDGE_LOOP('',(#5304,#5305,#5306,#5307));
#850=EDGE_LOOP('',(#5308,#5309,#5310,#5311));
#851=EDGE_LOOP('',(#5312,#5313,#5314,#5315,#5316,#5317));
#852=EDGE_LOOP('',(#5318,#5319,#5320,#5321,#5322,#5323));
#853=EDGE_LOOP('',(#5324,#5325,#5326,#5327));
#854=EDGE_LOOP('',(#5328,#5329,#5330,#5331));
#855=EDGE_LOOP('',(#5332,#5333,#5334,#5335));
#856=EDGE_LOOP('',(#5336,#5337,#5338,#5339));
#857=EDGE_LOOP('',(#5340,#5341,#5342,#5343));
#858=EDGE_LOOP('',(#5344,#5345,#5346,#5347));
#859=EDGE_LOOP('',(#5348,#5349,#5350,#5351));
#860=EDGE_LOOP('',(#5352,#5353,#5354,#5355));
#861=EDGE_LOOP('',(#5356,#5357,#5358,#5359));
#862=EDGE_LOOP('',(#5360,#5361,#5362,#5363));
#863=EDGE_LOOP('',(#5364,#5365,#5366,#5367));
#864=EDGE_LOOP('',(#5368,#5369,#5370,#5371,#5372,#5373,#5374,#5375,#5376,
#5377,#5378,#5379,#5380,#5381,#5382,#5383,#5384,#5385,#5386,#5387,#5388,
#5389,#5390,#5391,#5392,#5393));
#865=EDGE_LOOP('',(#5394,#5395,#5396,#5397,#5398,#5399,#5400,#5401,#5402,
#5403,#5404,#5405,#5406,#5407,#5408,#5409,#5410,#5411));
#866=EDGE_LOOP('',(#5412,#5413,#5414,#5415));
#867=EDGE_LOOP('',(#5416,#5417,#5418,#5419));
#868=EDGE_LOOP('',(#5420,#5421,#5422,#5423));
#869=EDGE_LOOP('',(#5424,#5425,#5426,#5427,#5428,#5429,#5430,#5431));
#870=EDGE_LOOP('',(#5432,#5433,#5434,#5435));
#871=EDGE_LOOP('',(#5436,#5437,#5438,#5439));
#872=EDGE_LOOP('',(#5440,#5441,#5442,#5443));
#873=EDGE_LOOP('',(#5444,#5445,#5446,#5447));
#874=EDGE_LOOP('',(#5448,#5449,#5450,#5451));
#875=EDGE_LOOP('',(#5452,#5453,#5454,#5455));
#876=EDGE_LOOP('',(#5456,#5457,#5458,#5459,#5460,#5461,#5462,#5463));
#877=LINE('',#8178,#1593);
#878=LINE('',#8180,#1594);
#879=LINE('',#8182,#1595);
#880=LINE('',#8184,#1596);
#881=LINE('',#8186,#1597);
#882=LINE('',#8188,#1598);
#883=LINE('',#8190,#1599);
#884=LINE('',#8192,#1600);
#885=LINE('',#8194,#1601);
#886=LINE('',#8195,#1602);
#887=LINE('',#8200,#1603);
#888=LINE('',#8202,#1604);
#889=LINE('',#8204,#1605);
#890=LINE('',#8206,#1606);
#891=LINE('',#8207,#1607);
#892=LINE('',#8211,#1608);
#893=LINE('',#8213,#1609);
#894=LINE('',#8215,#1610);
#895=LINE('',#8217,#1611);
#896=LINE('',#8219,#1612);
#897=LINE('',#8220,#1613);
#898=LINE('',#8222,#1614);
#899=LINE('',#8224,#1615);
#900=LINE('',#8225,#1616);
#901=LINE('',#8227,#1617);
#902=LINE('',#8228,#1618);
#903=LINE('',#8231,#1619);
#904=LINE('',#8233,#1620);
#905=LINE('',#8234,#1621);
#906=LINE('',#8237,#1622);
#907=LINE('',#8239,#1623);
#908=LINE('',#8240,#1624);
#909=LINE('',#8243,#1625);
#910=LINE('',#8245,#1626);
#911=LINE('',#8246,#1627);
#912=LINE('',#8249,#1628);
#913=LINE('',#8251,#1629);
#914=LINE('',#8252,#1630);
#915=LINE('',#8255,#1631);
#916=LINE('',#8257,#1632);
#917=LINE('',#8258,#1633);
#918=LINE('',#8262,#1634);
#919=LINE('',#8264,#1635);
#920=LINE('',#8270,#1636);
#921=LINE('',#8274,#1637);
#922=LINE('',#8276,#1638);
#923=LINE('',#8278,#1639);
#924=LINE('',#8280,#1640);
#925=LINE('',#8281,#1641);
#926=LINE('',#8285,#1642);
#927=LINE('',#8286,#1643);
#928=LINE('',#8288,#1644);
#929=LINE('',#8290,#1645);
#930=LINE('',#8292,#1646);
#931=LINE('',#8294,#1647);
#932=LINE('',#8296,#1648);
#933=LINE('',#8298,#1649);
#934=LINE('',#8299,#1650);
#935=LINE('',#8302,#1651);
#936=LINE('',#8304,#1652);
#937=LINE('',#8306,#1653);
#938=LINE('',#8308,#1654);
#939=LINE('',#8310,#1655);
#940=LINE('',#8312,#1656);
#941=LINE('',#8314,#1657);
#942=LINE('',#8316,#1658);
#943=LINE('',#8317,#1659);
#944=LINE('',#8319,#1660);
#945=LINE('',#8320,#1661);
#946=LINE('',#8323,#1662);
#947=LINE('',#8325,#1663);
#948=LINE('',#8326,#1664);
#949=LINE('',#8329,#1665);
#950=LINE('',#8331,#1666);
#951=LINE('',#8332,#1667);
#952=LINE('',#8335,#1668);
#953=LINE('',#8337,#1669);
#954=LINE('',#8338,#1670);
#955=LINE('',#8341,#1671);
#956=LINE('',#8343,#1672);
#957=LINE('',#8344,#1673);
#958=LINE('',#8347,#1674);
#959=LINE('',#8349,#1675);
#960=LINE('',#8351,#1676);
#961=LINE('',#8354,#1677);
#962=LINE('',#8355,#1678);
#963=LINE('',#8362,#1679);
#964=LINE('',#8364,#1680);
#965=LINE('',#8366,#1681);
#966=LINE('',#8368,#1682);
#967=LINE('',#8370,#1683);
#968=LINE('',#8372,#1684);
#969=LINE('',#8374,#1685);
#970=LINE('',#8376,#1686);
#971=LINE('',#8378,#1687);
#972=LINE('',#8379,#1688);
#973=LINE('',#8384,#1689);
#974=LINE('',#8386,#1690);
#975=LINE('',#8388,#1691);
#976=LINE('',#8390,#1692);
#977=LINE('',#8391,#1693);
#978=LINE('',#8394,#1694);
#979=LINE('',#8396,#1695);
#980=LINE('',#8398,#1696);
#981=LINE('',#8400,#1697);
#982=LINE('',#8402,#1698);
#983=LINE('',#8404,#1699);
#984=LINE('',#8406,#1700);
#985=LINE('',#8408,#1701);
#986=LINE('',#8409,#1702);
#987=LINE('',#8411,#1703);
#988=LINE('',#8412,#1704);
#989=LINE('',#8415,#1705);
#990=LINE('',#8417,#1706);
#991=LINE('',#8418,#1707);
#992=LINE('',#8421,#1708);
#993=LINE('',#8423,#1709);
#994=LINE('',#8424,#1710);
#995=LINE('',#8427,#1711);
#996=LINE('',#8429,#1712);
#997=LINE('',#8431,#1713);
#998=LINE('',#8434,#1714);
#999=LINE('',#8435,#1715);
#1000=LINE('',#8442,#1716);
#1001=LINE('',#8446,#1717);
#1002=LINE('',#8448,#1718);
#1003=LINE('',#8450,#1719);
#1004=LINE('',#8452,#1720);
#1005=LINE('',#8453,#1721);
#1006=LINE('',#8456,#1722);
#1007=LINE('',#8458,#1723);
#1008=LINE('',#8460,#1724);
#1009=LINE('',#8462,#1725);
#1010=LINE('',#8464,#1726);
#1011=LINE('',#8466,#1727);
#1012=LINE('',#8468,#1728);
#1013=LINE('',#8470,#1729);
#1014=LINE('',#8471,#1730);
#1015=LINE('',#8474,#1731);
#1016=LINE('',#8476,#1732);
#1017=LINE('',#8478,#1733);
#1018=LINE('',#8480,#1734);
#1019=LINE('',#8482,#1735);
#1020=LINE('',#8484,#1736);
#1021=LINE('',#8486,#1737);
#1022=LINE('',#8488,#1738);
#1023=LINE('',#8489,#1739);
#1024=LINE('',#8491,#1740);
#1025=LINE('',#8492,#1741);
#1026=LINE('',#8496,#1742);
#1027=LINE('',#8498,#1743);
#1028=LINE('',#8500,#1744);
#1029=LINE('',#8501,#1745);
#1030=LINE('',#8504,#1746);
#1031=LINE('',#8506,#1747);
#1032=LINE('',#8507,#1748);
#1033=LINE('',#8509,#1749);
#1034=LINE('',#8510,#1750);
#1035=LINE('',#8514,#1751);
#1036=LINE('',#8515,#1752);
#1037=LINE('',#8516,#1753);
#1038=LINE('',#8519,#1754);
#1039=LINE('',#8521,#1755);
#1040=LINE('',#8523,#1756);
#1041=LINE('',#8526,#1757);
#1042=LINE('',#8528,#1758);
#1043=LINE('',#8534,#1759);
#1044=LINE('',#8538,#1760);
#1045=LINE('',#8540,#1761);
#1046=LINE('',#8542,#1762);
#1047=LINE('',#8544,#1763);
#1048=LINE('',#8545,#1764);
#1049=LINE('',#8548,#1765);
#1050=LINE('',#8550,#1766);
#1051=LINE('',#8552,#1767);
#1052=LINE('',#8554,#1768);
#1053=LINE('',#8556,#1769);
#1054=LINE('',#8558,#1770);
#1055=LINE('',#8560,#1771);
#1056=LINE('',#8562,#1772);
#1057=LINE('',#8563,#1773);
#1058=LINE('',#8567,#1774);
#1059=LINE('',#8569,#1775);
#1060=LINE('',#8571,#1776);
#1061=LINE('',#8573,#1777);
#1062=LINE('',#8575,#1778);
#1063=LINE('',#8576,#1779);
#1064=LINE('',#8578,#1780);
#1065=LINE('',#8580,#1781);
#1066=LINE('',#8581,#1782);
#1067=LINE('',#8583,#1783);
#1068=LINE('',#8584,#1784);
#1069=LINE('',#8587,#1785);
#1070=LINE('',#8589,#1786);
#1071=LINE('',#8590,#1787);
#1072=LINE('',#8595,#1788);
#1073=LINE('',#8597,#1789);
#1074=LINE('',#8598,#1790);
#1075=LINE('',#8599,#1791);
#1076=LINE('',#8602,#1792);
#1077=LINE('',#8604,#1793);
#1078=LINE('',#8605,#1794);
#1079=LINE('',#8607,#1795);
#1080=LINE('',#8608,#1796);
#1081=LINE('',#8611,#1797);
#1082=LINE('',#8613,#1798);
#1083=LINE('',#8615,#1799);
#1084=LINE('',#8618,#1800);
#1085=LINE('',#8620,#1801);
#1086=LINE('',#8626,#1802);
#1087=LINE('',#8685,#1803);
#1088=LINE('',#8761,#1804);
#1089=LINE('',#8837,#1805);
#1090=LINE('',#8913,#1806);
#1091=LINE('',#8989,#1807);
#1092=LINE('',#9065,#1808);
#1093=LINE('',#9141,#1809);
#1094=LINE('',#9153,#1810);
#1095=LINE('',#9166,#1811);
#1096=LINE('',#9204,#1812);
#1097=LINE('',#9242,#1813);
#1098=LINE('',#9280,#1814);
#1099=LINE('',#9318,#1815);
#1100=LINE('',#9356,#1816);
#1101=LINE('',#9394,#1817);
#1102=LINE('',#9445,#1818);
#1103=LINE('',#9450,#1819);
#1104=LINE('',#9456,#1820);
#1105=LINE('',#9459,#1821);
#1106=LINE('',#9464,#1822);
#1107=LINE('',#9465,#1823);
#1108=LINE('',#9470,#1824);
#1109=LINE('',#9471,#1825);
#1110=LINE('',#9473,#1826);
#1111=LINE('',#9474,#1827);
#1112=LINE('',#9499,#1828);
#1113=LINE('',#9515,#1829);
#1114=LINE('',#9531,#1830);
#1115=LINE('',#9538,#1831);
#1116=LINE('',#9545,#1832);
#1117=LINE('',#9548,#1833);
#1118=LINE('',#9553,#1834);
#1119=LINE('',#9554,#1835);
#1120=LINE('',#9559,#1836);
#1121=LINE('',#9560,#1837);
#1122=LINE('',#9562,#1838);
#1123=LINE('',#9563,#1839);
#1124=LINE('',#9588,#1840);
#1125=LINE('',#9604,#1841);
#1126=LINE('',#9620,#1842);
#1127=LINE('',#9627,#1843);
#1128=LINE('',#9632,#1844);
#1129=LINE('',#9634,#1845);
#1130=LINE('',#9636,#1846);
#1131=LINE('',#9637,#1847);
#1132=LINE('',#9641,#1848);
#1133=LINE('',#9643,#1849);
#1134=LINE('',#9644,#1850);
#1135=LINE('',#9646,#1851);
#1136=LINE('',#9647,#1852);
#1137=LINE('',#9650,#1853);
#1138=LINE('',#9651,#1854);
#1139=LINE('',#9655,#1855);
#1140=LINE('',#9657,#1856);
#1141=LINE('',#9658,#1857);
#1142=LINE('',#9659,#1858);
#1143=LINE('',#9661,#1859);
#1144=LINE('',#9665,#1860);
#1145=LINE('',#9667,#1861);
#1146=LINE('',#9669,#1862);
#1147=LINE('',#9670,#1863);
#1148=LINE('',#9674,#1864);
#1149=LINE('',#9676,#1865);
#1150=LINE('',#9677,#1866);
#1151=LINE('',#9679,#1867);
#1152=LINE('',#9680,#1868);
#1153=LINE('',#9683,#1869);
#1154=LINE('',#9684,#1870);
#1155=LINE('',#9688,#1871);
#1156=LINE('',#9690,#1872);
#1157=LINE('',#9691,#1873);
#1158=LINE('',#9692,#1874);
#1159=LINE('',#9694,#1875);
#1160=LINE('',#9700,#1876);
#1161=LINE('',#9708,#1877);
#1162=LINE('',#9719,#1878);
#1163=LINE('',#9722,#1879);
#1164=LINE('',#9733,#1880);
#1165=LINE('',#9736,#1881);
#1166=LINE('',#9742,#1882);
#1167=LINE('',#9750,#1883);
#1168=LINE('',#9756,#1884);
#1169=LINE('',#9759,#1885);
#1170=LINE('',#9765,#1886);
#1171=LINE('',#9768,#1887);
#1172=LINE('',#9773,#1888);
#1173=LINE('',#9776,#1889);
#1174=LINE('',#9782,#1890);
#1175=LINE('',#9785,#1891);
#1176=LINE('',#9791,#1892);
#1177=LINE('',#9794,#1893);
#1178=LINE('',#9797,#1894);
#1179=LINE('',#9801,#1895);
#1180=LINE('',#9808,#1896);
#1181=LINE('',#9811,#1897);
#1182=LINE('',#9817,#1898);
#1183=LINE('',#9820,#1899);
#1184=LINE('',#9825,#1900);
#1185=LINE('',#9828,#1901);
#1186=LINE('',#9834,#1902);
#1187=LINE('',#9837,#1903);
#1188=LINE('',#9843,#1904);
#1189=LINE('',#9846,#1905);
#1190=LINE('',#9849,#1906);
#1191=LINE('',#9853,#1907);
#1192=LINE('',#9856,#1908);
#1193=LINE('',#9858,#1909);
#1194=LINE('',#9860,#1910);
#1195=LINE('',#9862,#1911);
#1196=LINE('',#9864,#1912);
#1197=LINE('',#9865,#1913);
#1198=LINE('',#9868,#1914);
#1199=LINE('',#9869,#1915);
#1200=LINE('',#9871,#1916);
#1201=LINE('',#9873,#1917);
#1202=LINE('',#9875,#1918);
#1203=LINE('',#9876,#1919);
#1204=LINE('',#9878,#1920);
#1205=LINE('',#9879,#1921);
#1206=LINE('',#9883,#1922);
#1207=LINE('',#9887,#1923);
#1208=LINE('',#9894,#1924);
#1209=LINE('',#9897,#1925);
#1210=LINE('',#9903,#1926);
#1211=LINE('',#9906,#1927);
#1212=LINE('',#9912,#1928);
#1213=LINE('',#9915,#1929);
#1214=LINE('',#9917,#1930);
#1215=LINE('',#9918,#1931);
#1216=LINE('',#9920,#1932);
#1217=LINE('',#9921,#1933);
#1218=LINE('',#9925,#1934);
#1219=LINE('',#9927,#1935);
#1220=LINE('',#9929,#1936);
#1221=LINE('',#9930,#1937);
#1222=LINE('',#9934,#1938);
#1223=LINE('',#9936,#1939);
#1224=LINE('',#9938,#1940);
#1225=LINE('',#9939,#1941);
#1226=LINE('',#9942,#1942);
#1227=LINE('',#9944,#1943);
#1228=LINE('',#9945,#1944);
#1229=LINE('',#9949,#1945);
#1230=LINE('',#9951,#1946);
#1231=LINE('',#9953,#1947);
#1232=LINE('',#9954,#1948);
#1233=LINE('',#9957,#1949);
#1234=LINE('',#9959,#1950);
#1235=LINE('',#9960,#1951);
#1236=LINE('',#9963,#1952);
#1237=LINE('',#9965,#1953);
#1238=LINE('',#9966,#1954);
#1239=LINE('',#9970,#1955);
#1240=LINE('',#9971,#1956);
#1241=LINE('',#9972,#1957);
#1242=LINE('',#9976,#1958);
#1243=LINE('',#9977,#1959);
#1244=LINE('',#9978,#1960);
#1245=LINE('',#9980,#1961);
#1246=LINE('',#9982,#1962);
#1247=LINE('',#9984,#1963);
#1248=LINE('',#9985,#1964);
#1249=LINE('',#9989,#1965);
#1250=LINE('',#9991,#1966);
#1251=LINE('',#9993,#1967);
#1252=LINE('',#9994,#1968);
#1253=LINE('',#9997,#1969);
#1254=LINE('',#9999,#1970);
#1255=LINE('',#10001,#1971);
#1256=LINE('',#10003,#1972);
#1257=LINE('',#10004,#1973);
#1258=LINE('',#10007,#1974);
#1259=LINE('',#10008,#1975);
#1260=LINE('',#10012,#1976);
#1261=LINE('',#10014,#1977);
#1262=LINE('',#10016,#1978);
#1263=LINE('',#10017,#1979);
#1264=LINE('',#10020,#1980);
#1265=LINE('',#10022,#1981);
#1266=LINE('',#10023,#1982);
#1267=LINE('',#10026,#1983);
#1268=LINE('',#10027,#1984);
#1269=LINE('',#10028,#1985);
#1270=LINE('',#10032,#1986);
#1271=LINE('',#10034,#1987);
#1272=LINE('',#10036,#1988);
#1273=LINE('',#10037,#1989);
#1274=LINE('',#10040,#1990);
#1275=LINE('',#10042,#1991);
#1276=LINE('',#10044,#1992);
#1277=LINE('',#10045,#1993);
#1278=LINE('',#10048,#1994);
#1279=LINE('',#10050,#1995);
#1280=LINE('',#10052,#1996);
#1281=LINE('',#10053,#1997);
#1282=LINE('',#10056,#1998);
#1283=LINE('',#10057,#1999);
#1284=LINE('',#10059,#2000);
#1285=LINE('',#10061,#2001);
#1286=LINE('',#10063,#2002);
#1287=LINE('',#10064,#2003);
#1288=LINE('',#10066,#2004);
#1289=LINE('',#10068,#2005);
#1290=LINE('',#10070,#2006);
#1291=LINE('',#10072,#2007);
#1292=LINE('',#10074,#2008);
#1293=LINE('',#10075,#2009);
#1294=LINE('',#10077,#2010);
#1295=LINE('',#10078,#2011);
#1296=LINE('',#10084,#2012);
#1297=LINE('',#10087,#2013);
#1298=LINE('',#10093,#2014);
#1299=LINE('',#10096,#2015);
#1300=LINE('',#10102,#2016);
#1301=LINE('',#10105,#2017);
#1302=LINE('',#10111,#2018);
#1303=LINE('',#10114,#2019);
#1304=LINE('',#10120,#2020);
#1305=LINE('',#10123,#2021);
#1306=LINE('',#10129,#2022);
#1307=LINE('',#10132,#2023);
#1308=LINE('',#10138,#2024);
#1309=LINE('',#10141,#2025);
#1310=LINE('',#10144,#2026);
#1311=LINE('',#10146,#2027);
#1312=LINE('',#10147,#2028);
#1313=LINE('',#10151,#2029);
#1314=LINE('',#10153,#2030);
#1315=LINE('',#10155,#2031);
#1316=LINE('',#10156,#2032);
#1317=LINE('',#10159,#2033);
#1318=LINE('',#10161,#2034);
#1319=LINE('',#10162,#2035);
#1320=LINE('',#10166,#2036);
#1321=LINE('',#10168,#2037);
#1322=LINE('',#10170,#2038);
#1323=LINE('',#10171,#2039);
#1324=LINE('',#10173,#2040);
#1325=LINE('',#10174,#2041);
#1326=LINE('',#10176,#2042);
#1327=LINE('',#10177,#2043);
#1328=LINE('',#10181,#2044);
#1329=LINE('',#10183,#2045);
#1330=LINE('',#10185,#2046);
#1331=LINE('',#10186,#2047);
#1332=LINE('',#10189,#2048);
#1333=LINE('',#10191,#2049);
#1334=LINE('',#10192,#2050);
#1335=LINE('',#10195,#2051);
#1336=LINE('',#10197,#2052);
#1337=LINE('',#10198,#2053);
#1338=LINE('',#10201,#2054);
#1339=LINE('',#10203,#2055);
#1340=LINE('',#10204,#2056);
#1341=LINE('',#10207,#2057);
#1342=LINE('',#10208,#2058);
#1343=LINE('',#10210,#2059);
#1344=LINE('',#10211,#2060);
#1345=LINE('',#10213,#2061);
#1346=LINE('',#10214,#2062);
#1347=LINE('',#10217,#2063);
#1348=LINE('',#10219,#2064);
#1349=LINE('',#10220,#2065);
#1350=LINE('',#10223,#2066);
#1351=LINE('',#10225,#2067);
#1352=LINE('',#10227,#2068);
#1353=LINE('',#10228,#2069);
#1354=LINE('',#10230,#2070);
#1355=LINE('',#10231,#2071);
#1356=LINE('',#10234,#2072);
#1357=LINE('',#10236,#2073);
#1358=LINE('',#10237,#2074);
#1359=LINE('',#10238,#2075);
#1360=LINE('',#10241,#2076);
#1361=LINE('',#10242,#2077);
#1362=LINE('',#10246,#2078);
#1363=LINE('',#10248,#2079);
#1364=LINE('',#10250,#2080);
#1365=LINE('',#10252,#2081);
#1366=LINE('',#10253,#2082);
#1367=LINE('',#10257,#2083);
#1368=LINE('',#10258,#2084);
#1369=LINE('',#10259,#2085);
#1370=LINE('',#10262,#2086);
#1371=LINE('',#10263,#2087);
#1372=LINE('',#10266,#2088);
#1373=LINE('',#10267,#2089);
#1374=LINE('',#10271,#2090);
#1375=LINE('',#10273,#2091);
#1376=LINE('',#10275,#2092);
#1377=LINE('',#10277,#2093);
#1378=LINE('',#10278,#2094);
#1379=LINE('',#10282,#2095);
#1380=LINE('',#10283,#2096);
#1381=LINE('',#10284,#2097);
#1382=LINE('',#10288,#2098);
#1383=LINE('',#10289,#2099);
#1384=LINE('',#10290,#2100);
#1385=LINE('',#10292,#2101);
#1386=LINE('',#10296,#2102);
#1387=LINE('',#10298,#2103);
#1388=LINE('',#10300,#2104);
#1389=LINE('',#10301,#2105);
#1390=LINE('',#10304,#2106);
#1391=LINE('',#10306,#2107);
#1392=LINE('',#10307,#2108);
#1393=LINE('',#10310,#2109);
#1394=LINE('',#10312,#2110);
#1395=LINE('',#10313,#2111);
#1396=LINE('',#10317,#2112);
#1397=LINE('',#10319,#2113);
#1398=LINE('',#10321,#2114);
#1399=LINE('',#10322,#2115);
#1400=LINE('',#10326,#2116);
#1401=LINE('',#10328,#2117);
#1402=LINE('',#10330,#2118);
#1403=LINE('',#10331,#2119);
#1404=LINE('',#10333,#2120);
#1405=LINE('',#10334,#2121);
#1406=LINE('',#10338,#2122);
#1407=LINE('',#10340,#2123);
#1408=LINE('',#10342,#2124);
#1409=LINE('',#10344,#2125);
#1410=LINE('',#10345,#2126);
#1411=LINE('',#10349,#2127);
#1412=LINE('',#10350,#2128);
#1413=LINE('',#10351,#2129);
#1414=LINE('',#10354,#2130);
#1415=LINE('',#10355,#2131);
#1416=LINE('',#10358,#2132);
#1417=LINE('',#10359,#2133);
#1418=LINE('',#10363,#2134);
#1419=LINE('',#10365,#2135);
#1420=LINE('',#10367,#2136);
#1421=LINE('',#10369,#2137);
#1422=LINE('',#10370,#2138);
#1423=LINE('',#10374,#2139);
#1424=LINE('',#10375,#2140);
#1425=LINE('',#10376,#2141);
#1426=LINE('',#10380,#2142);
#1427=LINE('',#10381,#2143);
#1428=LINE('',#10382,#2144);
#1429=LINE('',#10384,#2145);
#1430=LINE('',#10388,#2146);
#1431=LINE('',#10390,#2147);
#1432=LINE('',#10392,#2148);
#1433=LINE('',#10393,#2149);
#1434=LINE('',#10396,#2150);
#1435=LINE('',#10397,#2151);
#1436=LINE('',#10400,#2152);
#1437=LINE('',#10402,#2153);
#1438=LINE('',#10404,#2154);
#1439=LINE('',#10405,#2155);
#1440=LINE('',#10408,#2156);
#1441=LINE('',#10410,#2157);
#1442=LINE('',#10411,#2158);
#1443=LINE('',#10413,#2159);
#1444=LINE('',#10415,#2160);
#1445=LINE('',#10417,#2161);
#1446=LINE('',#10419,#2162);
#1447=LINE('',#10421,#2163);
#1448=LINE('',#10422,#2164);
#1449=LINE('',#10425,#2165);
#1450=LINE('',#10426,#2166);
#1451=LINE('',#10428,#2167);
#1452=LINE('',#10430,#2168);
#1453=LINE('',#10432,#2169);
#1454=LINE('',#10433,#2170);
#1455=LINE('',#10435,#2171);
#1456=LINE('',#10437,#2172);
#1457=LINE('',#10439,#2173);
#1458=LINE('',#10441,#2174);
#1459=LINE('',#10443,#2175);
#1460=LINE('',#10444,#2176);
#1461=LINE('',#10447,#2177);
#1462=LINE('',#10448,#2178);
#1463=LINE('',#10450,#2179);
#1464=LINE('',#10452,#2180);
#1465=LINE('',#10454,#2181);
#1466=LINE('',#10455,#2182);
#1467=LINE('',#10460,#2183);
#1468=LINE('',#10461,#2184);
#1469=LINE('',#10463,#2185);
#1470=LINE('',#10464,#2186);
#1471=LINE('',#10467,#2187);
#1472=LINE('',#10469,#2188);
#1473=LINE('',#10473,#2189);
#1474=LINE('',#10474,#2190);
#1475=LINE('',#10476,#2191);
#1476=LINE('',#10477,#2192);
#1477=LINE('',#10481,#2193);
#1478=LINE('',#10483,#2194);
#1479=LINE('',#10487,#2195);
#1480=LINE('',#10488,#2196);
#1481=LINE('',#10490,#2197);
#1482=LINE('',#10491,#2198);
#1483=LINE('',#10496,#2199);
#1484=LINE('',#10497,#2200);
#1485=LINE('',#10498,#2201);
#1486=LINE('',#10500,#2202);
#1487=LINE('',#10501,#2203);
#1488=LINE('',#10770,#2204);
#1489=LINE('',#11107,#2205);
#1490=LINE('',#11125,#2206);
#1491=LINE('',#11136,#2207);
#1492=LINE('',#11138,#2208);
#1493=LINE('',#11139,#2209);
#1494=LINE('',#11141,#2210);
#1495=LINE('',#11143,#2211);
#1496=LINE('',#11144,#2212);
#1497=LINE('',#11148,#2213);
#1498=LINE('',#11150,#2214);
#1499=LINE('',#11151,#2215);
#1500=LINE('',#11153,#2216);
#1501=LINE('',#11155,#2217);
#1502=LINE('',#11156,#2218);
#1503=LINE('',#11159,#2219);
#1504=LINE('',#11161,#2220);
#1505=LINE('',#11162,#2221);
#1506=LINE('',#11165,#2222);
#1507=LINE('',#11166,#2223);
#1508=LINE('',#11167,#2224);
#1509=LINE('',#11169,#2225);
#1510=LINE('',#11171,#2226);
#1511=LINE('',#11173,#2227);
#1512=LINE('',#11175,#2228);
#1513=LINE('',#11177,#2229);
#1514=LINE('',#11179,#2230);
#1515=LINE('',#11181,#2231);
#1516=LINE('',#11182,#2232);
#1517=LINE('',#11184,#2233);
#1518=LINE('',#11186,#2234);
#1519=LINE('',#11187,#2235);
#1520=LINE('',#11188,#2236);
#1521=LINE('',#11190,#2237);
#1522=LINE('',#11192,#2238);
#1523=LINE('',#11193,#2239);
#1524=LINE('',#11194,#2240);
#1525=LINE('',#11195,#2241);
#1526=LINE('',#11197,#2242);
#1527=LINE('',#11198,#2243);
#1528=LINE('',#11200,#2244);
#1529=LINE('',#11201,#2245);
#1530=LINE('',#11202,#2246);
#1531=LINE('',#11204,#2247);
#1532=LINE('',#11205,#2248);
#1533=LINE('',#11206,#2249);
#1534=LINE('',#11207,#2250);
#1535=LINE('',#11209,#2251);
#1536=LINE('',#11210,#2252);
#1537=LINE('',#11212,#2253);
#1538=LINE('',#11214,#2254);
#1539=LINE('',#11215,#2255);
#1540=LINE('',#11218,#2256);
#1541=LINE('',#11219,#2257);
#1542=LINE('',#11221,#2258);
#1543=LINE('',#11222,#2259);
#1544=LINE('',#11224,#2260);
#1545=LINE('',#11225,#2261);
#1546=LINE('',#11226,#2262);
#1547=LINE('',#11227,#2263);
#1548=LINE('',#11228,#2264);
#1549=LINE('',#11231,#2265);
#1550=LINE('',#11233,#2266);
#1551=LINE('',#11235,#2267);
#1552=LINE('',#11243,#2268);
#1553=LINE('',#11245,#2269);
#1554=LINE('',#11246,#2270);
#1555=LINE('',#11251,#2271);
#1556=LINE('',#11253,#2272);
#1557=LINE('',#11255,#2273);
#1558=LINE('',#11256,#2274);
#1559=LINE('',#11261,#2275);
#1560=LINE('',#11262,#2276);
#1561=LINE('',#11263,#2277);
#1562=LINE('',#11264,#2278);
#1563=LINE('',#11269,#2279);
#1564=LINE('',#11271,#2280);
#1565=LINE('',#11273,#2281);
#1566=LINE('',#11275,#2282);
#1567=LINE('',#11277,#2283);
#1568=LINE('',#11280,#2284);
#1569=LINE('',#11281,#2285);
#1570=LINE('',#11283,#2286);
#1571=LINE('',#11284,#2287);
#1572=LINE('',#11287,#2288);
#1573=LINE('',#11288,#2289);
#1574=LINE('',#11290,#2290);
#1575=LINE('',#11296,#2291);
#1576=LINE('',#11297,#2292);
#1577=LINE('',#11298,#2293);
#1578=LINE('',#11301,#2294);
#1579=LINE('',#11303,#2295);
#1580=LINE('',#11305,#2296);
#1581=LINE('',#11306,#2297);
#1582=LINE('',#11311,#2298);
#1583=LINE('',#11312,#2299);
#1584=LINE('',#11314,#2300);
#1585=LINE('',#11317,#2301);
#1586=LINE('',#11318,#2302);
#1587=LINE('',#11320,#2303);
#1588=LINE('',#11321,#2304);
#1589=LINE('',#11323,#2305);
#1590=LINE('',#11325,#2306);
#1591=LINE('',#11331,#2307);
#1592=LINE('',#11340,#2308);
#1593=VECTOR('',#6664,1000.);
#1594=VECTOR('',#6665,1000.);
#1595=VECTOR('',#6666,1000.);
#1596=VECTOR('',#6667,1000.);
#1597=VECTOR('',#6668,1000.);
#1598=VECTOR('',#6669,1000.);
#1599=VECTOR('',#6670,1000.);
#1600=VECTOR('',#6671,1000.);
#1601=VECTOR('',#6672,1000.);
#1602=VECTOR('',#6673,1000.);
#1603=VECTOR('',#6678,1000.);
#1604=VECTOR('',#6679,1000.);
#1605=VECTOR('',#6680,1000.);
#1606=VECTOR('',#6681,1000.);
#1607=VECTOR('',#6682,1000.);
#1608=VECTOR('',#6685,1000.);
#1609=VECTOR('',#6686,1000.);
#1610=VECTOR('',#6687,1000.);
#1611=VECTOR('',#6688,1000.);
#1612=VECTOR('',#6689,1000.);
#1613=VECTOR('',#6690,1000.);
#1614=VECTOR('',#6691,1000.);
#1615=VECTOR('',#6692,1000.);
#1616=VECTOR('',#6693,1000.);
#1617=VECTOR('',#6696,1000.);
#1618=VECTOR('',#6697,1000.);
#1619=VECTOR('',#6700,1000.);
#1620=VECTOR('',#6701,1000.);
#1621=VECTOR('',#6702,1000.);
#1622=VECTOR('',#6705,1000.);
#1623=VECTOR('',#6706,1000.);
#1624=VECTOR('',#6707,1000.);
#1625=VECTOR('',#6710,1000.);
#1626=VECTOR('',#6711,1000.);
#1627=VECTOR('',#6712,1000.);
#1628=VECTOR('',#6715,1000.);
#1629=VECTOR('',#6718,1000.);
#1630=VECTOR('',#6719,1000.);
#1631=VECTOR('',#6724,1000.);
#1632=VECTOR('',#6727,1000.);
#1633=VECTOR('',#6728,1000.);
#1634=VECTOR('',#6735,1000.);
#1635=VECTOR('',#6738,1000.);
#1636=VECTOR('',#6745,1000.);
#1637=VECTOR('',#6748,1000.);
#1638=VECTOR('',#6749,1000.);
#1639=VECTOR('',#6750,1000.);
#1640=VECTOR('',#6751,1000.);
#1641=VECTOR('',#6752,1000.);
#1642=VECTOR('',#6755,1000.);
#1643=VECTOR('',#6756,1000.);
#1644=VECTOR('',#6757,1000.);
#1645=VECTOR('',#6758,1000.);
#1646=VECTOR('',#6759,1000.);
#1647=VECTOR('',#6760,1000.);
#1648=VECTOR('',#6761,1000.);
#1649=VECTOR('',#6762,1000.);
#1650=VECTOR('',#6763,1000.);
#1651=VECTOR('',#6766,1000.);
#1652=VECTOR('',#6767,1000.);
#1653=VECTOR('',#6768,1000.);
#1654=VECTOR('',#6769,1000.);
#1655=VECTOR('',#6770,1000.);
#1656=VECTOR('',#6771,1000.);
#1657=VECTOR('',#6772,1000.);
#1658=VECTOR('',#6773,1000.);
#1659=VECTOR('',#6774,1000.);
#1660=VECTOR('',#6777,1000.);
#1661=VECTOR('',#6778,1000.);
#1662=VECTOR('',#6781,1000.);
#1663=VECTOR('',#6782,1000.);
#1664=VECTOR('',#6783,1000.);
#1665=VECTOR('',#6786,1000.);
#1666=VECTOR('',#6787,1000.);
#1667=VECTOR('',#6788,1000.);
#1668=VECTOR('',#6791,1000.);
#1669=VECTOR('',#6792,1000.);
#1670=VECTOR('',#6793,1000.);
#1671=VECTOR('',#6796,1000.);
#1672=VECTOR('',#6799,1000.);
#1673=VECTOR('',#6800,1000.);
#1674=VECTOR('',#6805,1000.);
#1675=VECTOR('',#6808,1000.);
#1676=VECTOR('',#6811,1000.);
#1677=VECTOR('',#6816,1000.);
#1678=VECTOR('',#6817,1000.);
#1679=VECTOR('',#6826,1000.);
#1680=VECTOR('',#6827,1000.);
#1681=VECTOR('',#6828,1000.);
#1682=VECTOR('',#6829,1000.);
#1683=VECTOR('',#6830,1000.);
#1684=VECTOR('',#6831,1000.);
#1685=VECTOR('',#6832,1000.);
#1686=VECTOR('',#6833,1000.);
#1687=VECTOR('',#6834,1000.);
#1688=VECTOR('',#6835,1000.);
#1689=VECTOR('',#6840,1000.);
#1690=VECTOR('',#6841,1000.);
#1691=VECTOR('',#6842,1000.);
#1692=VECTOR('',#6843,1000.);
#1693=VECTOR('',#6844,1000.);
#1694=VECTOR('',#6847,1000.);
#1695=VECTOR('',#6848,1000.);
#1696=VECTOR('',#6849,1000.);
#1697=VECTOR('',#6850,1000.);
#1698=VECTOR('',#6851,1000.);
#1699=VECTOR('',#6852,1000.);
#1700=VECTOR('',#6853,1000.);
#1701=VECTOR('',#6854,1000.);
#1702=VECTOR('',#6855,1000.);
#1703=VECTOR('',#6858,1000.);
#1704=VECTOR('',#6859,1000.);
#1705=VECTOR('',#6862,1000.);
#1706=VECTOR('',#6863,1000.);
#1707=VECTOR('',#6864,1000.);
#1708=VECTOR('',#6867,1000.);
#1709=VECTOR('',#6870,1000.);
#1710=VECTOR('',#6871,1000.);
#1711=VECTOR('',#6876,1000.);
#1712=VECTOR('',#6879,1000.);
#1713=VECTOR('',#6882,1000.);
#1714=VECTOR('',#6887,1000.);
#1715=VECTOR('',#6888,1000.);
#1716=VECTOR('',#6897,1000.);
#1717=VECTOR('',#6900,1000.);
#1718=VECTOR('',#6901,1000.);
#1719=VECTOR('',#6902,1000.);
#1720=VECTOR('',#6903,1000.);
#1721=VECTOR('',#6904,1000.);
#1722=VECTOR('',#6907,1000.);
#1723=VECTOR('',#6908,1000.);
#1724=VECTOR('',#6909,1000.);
#1725=VECTOR('',#6910,1000.);
#1726=VECTOR('',#6911,1000.);
#1727=VECTOR('',#6912,1000.);
#1728=VECTOR('',#6913,1000.);
#1729=VECTOR('',#6914,1000.);
#1730=VECTOR('',#6915,1000.);
#1731=VECTOR('',#6918,1000.);
#1732=VECTOR('',#6919,1000.);
#1733=VECTOR('',#6920,1000.);
#1734=VECTOR('',#6921,1000.);
#1735=VECTOR('',#6922,1000.);
#1736=VECTOR('',#6923,1000.);
#1737=VECTOR('',#6924,1000.);
#1738=VECTOR('',#6925,1000.);
#1739=VECTOR('',#6926,1000.);
#1740=VECTOR('',#6929,1000.);
#1741=VECTOR('',#6930,1000.);
#1742=VECTOR('',#6933,1000.);
#1743=VECTOR('',#6934,1000.);
#1744=VECTOR('',#6935,1000.);
#1745=VECTOR('',#6936,1000.);
#1746=VECTOR('',#6939,1000.);
#1747=VECTOR('',#6940,1000.);
#1748=VECTOR('',#6941,1000.);
#1749=VECTOR('',#6944,1000.);
#1750=VECTOR('',#6945,1000.);
#1751=VECTOR('',#6950,1000.);
#1752=VECTOR('',#6951,1000.);
#1753=VECTOR('',#6952,1000.);
#1754=VECTOR('',#6957,1000.);
#1755=VECTOR('',#6960,1000.);
#1756=VECTOR('',#6963,1000.);
#1757=VECTOR('',#6968,1000.);
#1758=VECTOR('',#6971,1000.);
#1759=VECTOR('',#6978,1000.);
#1760=VECTOR('',#6981,1000.);
#1761=VECTOR('',#6982,1000.);
#1762=VECTOR('',#6983,1000.);
#1763=VECTOR('',#6984,1000.);
#1764=VECTOR('',#6985,1000.);
#1765=VECTOR('',#6988,1000.);
#1766=VECTOR('',#6989,1000.);
#1767=VECTOR('',#6990,1000.);
#1768=VECTOR('',#6991,1000.);
#1769=VECTOR('',#6992,1000.);
#1770=VECTOR('',#6993,1000.);
#1771=VECTOR('',#6994,1000.);
#1772=VECTOR('',#6995,1000.);
#1773=VECTOR('',#6996,1000.);
#1774=VECTOR('',#6999,1000.);
#1775=VECTOR('',#7000,1000.);
#1776=VECTOR('',#7001,1000.);
#1777=VECTOR('',#7002,1000.);
#1778=VECTOR('',#7003,1000.);
#1779=VECTOR('',#7004,1000.);
#1780=VECTOR('',#7005,1000.);
#1781=VECTOR('',#7006,1000.);
#1782=VECTOR('',#7007,1000.);
#1783=VECTOR('',#7010,1000.);
#1784=VECTOR('',#7011,1000.);
#1785=VECTOR('',#7014,1000.);
#1786=VECTOR('',#7015,1000.);
#1787=VECTOR('',#7016,1000.);
#1788=VECTOR('',#7021,1000.);
#1789=VECTOR('',#7022,1000.);
#1790=VECTOR('',#7023,1000.);
#1791=VECTOR('',#7024,1000.);
#1792=VECTOR('',#7027,1000.);
#1793=VECTOR('',#7028,1000.);
#1794=VECTOR('',#7029,1000.);
#1795=VECTOR('',#7032,1000.);
#1796=VECTOR('',#7033,1000.);
#1797=VECTOR('',#7038,1000.);
#1798=VECTOR('',#7041,1000.);
#1799=VECTOR('',#7044,1000.);
#1800=VECTOR('',#7049,1000.);
#1801=VECTOR('',#7052,1000.);
#1802=VECTOR('',#7059,3.4);
#1803=VECTOR('',#7064,3.4);
#1804=VECTOR('',#7067,3.4);
#1805=VECTOR('',#7070,3.4);
#1806=VECTOR('',#7073,3.4);
#1807=VECTOR('',#7076,3.4);
#1808=VECTOR('',#7079,3.4);
#1809=VECTOR('',#7082,2.85873412499996);
#1810=VECTOR('',#7083,1000.);
#1811=VECTOR('',#7086,2.85873412499996);
#1812=VECTOR('',#7089,2.85873412499996);
#1813=VECTOR('',#7092,2.85873412499996);
#1814=VECTOR('',#7095,2.85873412499996);
#1815=VECTOR('',#7098,2.85873412499996);
#1816=VECTOR('',#7101,2.85873412499996);
#1817=VECTOR('',#7104,2.85873412499996);
#1818=VECTOR('',#7117,1000.);
#1819=VECTOR('',#7122,10.);
#1820=VECTOR('',#7127,1000.);
#1821=VECTOR('',#7130,1000.);
#1822=VECTOR('',#7135,1000.);
#1823=VECTOR('',#7136,1000.);
#1824=VECTOR('',#7141,1000.);
#1825=VECTOR('',#7142,1000.);
#1826=VECTOR('',#7145,1000.);
#1827=VECTOR('',#7146,1000.);
#1828=VECTOR('',#7147,10.);
#1829=VECTOR('',#7148,10.);
#1830=VECTOR('',#7149,10.);
#1831=VECTOR('',#7150,10.);
#1832=VECTOR('',#7157,1000.);
#1833=VECTOR('',#7160,1000.);
#1834=VECTOR('',#7165,1000.);
#1835=VECTOR('',#7166,1000.);
#1836=VECTOR('',#7171,1000.);
#1837=VECTOR('',#7172,1000.);
#1838=VECTOR('',#7175,1000.);
#1839=VECTOR('',#7176,1000.);
#1840=VECTOR('',#7177,10.);
#1841=VECTOR('',#7178,10.);
#1842=VECTOR('',#7179,10.);
#1843=VECTOR('',#7180,10.);
#1844=VECTOR('',#7185,1000.);
#1845=VECTOR('',#7186,1000.);
#1846=VECTOR('',#7187,1000.);
#1847=VECTOR('',#7188,1000.);
#1848=VECTOR('',#7191,1000.);
#1849=VECTOR('',#7192,1000.);
#1850=VECTOR('',#7193,1000.);
#1851=VECTOR('',#7194,1000.);
#1852=VECTOR('',#7195,1000.);
#1853=VECTOR('',#7198,1000.);
#1854=VECTOR('',#7199,1000.);
#1855=VECTOR('',#7202,1000.);
#1856=VECTOR('',#7203,1000.);
#1857=VECTOR('',#7204,1000.);
#1858=VECTOR('',#7205,1000.);
#1859=VECTOR('',#7208,1000.);
#1860=VECTOR('',#7211,1000.);
#1861=VECTOR('',#7212,1000.);
#1862=VECTOR('',#7213,1000.);
#1863=VECTOR('',#7214,1000.);
#1864=VECTOR('',#7217,1000.);
#1865=VECTOR('',#7218,1000.);
#1866=VECTOR('',#7219,1000.);
#1867=VECTOR('',#7220,1000.);
#1868=VECTOR('',#7221,1000.);
#1869=VECTOR('',#7224,1000.);
#1870=VECTOR('',#7225,1000.);
#1871=VECTOR('',#7228,1000.);
#1872=VECTOR('',#7229,1000.);
#1873=VECTOR('',#7230,1000.);
#1874=VECTOR('',#7231,1000.);
#1875=VECTOR('',#7234,1000.);
#1876=VECTOR('',#7239,1000.);
#1877=VECTOR('',#7240,1000.);
#1878=VECTOR('',#7243,1000.);
#1879=VECTOR('',#7246,1000.);
#1880=VECTOR('',#7249,1000.);
#1881=VECTOR('',#7252,1000.);
#1882=VECTOR('',#7257,1000.);
#1883=VECTOR('',#7258,1000.);
#1884=VECTOR('',#7263,1000.);
#1885=VECTOR('',#7266,1000.);
#1886=VECTOR('',#7271,1000.);
#1887=VECTOR('',#7274,1000.);
#1888=VECTOR('',#7279,1000.);
#1889=VECTOR('',#7282,1000.);
#1890=VECTOR('',#7287,1000.);
#1891=VECTOR('',#7290,1000.);
#1892=VECTOR('',#7295,1000.);
#1893=VECTOR('',#7298,1000.);
#1894=VECTOR('',#7301,1000.);
#1895=VECTOR('',#7304,1000.);
#1896=VECTOR('',#7311,1000.);
#1897=VECTOR('',#7314,1000.);
#1898=VECTOR('',#7319,1000.);
#1899=VECTOR('',#7322,1000.);
#1900=VECTOR('',#7327,1000.);
#1901=VECTOR('',#7330,1000.);
#1902=VECTOR('',#7335,1000.);
#1903=VECTOR('',#7338,1000.);
#1904=VECTOR('',#7343,1000.);
#1905=VECTOR('',#7346,1000.);
#1906=VECTOR('',#7349,1000.);
#1907=VECTOR('',#7352,1000.);
#1908=VECTOR('',#7357,1000.);
#1909=VECTOR('',#7358,1000.);
#1910=VECTOR('',#7359,1000.);
#1911=VECTOR('',#7360,1000.);
#1912=VECTOR('',#7361,1000.);
#1913=VECTOR('',#7362,1000.);
#1914=VECTOR('',#7365,1000.);
#1915=VECTOR('',#7366,1000.);
#1916=VECTOR('',#7367,1000.);
#1917=VECTOR('',#7368,1000.);
#1918=VECTOR('',#7369,1000.);
#1919=VECTOR('',#7370,1000.);
#1920=VECTOR('',#7373,1000.);
#1921=VECTOR('',#7374,1000.);
#1922=VECTOR('',#7377,1000.);
#1923=VECTOR('',#7380,1000.);
#1924=VECTOR('',#7387,1000.);
#1925=VECTOR('',#7390,1000.);
#1926=VECTOR('',#7395,1000.);
#1927=VECTOR('',#7398,1000.);
#1928=VECTOR('',#7403,1000.);
#1929=VECTOR('',#7406,1000.);
#1930=VECTOR('',#7409,1000.);
#1931=VECTOR('',#7410,1000.);
#1932=VECTOR('',#7413,1000.);
#1933=VECTOR('',#7414,1000.);
#1934=VECTOR('',#7417,1000.);
#1935=VECTOR('',#7418,1000.);
#1936=VECTOR('',#7419,1000.);
#1937=VECTOR('',#7420,1000.);
#1938=VECTOR('',#7423,1000.);
#1939=VECTOR('',#7424,1000.);
#1940=VECTOR('',#7425,1000.);
#1941=VECTOR('',#7426,1000.);
#1942=VECTOR('',#7429,1000.);
#1943=VECTOR('',#7430,1000.);
#1944=VECTOR('',#7431,1000.);
#1945=VECTOR('',#7434,1000.);
#1946=VECTOR('',#7435,1000.);
#1947=VECTOR('',#7436,1000.);
#1948=VECTOR('',#7437,1000.);
#1949=VECTOR('',#7440,1000.);
#1950=VECTOR('',#7441,1000.);
#1951=VECTOR('',#7442,1000.);
#1952=VECTOR('',#7445,1000.);
#1953=VECTOR('',#7446,1000.);
#1954=VECTOR('',#7447,1000.);
#1955=VECTOR('',#7450,1000.);
#1956=VECTOR('',#7451,1000.);
#1957=VECTOR('',#7452,1000.);
#1958=VECTOR('',#7455,1000.);
#1959=VECTOR('',#7456,1000.);
#1960=VECTOR('',#7457,1000.);
#1961=VECTOR('',#7460,1000.);
#1962=VECTOR('',#7461,1000.);
#1963=VECTOR('',#7462,1000.);
#1964=VECTOR('',#7463,1000.);
#1965=VECTOR('',#7466,1000.);
#1966=VECTOR('',#7467,1000.);
#1967=VECTOR('',#7468,1000.);
#1968=VECTOR('',#7469,1000.);
#1969=VECTOR('',#7472,1000.);
#1970=VECTOR('',#7473,1000.);
#1971=VECTOR('',#7474,1000.);
#1972=VECTOR('',#7475,1000.);
#1973=VECTOR('',#7476,1000.);
#1974=VECTOR('',#7479,1000.);
#1975=VECTOR('',#7480,1000.);
#1976=VECTOR('',#7483,1000.);
#1977=VECTOR('',#7484,1000.);
#1978=VECTOR('',#7485,1000.);
#1979=VECTOR('',#7486,1000.);
#1980=VECTOR('',#7489,1000.);
#1981=VECTOR('',#7490,1000.);
#1982=VECTOR('',#7491,1000.);
#1983=VECTOR('',#7494,1000.);
#1984=VECTOR('',#7495,1000.);
#1985=VECTOR('',#7496,1000.);
#1986=VECTOR('',#7499,1000.);
#1987=VECTOR('',#7500,1000.);
#1988=VECTOR('',#7501,1000.);
#1989=VECTOR('',#7502,1000.);
#1990=VECTOR('',#7505,1000.);
#1991=VECTOR('',#7506,1000.);
#1992=VECTOR('',#7507,1000.);
#1993=VECTOR('',#7508,1000.);
#1994=VECTOR('',#7511,1000.);
#1995=VECTOR('',#7512,1000.);
#1996=VECTOR('',#7513,1000.);
#1997=VECTOR('',#7514,1000.);
#1998=VECTOR('',#7517,1000.);
#1999=VECTOR('',#7518,1000.);
#2000=VECTOR('',#7519,1000.);
#2001=VECTOR('',#7520,1000.);
#2002=VECTOR('',#7521,1000.);
#2003=VECTOR('',#7522,1000.);
#2004=VECTOR('',#7525,1000.);
#2005=VECTOR('',#7526,1000.);
#2006=VECTOR('',#7527,1000.);
#2007=VECTOR('',#7528,1000.);
#2008=VECTOR('',#7529,1000.);
#2009=VECTOR('',#7530,1000.);
#2010=VECTOR('',#7533,1000.);
#2011=VECTOR('',#7534,1000.);
#2012=VECTOR('',#7539,1000.);
#2013=VECTOR('',#7542,1000.);
#2014=VECTOR('',#7547,1000.);
#2015=VECTOR('',#7550,1000.);
#2016=VECTOR('',#7555,1000.);
#2017=VECTOR('',#7558,1000.);
#2018=VECTOR('',#7563,1000.);
#2019=VECTOR('',#7566,1000.);
#2020=VECTOR('',#7571,1000.);
#2021=VECTOR('',#7574,1000.);
#2022=VECTOR('',#7579,1000.);
#2023=VECTOR('',#7582,1000.);
#2024=VECTOR('',#7587,1000.);
#2025=VECTOR('',#7590,1000.);
#2026=VECTOR('',#7593,1000.);
#2027=VECTOR('',#7594,1000.);
#2028=VECTOR('',#7595,1000.);
#2029=VECTOR('',#7598,1000.);
#2030=VECTOR('',#7599,1000.);
#2031=VECTOR('',#7600,1000.);
#2032=VECTOR('',#7601,1000.);
#2033=VECTOR('',#7604,1000.);
#2034=VECTOR('',#7605,1000.);
#2035=VECTOR('',#7606,1000.);
#2036=VECTOR('',#7609,1000.);
#2037=VECTOR('',#7610,1000.);
#2038=VECTOR('',#7611,1000.);
#2039=VECTOR('',#7612,1000.);
#2040=VECTOR('',#7615,1000.);
#2041=VECTOR('',#7616,1000.);
#2042=VECTOR('',#7619,1000.);
#2043=VECTOR('',#7620,1000.);
#2044=VECTOR('',#7623,1000.);
#2045=VECTOR('',#7624,1000.);
#2046=VECTOR('',#7625,1000.);
#2047=VECTOR('',#7626,1000.);
#2048=VECTOR('',#7629,1000.);
#2049=VECTOR('',#7630,1000.);
#2050=VECTOR('',#7631,1000.);
#2051=VECTOR('',#7634,1000.);
#2052=VECTOR('',#7635,1000.);
#2053=VECTOR('',#7636,1000.);
#2054=VECTOR('',#7639,1000.);
#2055=VECTOR('',#7640,1000.);
#2056=VECTOR('',#7641,1000.);
#2057=VECTOR('',#7644,1000.);
#2058=VECTOR('',#7645,1000.);
#2059=VECTOR('',#7646,1000.);
#2060=VECTOR('',#7647,1000.);
#2061=VECTOR('',#7650,1000.);
#2062=VECTOR('',#7651,1000.);
#2063=VECTOR('',#7654,1000.);
#2064=VECTOR('',#7655,1000.);
#2065=VECTOR('',#7656,1000.);
#2066=VECTOR('',#7659,1000.);
#2067=VECTOR('',#7660,1000.);
#2068=VECTOR('',#7661,1000.);
#2069=VECTOR('',#7662,1000.);
#2070=VECTOR('',#7665,1000.);
#2071=VECTOR('',#7666,1000.);
#2072=VECTOR('',#7669,1000.);
#2073=VECTOR('',#7670,1000.);
#2074=VECTOR('',#7671,1000.);
#2075=VECTOR('',#7672,1000.);
#2076=VECTOR('',#7675,1000.);
#2077=VECTOR('',#7676,1000.);
#2078=VECTOR('',#7679,1000.);
#2079=VECTOR('',#7680,1000.);
#2080=VECTOR('',#7681,1000.);
#2081=VECTOR('',#7682,1000.);
#2082=VECTOR('',#7683,1000.);
#2083=VECTOR('',#7686,1000.);
#2084=VECTOR('',#7687,1000.);
#2085=VECTOR('',#7688,1000.);
#2086=VECTOR('',#7691,1000.);
#2087=VECTOR('',#7692,1000.);
#2088=VECTOR('',#7695,1000.);
#2089=VECTOR('',#7696,1000.);
#2090=VECTOR('',#7699,1000.);
#2091=VECTOR('',#7700,1000.);
#2092=VECTOR('',#7701,1000.);
#2093=VECTOR('',#7702,1000.);
#2094=VECTOR('',#7703,1000.);
#2095=VECTOR('',#7706,1000.);
#2096=VECTOR('',#7707,1000.);
#2097=VECTOR('',#7708,1000.);
#2098=VECTOR('',#7711,1000.);
#2099=VECTOR('',#7712,1000.);
#2100=VECTOR('',#7713,1000.);
#2101=VECTOR('',#7716,1000.);
#2102=VECTOR('',#7719,1000.);
#2103=VECTOR('',#7720,1000.);
#2104=VECTOR('',#7721,1000.);
#2105=VECTOR('',#7722,1000.);
#2106=VECTOR('',#7725,1000.);
#2107=VECTOR('',#7726,1000.);
#2108=VECTOR('',#7727,1000.);
#2109=VECTOR('',#7730,1000.);
#2110=VECTOR('',#7731,1000.);
#2111=VECTOR('',#7732,1000.);
#2112=VECTOR('',#7735,1000.);
#2113=VECTOR('',#7736,1000.);
#2114=VECTOR('',#7737,1000.);
#2115=VECTOR('',#7738,1000.);
#2116=VECTOR('',#7741,1000.);
#2117=VECTOR('',#7742,1000.);
#2118=VECTOR('',#7743,1000.);
#2119=VECTOR('',#7744,1000.);
#2120=VECTOR('',#7747,1000.);
#2121=VECTOR('',#7748,1000.);
#2122=VECTOR('',#7751,1000.);
#2123=VECTOR('',#7752,1000.);
#2124=VECTOR('',#7753,1000.);
#2125=VECTOR('',#7754,1000.);
#2126=VECTOR('',#7755,1000.);
#2127=VECTOR('',#7758,1000.);
#2128=VECTOR('',#7759,1000.);
#2129=VECTOR('',#7760,1000.);
#2130=VECTOR('',#7763,1000.);
#2131=VECTOR('',#7764,1000.);
#2132=VECTOR('',#7767,1000.);
#2133=VECTOR('',#7768,1000.);
#2134=VECTOR('',#7771,1000.);
#2135=VECTOR('',#7772,1000.);
#2136=VECTOR('',#7773,1000.);
#2137=VECTOR('',#7774,1000.);
#2138=VECTOR('',#7775,1000.);
#2139=VECTOR('',#7778,1000.);
#2140=VECTOR('',#7779,1000.);
#2141=VECTOR('',#7780,1000.);
#2142=VECTOR('',#7783,1000.);
#2143=VECTOR('',#7784,1000.);
#2144=VECTOR('',#7785,1000.);
#2145=VECTOR('',#7788,1000.);
#2146=VECTOR('',#7791,1000.);
#2147=VECTOR('',#7792,1000.);
#2148=VECTOR('',#7793,1000.);
#2149=VECTOR('',#7794,1000.);
#2150=VECTOR('',#7797,1000.);
#2151=VECTOR('',#7798,1000.);
#2152=VECTOR('',#7801,1000.);
#2153=VECTOR('',#7802,1000.);
#2154=VECTOR('',#7803,1000.);
#2155=VECTOR('',#7804,1000.);
#2156=VECTOR('',#7807,1000.);
#2157=VECTOR('',#7808,1000.);
#2158=VECTOR('',#7809,1000.);
#2159=VECTOR('',#7812,1000.);
#2160=VECTOR('',#7813,1000.);
#2161=VECTOR('',#7814,1000.);
#2162=VECTOR('',#7815,1000.);
#2163=VECTOR('',#7816,1000.);
#2164=VECTOR('',#7817,1000.);
#2165=VECTOR('',#7820,1000.);
#2166=VECTOR('',#7821,1000.);
#2167=VECTOR('',#7822,1000.);
#2168=VECTOR('',#7823,1000.);
#2169=VECTOR('',#7824,1000.);
#2170=VECTOR('',#7825,1000.);
#2171=VECTOR('',#7828,1000.);
#2172=VECTOR('',#7829,1000.);
#2173=VECTOR('',#7830,1000.);
#2174=VECTOR('',#7831,1000.);
#2175=VECTOR('',#7832,1000.);
#2176=VECTOR('',#7833,1000.);
#2177=VECTOR('',#7836,1000.);
#2178=VECTOR('',#7837,1000.);
#2179=VECTOR('',#7838,1000.);
#2180=VECTOR('',#7839,1000.);
#2181=VECTOR('',#7840,1000.);
#2182=VECTOR('',#7841,1000.);
#2183=VECTOR('',#7850,1000.);
#2184=VECTOR('',#7851,1000.);
#2185=VECTOR('',#7854,1000.);
#2186=VECTOR('',#7855,1000.);
#2187=VECTOR('',#7858,1000.);
#2188=VECTOR('',#7859,1000.);
#2189=VECTOR('',#7862,1000.);
#2190=VECTOR('',#7863,1000.);
#2191=VECTOR('',#7866,1000.);
#2192=VECTOR('',#7867,1000.);
#2193=VECTOR('',#7872,1000.);
#2194=VECTOR('',#7873,1000.);
#2195=VECTOR('',#7876,1000.);
#2196=VECTOR('',#7877,1000.);
#2197=VECTOR('',#7880,1000.);
#2198=VECTOR('',#7881,1000.);
#2199=VECTOR('',#7886,1000.);
#2200=VECTOR('',#7887,1000.);
#2201=VECTOR('',#7888,1000.);
#2202=VECTOR('',#7891,10.);
#2203=VECTOR('',#7892,1000.);
#2204=VECTOR('',#7899,1000.);
#2205=VECTOR('',#7904,1000.);
#2206=VECTOR('',#7907,1000.);
#2207=VECTOR('',#7920,1000.);
#2208=VECTOR('',#7921,1000.);
#2209=VECTOR('',#7922,1000.);
#2210=VECTOR('',#7923,1000.);
#2211=VECTOR('',#7924,1000.);
#2212=VECTOR('',#7925,1000.);
#2213=VECTOR('',#7930,1000.);
#2214=VECTOR('',#7931,1000.);
#2215=VECTOR('',#7932,1000.);
#2216=VECTOR('',#7935,1000.);
#2217=VECTOR('',#7936,1000.);
#2218=VECTOR('',#7937,1000.);
#2219=VECTOR('',#7940,1000.);
#2220=VECTOR('',#7941,1000.);
#2221=VECTOR('',#7942,1000.);
#2222=VECTOR('',#7945,1000.);
#2223=VECTOR('',#7946,1000.);
#2224=VECTOR('',#7947,1000.);
#2225=VECTOR('',#7950,1000.);
#2226=VECTOR('',#7953,1000.);
#2227=VECTOR('',#7956,1000.);
#2228=VECTOR('',#7959,1000.);
#2229=VECTOR('',#7962,1000.);
#2230=VECTOR('',#7965,1000.);
#2231=VECTOR('',#7968,1000.);
#2232=VECTOR('',#7969,1000.);
#2233=VECTOR('',#7970,1000.);
#2234=VECTOR('',#7971,1000.);
#2235=VECTOR('',#7972,1000.);
#2236=VECTOR('',#7973,1000.);
#2237=VECTOR('',#7974,1000.);
#2238=VECTOR('',#7975,1000.);
#2239=VECTOR('',#7976,1000.);
#2240=VECTOR('',#7977,1000.);
#2241=VECTOR('',#7978,1000.);
#2242=VECTOR('',#7981,1000.);
#2243=VECTOR('',#7982,1000.);
#2244=VECTOR('',#7983,1000.);
#2245=VECTOR('',#7984,1000.);
#2246=VECTOR('',#7985,1000.);
#2247=VECTOR('',#7986,1000.);
#2248=VECTOR('',#7987,1000.);
#2249=VECTOR('',#7988,1000.);
#2250=VECTOR('',#7989,1000.);
#2251=VECTOR('',#7992,1000.);
#2252=VECTOR('',#7993,1000.);
#2253=VECTOR('',#7996,1000.);
#2254=VECTOR('',#7999,1000.);
#2255=VECTOR('',#8000,1000.);
#2256=VECTOR('',#8003,1000.);
#2257=VECTOR('',#8004,1000.);
#2258=VECTOR('',#8005,1000.);
#2259=VECTOR('',#8006,1000.);
#2260=VECTOR('',#8009,1000.);
#2261=VECTOR('',#8010,1000.);
#2262=VECTOR('',#8011,1000.);
#2263=VECTOR('',#8012,1000.);
#2264=VECTOR('',#8013,1000.);
#2265=VECTOR('',#8016,1000.);
#2266=VECTOR('',#8017,1000.);
#2267=VECTOR('',#8018,1000.);
#2268=VECTOR('',#8029,1000.);
#2269=VECTOR('',#8030,1000.);
#2270=VECTOR('',#8031,1000.);
#2271=VECTOR('',#8040,1000.);
#2272=VECTOR('',#8043,1000.);
#2273=VECTOR('',#8046,1000.);
#2274=VECTOR('',#8047,1000.);
#2275=VECTOR('',#8056,1000.);
#2276=VECTOR('',#8057,1000.);
#2277=VECTOR('',#8058,1000.);
#2278=VECTOR('',#8059,1000.);
#2279=VECTOR('',#8068,1000.);
#2280=VECTOR('',#8071,1000.);
#2281=VECTOR('',#8074,1000.);
#2282=VECTOR('',#8077,1000.);
#2283=VECTOR('',#8080,1000.);
#2284=VECTOR('',#8083,1000.);
#2285=VECTOR('',#8084,1000.);
#2286=VECTOR('',#8085,1000.);
#2287=VECTOR('',#8086,1000.);
#2288=VECTOR('',#8091,1000.);
#2289=VECTOR('',#8092,1000.);
#2290=VECTOR('',#8093,1000.);
#2291=VECTOR('',#8102,1000.);
#2292=VECTOR('',#8103,1000.);
#2293=VECTOR('',#8104,1000.);
#2294=VECTOR('',#8109,1000.);
#2295=VECTOR('',#8112,1000.);
#2296=VECTOR('',#8115,1000.);
#2297=VECTOR('',#8116,1000.);
#2298=VECTOR('',#8125,1000.);
#2299=VECTOR('',#8126,1000.);
#2300=VECTOR('',#8129,1000.);
#2301=VECTOR('',#8134,1000.);
#2302=VECTOR('',#8135,1000.);
#2303=VECTOR('',#8138,1000.);
#2304=VECTOR('',#8139,1000.);
#2305=VECTOR('',#8142,1000.);
#2306=VECTOR('',#8145,1000.);
#2307=VECTOR('',#8156,1.75);
#2308=VECTOR('',#8173,3.);
#2309=VERTEX_POINT('',#8176);
#2310=VERTEX_POINT('',#8177);
#2311=VERTEX_POINT('',#8179);
#2312=VERTEX_POINT('',#8181);
#2313=VERTEX_POINT('',#8183);
#2314=VERTEX_POINT('',#8185);
#2315=VERTEX_POINT('',#8187);
#2316=VERTEX_POINT('',#8189);
#2317=VERTEX_POINT('',#8191);
#2318=VERTEX_POINT('',#8193);
#2319=VERTEX_POINT('',#8197);
#2320=VERTEX_POINT('',#8199);
#2321=VERTEX_POINT('',#8201);
#2322=VERTEX_POINT('',#8203);
#2323=VERTEX_POINT('',#8205);
#2324=VERTEX_POINT('',#8209);
#2325=VERTEX_POINT('',#8210);
#2326=VERTEX_POINT('',#8212);
#2327=VERTEX_POINT('',#8214);
#2328=VERTEX_POINT('',#8216);
#2329=VERTEX_POINT('',#8218);
#2330=VERTEX_POINT('',#8221);
#2331=VERTEX_POINT('',#8223);
#2332=VERTEX_POINT('',#8230);
#2333=VERTEX_POINT('',#8232);
#2334=VERTEX_POINT('',#8236);
#2335=VERTEX_POINT('',#8238);
#2336=VERTEX_POINT('',#8242);
#2337=VERTEX_POINT('',#8244);
#2338=VERTEX_POINT('',#8248);
#2339=VERTEX_POINT('',#8268);
#2340=VERTEX_POINT('',#8269);
#2341=VERTEX_POINT('',#8271);
#2342=VERTEX_POINT('',#8273);
#2343=VERTEX_POINT('',#8275);
#2344=VERTEX_POINT('',#8277);
#2345=VERTEX_POINT('',#8279);
#2346=VERTEX_POINT('',#8283);
#2347=VERTEX_POINT('',#8284);
#2348=VERTEX_POINT('',#8287);
#2349=VERTEX_POINT('',#8289);
#2350=VERTEX_POINT('',#8291);
#2351=VERTEX_POINT('',#8293);
#2352=VERTEX_POINT('',#8295);
#2353=VERTEX_POINT('',#8297);
#2354=VERTEX_POINT('',#8301);
#2355=VERTEX_POINT('',#8303);
#2356=VERTEX_POINT('',#8305);
#2357=VERTEX_POINT('',#8307);
#2358=VERTEX_POINT('',#8309);
#2359=VERTEX_POINT('',#8311);
#2360=VERTEX_POINT('',#8313);
#2361=VERTEX_POINT('',#8315);
#2362=VERTEX_POINT('',#8322);
#2363=VERTEX_POINT('',#8324);
#2364=VERTEX_POINT('',#8328);
#2365=VERTEX_POINT('',#8330);
#2366=VERTEX_POINT('',#8334);
#2367=VERTEX_POINT('',#8336);
#2368=VERTEX_POINT('',#8340);
#2369=VERTEX_POINT('',#8360);
#2370=VERTEX_POINT('',#8361);
#2371=VERTEX_POINT('',#8363);
#2372=VERTEX_POINT('',#8365);
#2373=VERTEX_POINT('',#8367);
#2374=VERTEX_POINT('',#8369);
#2375=VERTEX_POINT('',#8371);
#2376=VERTEX_POINT('',#8373);
#2377=VERTEX_POINT('',#8375);
#2378=VERTEX_POINT('',#8377);
#2379=VERTEX_POINT('',#8381);
#2380=VERTEX_POINT('',#8383);
#2381=VERTEX_POINT('',#8385);
#2382=VERTEX_POINT('',#8387);
#2383=VERTEX_POINT('',#8389);
#2384=VERTEX_POINT('',#8393);
#2385=VERTEX_POINT('',#8395);
#2386=VERTEX_POINT('',#8397);
#2387=VERTEX_POINT('',#8399);
#2388=VERTEX_POINT('',#8401);
#2389=VERTEX_POINT('',#8403);
#2390=VERTEX_POINT('',#8405);
#2391=VERTEX_POINT('',#8407);
#2392=VERTEX_POINT('',#8414);
#2393=VERTEX_POINT('',#8416);
#2394=VERTEX_POINT('',#8420);
#2395=VERTEX_POINT('',#8440);
#2396=VERTEX_POINT('',#8441);
#2397=VERTEX_POINT('',#8443);
#2398=VERTEX_POINT('',#8445);
#2399=VERTEX_POINT('',#8447);
#2400=VERTEX_POINT('',#8449);
#2401=VERTEX_POINT('',#8451);
#2402=VERTEX_POINT('',#8455);
#2403=VERTEX_POINT('',#8457);
#2404=VERTEX_POINT('',#8459);
#2405=VERTEX_POINT('',#8461);
#2406=VERTEX_POINT('',#8463);
#2407=VERTEX_POINT('',#8465);
#2408=VERTEX_POINT('',#8467);
#2409=VERTEX_POINT('',#8469);
#2410=VERTEX_POINT('',#8473);
#2411=VERTEX_POINT('',#8475);
#2412=VERTEX_POINT('',#8477);
#2413=VERTEX_POINT('',#8479);
#2414=VERTEX_POINT('',#8481);
#2415=VERTEX_POINT('',#8483);
#2416=VERTEX_POINT('',#8485);
#2417=VERTEX_POINT('',#8487);
#2418=VERTEX_POINT('',#8494);
#2419=VERTEX_POINT('',#8495);
#2420=VERTEX_POINT('',#8497);
#2421=VERTEX_POINT('',#8499);
#2422=VERTEX_POINT('',#8503);
#2423=VERTEX_POINT('',#8505);
#2424=VERTEX_POINT('',#8512);
#2425=VERTEX_POINT('',#8532);
#2426=VERTEX_POINT('',#8533);
#2427=VERTEX_POINT('',#8535);
#2428=VERTEX_POINT('',#8537);
#2429=VERTEX_POINT('',#8539);
#2430=VERTEX_POINT('',#8541);
#2431=VERTEX_POINT('',#8543);
#2432=VERTEX_POINT('',#8547);
#2433=VERTEX_POINT('',#8549);
#2434=VERTEX_POINT('',#8551);
#2435=VERTEX_POINT('',#8553);
#2436=VERTEX_POINT('',#8555);
#2437=VERTEX_POINT('',#8557);
#2438=VERTEX_POINT('',#8559);
#2439=VERTEX_POINT('',#8561);
#2440=VERTEX_POINT('',#8565);
#2441=VERTEX_POINT('',#8566);
#2442=VERTEX_POINT('',#8568);
#2443=VERTEX_POINT('',#8570);
#2444=VERTEX_POINT('',#8572);
#2445=VERTEX_POINT('',#8574);
#2446=VERTEX_POINT('',#8577);
#2447=VERTEX_POINT('',#8579);
#2448=VERTEX_POINT('',#8586);
#2449=VERTEX_POINT('',#8588);
#2450=VERTEX_POINT('',#8592);
#2451=VERTEX_POINT('',#8594);
#2452=VERTEX_POINT('',#8596);
#2453=VERTEX_POINT('',#8601);
#2454=VERTEX_POINT('',#8603);
#2455=VERTEX_POINT('',#8624);
#2456=VERTEX_POINT('',#8625);
#2457=VERTEX_POINT('',#8627);
#2458=VERTEX_POINT('',#8656);
#2459=VERTEX_POINT('',#8683);
#2460=VERTEX_POINT('',#8684);
#2461=VERTEX_POINT('',#8759);
#2462=VERTEX_POINT('',#8760);
#2463=VERTEX_POINT('',#8835);
#2464=VERTEX_POINT('',#8836);
#2465=VERTEX_POINT('',#8911);
#2466=VERTEX_POINT('',#8912);
#2467=VERTEX_POINT('',#8987);
#2468=VERTEX_POINT('',#8988);
#2469=VERTEX_POINT('',#9063);
#2470=VERTEX_POINT('',#9064);
#2471=VERTEX_POINT('',#9139);
#2472=VERTEX_POINT('',#9140);
#2473=VERTEX_POINT('',#9142);
#2474=VERTEX_POINT('',#9152);
#2475=VERTEX_POINT('',#9164);
#2476=VERTEX_POINT('',#9165);
#2477=VERTEX_POINT('',#9202);
#2478=VERTEX_POINT('',#9203);
#2479=VERTEX_POINT('',#9240);
#2480=VERTEX_POINT('',#9241);
#2481=VERTEX_POINT('',#9278);
#2482=VERTEX_POINT('',#9279);
#2483=VERTEX_POINT('',#9316);
#2484=VERTEX_POINT('',#9317);
#2485=VERTEX_POINT('',#9354);
#2486=VERTEX_POINT('',#9355);
#2487=VERTEX_POINT('',#9392);
#2488=VERTEX_POINT('',#9393);
#2489=VERTEX_POINT('',#9395);
#2490=VERTEX_POINT('',#9430);
#2491=VERTEX_POINT('',#9431);
#2492=VERTEX_POINT('',#9433);
#2493=VERTEX_POINT('',#9437);
#2494=VERTEX_POINT('',#9439);
#2495=VERTEX_POINT('',#9447);
#2496=VERTEX_POINT('',#9448);
#2497=VERTEX_POINT('',#9452);
#2498=VERTEX_POINT('',#9453);
#2499=VERTEX_POINT('',#9455);
#2500=VERTEX_POINT('',#9457);
#2501=VERTEX_POINT('',#9461);
#2502=VERTEX_POINT('',#9462);
#2503=VERTEX_POINT('',#9467);
#2504=VERTEX_POINT('',#9468);
#2505=VERTEX_POINT('',#9481);
#2506=VERTEX_POINT('',#9490);
#2507=VERTEX_POINT('',#9506);
#2508=VERTEX_POINT('',#9522);
#2509=VERTEX_POINT('',#9541);
#2510=VERTEX_POINT('',#9542);
#2511=VERTEX_POINT('',#9544);
#2512=VERTEX_POINT('',#9546);
#2513=VERTEX_POINT('',#9550);
#2514=VERTEX_POINT('',#9551);
#2515=VERTEX_POINT('',#9556);
#2516=VERTEX_POINT('',#9557);
#2517=VERTEX_POINT('',#9570);
#2518=VERTEX_POINT('',#9579);
#2519=VERTEX_POINT('',#9595);
#2520=VERTEX_POINT('',#9611);
#2521=VERTEX_POINT('',#9630);
#2522=VERTEX_POINT('',#9631);
#2523=VERTEX_POINT('',#9633);
#2524=VERTEX_POINT('',#9635);
#2525=VERTEX_POINT('',#9639);
#2526=VERTEX_POINT('',#9640);
#2527=VERTEX_POINT('',#9642);
#2528=VERTEX_POINT('',#9645);
#2529=VERTEX_POINT('',#9649);
#2530=VERTEX_POINT('',#9653);
#2531=VERTEX_POINT('',#9654);
#2532=VERTEX_POINT('',#9656);
#2533=VERTEX_POINT('',#9663);
#2534=VERTEX_POINT('',#9664);
#2535=VERTEX_POINT('',#9666);
#2536=VERTEX_POINT('',#9668);
#2537=VERTEX_POINT('',#9672);
#2538=VERTEX_POINT('',#9673);
#2539=VERTEX_POINT('',#9675);
#2540=VERTEX_POINT('',#9678);
#2541=VERTEX_POINT('',#9682);
#2542=VERTEX_POINT('',#9686);
#2543=VERTEX_POINT('',#9687);
#2544=VERTEX_POINT('',#9689);
#2545=VERTEX_POINT('',#9696);
#2546=VERTEX_POINT('',#9697);
#2547=VERTEX_POINT('',#9699);
#2548=VERTEX_POINT('',#9701);
#2549=VERTEX_POINT('',#9710);
#2550=VERTEX_POINT('',#9711);
#2551=VERTEX_POINT('',#9718);
#2552=VERTEX_POINT('',#9720);
#2553=VERTEX_POINT('',#9724);
#2554=VERTEX_POINT('',#9725);
#2555=VERTEX_POINT('',#9732);
#2556=VERTEX_POINT('',#9734);
#2557=VERTEX_POINT('',#9738);
#2558=VERTEX_POINT('',#9739);
#2559=VERTEX_POINT('',#9741);
#2560=VERTEX_POINT('',#9743);
#2561=VERTEX_POINT('',#9752);
#2562=VERTEX_POINT('',#9753);
#2563=VERTEX_POINT('',#9755);
#2564=VERTEX_POINT('',#9757);
#2565=VERTEX_POINT('',#9761);
#2566=VERTEX_POINT('',#9762);
#2567=VERTEX_POINT('',#9764);
#2568=VERTEX_POINT('',#9766);
#2569=VERTEX_POINT('',#9770);
#2570=VERTEX_POINT('',#9772);
#2571=VERTEX_POINT('',#9774);
#2572=VERTEX_POINT('',#9778);
#2573=VERTEX_POINT('',#9779);
#2574=VERTEX_POINT('',#9781);
#2575=VERTEX_POINT('',#9783);
#2576=VERTEX_POINT('',#9787);
#2577=VERTEX_POINT('',#9788);
#2578=VERTEX_POINT('',#9790);
#2579=VERTEX_POINT('',#9792);
#2580=VERTEX_POINT('',#9796);
#2581=VERTEX_POINT('',#9798);
#2582=VERTEX_POINT('',#9800);
#2583=VERTEX_POINT('',#9804);
#2584=VERTEX_POINT('',#9805);
#2585=VERTEX_POINT('',#9807);
#2586=VERTEX_POINT('',#9809);
#2587=VERTEX_POINT('',#9813);
#2588=VERTEX_POINT('',#9814);
#2589=VERTEX_POINT('',#9816);
#2590=VERTEX_POINT('',#9818);
#2591=VERTEX_POINT('',#9822);
#2592=VERTEX_POINT('',#9824);
#2593=VERTEX_POINT('',#9826);
#2594=VERTEX_POINT('',#9830);
#2595=VERTEX_POINT('',#9831);
#2596=VERTEX_POINT('',#9833);
#2597=VERTEX_POINT('',#9835);
#2598=VERTEX_POINT('',#9839);
#2599=VERTEX_POINT('',#9840);
#2600=VERTEX_POINT('',#9842);
#2601=VERTEX_POINT('',#9844);
#2602=VERTEX_POINT('',#9848);
#2603=VERTEX_POINT('',#9850);
#2604=VERTEX_POINT('',#9852);
#2605=VERTEX_POINT('',#9857);
#2606=VERTEX_POINT('',#9859);
#2607=VERTEX_POINT('',#9861);
#2608=VERTEX_POINT('',#9863);
#2609=VERTEX_POINT('',#9867);
#2610=VERTEX_POINT('',#9870);
#2611=VERTEX_POINT('',#9872);
#2612=VERTEX_POINT('',#9874);
#2613=VERTEX_POINT('',#9881);
#2614=VERTEX_POINT('',#9882);
#2615=VERTEX_POINT('',#9884);
#2616=VERTEX_POINT('',#9886);
#2617=VERTEX_POINT('',#9890);
#2618=VERTEX_POINT('',#9891);
#2619=VERTEX_POINT('',#9893);
#2620=VERTEX_POINT('',#9895);
#2621=VERTEX_POINT('',#9899);
#2622=VERTEX_POINT('',#9900);
#2623=VERTEX_POINT('',#9902);
#2624=VERTEX_POINT('',#9904);
#2625=VERTEX_POINT('',#9908);
#2626=VERTEX_POINT('',#9909);
#2627=VERTEX_POINT('',#9911);
#2628=VERTEX_POINT('',#9913);
#2629=VERTEX_POINT('',#9923);
#2630=VERTEX_POINT('',#9924);
#2631=VERTEX_POINT('',#9926);
#2632=VERTEX_POINT('',#9928);
#2633=VERTEX_POINT('',#9932);
#2634=VERTEX_POINT('',#9933);
#2635=VERTEX_POINT('',#9935);
#2636=VERTEX_POINT('',#9937);
#2637=VERTEX_POINT('',#9941);
#2638=VERTEX_POINT('',#9943);
#2639=VERTEX_POINT('',#9947);
#2640=VERTEX_POINT('',#9948);
#2641=VERTEX_POINT('',#9950);
#2642=VERTEX_POINT('',#9952);
#2643=VERTEX_POINT('',#9956);
#2644=VERTEX_POINT('',#9958);
#2645=VERTEX_POINT('',#9962);
#2646=VERTEX_POINT('',#9964);
#2647=VERTEX_POINT('',#9968);
#2648=VERTEX_POINT('',#9969);
#2649=VERTEX_POINT('',#9974);
#2650=VERTEX_POINT('',#9975);
#2651=VERTEX_POINT('',#9981);
#2652=VERTEX_POINT('',#9983);
#2653=VERTEX_POINT('',#9987);
#2654=VERTEX_POINT('',#9988);
#2655=VERTEX_POINT('',#9990);
#2656=VERTEX_POINT('',#9992);
#2657=VERTEX_POINT('',#9996);
#2658=VERTEX_POINT('',#9998);
#2659=VERTEX_POINT('',#10000);
#2660=VERTEX_POINT('',#10002);
#2661=VERTEX_POINT('',#10006);
#2662=VERTEX_POINT('',#10010);
#2663=VERTEX_POINT('',#10011);
#2664=VERTEX_POINT('',#10013);
#2665=VERTEX_POINT('',#10015);
#2666=VERTEX_POINT('',#10019);
#2667=VERTEX_POINT('',#10021);
#2668=VERTEX_POINT('',#10025);
#2669=VERTEX_POINT('',#10030);
#2670=VERTEX_POINT('',#10031);
#2671=VERTEX_POINT('',#10033);
#2672=VERTEX_POINT('',#10035);
#2673=VERTEX_POINT('',#10039);
#2674=VERTEX_POINT('',#10041);
#2675=VERTEX_POINT('',#10043);
#2676=VERTEX_POINT('',#10047);
#2677=VERTEX_POINT('',#10049);
#2678=VERTEX_POINT('',#10051);
#2679=VERTEX_POINT('',#10055);
#2680=VERTEX_POINT('',#10058);
#2681=VERTEX_POINT('',#10060);
#2682=VERTEX_POINT('',#10062);
#2683=VERTEX_POINT('',#10067);
#2684=VERTEX_POINT('',#10069);
#2685=VERTEX_POINT('',#10071);
#2686=VERTEX_POINT('',#10073);
#2687=VERTEX_POINT('',#10080);
#2688=VERTEX_POINT('',#10081);
#2689=VERTEX_POINT('',#10083);
#2690=VERTEX_POINT('',#10085);
#2691=VERTEX_POINT('',#10089);
#2692=VERTEX_POINT('',#10090);
#2693=VERTEX_POINT('',#10092);
#2694=VERTEX_POINT('',#10094);
#2695=VERTEX_POINT('',#10098);
#2696=VERTEX_POINT('',#10099);
#2697=VERTEX_POINT('',#10101);
#2698=VERTEX_POINT('',#10103);
#2699=VERTEX_POINT('',#10107);
#2700=VERTEX_POINT('',#10108);
#2701=VERTEX_POINT('',#10110);
#2702=VERTEX_POINT('',#10112);
#2703=VERTEX_POINT('',#10116);
#2704=VERTEX_POINT('',#10117);
#2705=VERTEX_POINT('',#10119);
#2706=VERTEX_POINT('',#10121);
#2707=VERTEX_POINT('',#10125);
#2708=VERTEX_POINT('',#10126);
#2709=VERTEX_POINT('',#10128);
#2710=VERTEX_POINT('',#10130);
#2711=VERTEX_POINT('',#10134);
#2712=VERTEX_POINT('',#10135);
#2713=VERTEX_POINT('',#10137);
#2714=VERTEX_POINT('',#10139);
#2715=VERTEX_POINT('',#10143);
#2716=VERTEX_POINT('',#10145);
#2717=VERTEX_POINT('',#10149);
#2718=VERTEX_POINT('',#10150);
#2719=VERTEX_POINT('',#10152);
#2720=VERTEX_POINT('',#10154);
#2721=VERTEX_POINT('',#10158);
#2722=VERTEX_POINT('',#10160);
#2723=VERTEX_POINT('',#10164);
#2724=VERTEX_POINT('',#10165);
#2725=VERTEX_POINT('',#10167);
#2726=VERTEX_POINT('',#10169);
#2727=VERTEX_POINT('',#10179);
#2728=VERTEX_POINT('',#10180);
#2729=VERTEX_POINT('',#10182);
#2730=VERTEX_POINT('',#10184);
#2731=VERTEX_POINT('',#10188);
#2732=VERTEX_POINT('',#10190);
#2733=VERTEX_POINT('',#10194);
#2734=VERTEX_POINT('',#10196);
#2735=VERTEX_POINT('',#10200);
#2736=VERTEX_POINT('',#10202);
#2737=VERTEX_POINT('',#10206);
#2738=VERTEX_POINT('',#10209);
#2739=VERTEX_POINT('',#10216);
#2740=VERTEX_POINT('',#10218);
#2741=VERTEX_POINT('',#10222);
#2742=VERTEX_POINT('',#10224);
#2743=VERTEX_POINT('',#10226);
#2744=VERTEX_POINT('',#10233);
#2745=VERTEX_POINT('',#10235);
#2746=VERTEX_POINT('',#10240);
#2747=VERTEX_POINT('',#10244);
#2748=VERTEX_POINT('',#10245);
#2749=VERTEX_POINT('',#10247);
#2750=VERTEX_POINT('',#10249);
#2751=VERTEX_POINT('',#10251);
#2752=VERTEX_POINT('',#10255);
#2753=VERTEX_POINT('',#10256);
#2754=VERTEX_POINT('',#10261);
#2755=VERTEX_POINT('',#10265);
#2756=VERTEX_POINT('',#10269);
#2757=VERTEX_POINT('',#10270);
#2758=VERTEX_POINT('',#10272);
#2759=VERTEX_POINT('',#10274);
#2760=VERTEX_POINT('',#10276);
#2761=VERTEX_POINT('',#10280);
#2762=VERTEX_POINT('',#10281);
#2763=VERTEX_POINT('',#10286);
#2764=VERTEX_POINT('',#10287);
#2765=VERTEX_POINT('',#10294);
#2766=VERTEX_POINT('',#10295);
#2767=VERTEX_POINT('',#10297);
#2768=VERTEX_POINT('',#10299);
#2769=VERTEX_POINT('',#10303);
#2770=VERTEX_POINT('',#10305);
#2771=VERTEX_POINT('',#10309);
#2772=VERTEX_POINT('',#10311);
#2773=VERTEX_POINT('',#10315);
#2774=VERTEX_POINT('',#10316);
#2775=VERTEX_POINT('',#10318);
#2776=VERTEX_POINT('',#10320);
#2777=VERTEX_POINT('',#10324);
#2778=VERTEX_POINT('',#10325);
#2779=VERTEX_POINT('',#10327);
#2780=VERTEX_POINT('',#10329);
#2781=VERTEX_POINT('',#10336);
#2782=VERTEX_POINT('',#10337);
#2783=VERTEX_POINT('',#10339);
#2784=VERTEX_POINT('',#10341);
#2785=VERTEX_POINT('',#10343);
#2786=VERTEX_POINT('',#10347);
#2787=VERTEX_POINT('',#10348);
#2788=VERTEX_POINT('',#10353);
#2789=VERTEX_POINT('',#10357);
#2790=VERTEX_POINT('',#10361);
#2791=VERTEX_POINT('',#10362);
#2792=VERTEX_POINT('',#10364);
#2793=VERTEX_POINT('',#10366);
#2794=VERTEX_POINT('',#10368);
#2795=VERTEX_POINT('',#10372);
#2796=VERTEX_POINT('',#10373);
#2797=VERTEX_POINT('',#10378);
#2798=VERTEX_POINT('',#10379);
#2799=VERTEX_POINT('',#10386);
#2800=VERTEX_POINT('',#10387);
#2801=VERTEX_POINT('',#10389);
#2802=VERTEX_POINT('',#10391);
#2803=VERTEX_POINT('',#10395);
#2804=VERTEX_POINT('',#10399);
#2805=VERTEX_POINT('',#10401);
#2806=VERTEX_POINT('',#10403);
#2807=VERTEX_POINT('',#10407);
#2808=VERTEX_POINT('',#10409);
#2809=VERTEX_POINT('',#10414);
#2810=VERTEX_POINT('',#10416);
#2811=VERTEX_POINT('',#10418);
#2812=VERTEX_POINT('',#10420);
#2813=VERTEX_POINT('',#10424);
#2814=VERTEX_POINT('',#10427);
#2815=VERTEX_POINT('',#10429);
#2816=VERTEX_POINT('',#10431);
#2817=VERTEX_POINT('',#10436);
#2818=VERTEX_POINT('',#10438);
#2819=VERTEX_POINT('',#10440);
#2820=VERTEX_POINT('',#10442);
#2821=VERTEX_POINT('',#10446);
#2822=VERTEX_POINT('',#10449);
#2823=VERTEX_POINT('',#10451);
#2824=VERTEX_POINT('',#10453);
#2825=VERTEX_POINT('',#10466);
#2826=VERTEX_POINT('',#10468);
#2827=VERTEX_POINT('',#10470);
#2828=VERTEX_POINT('',#10472);
#2829=VERTEX_POINT('',#10480);
#2830=VERTEX_POINT('',#10482);
#2831=VERTEX_POINT('',#10484);
#2832=VERTEX_POINT('',#10486);
#2833=VERTEX_POINT('',#10493);
#2834=VERTEX_POINT('',#10494);
#2835=VERTEX_POINT('',#10503);
#2836=VERTEX_POINT('',#10505);
#2837=VERTEX_POINT('',#10765);
#2838=VERTEX_POINT('',#10769);
#2839=VERTEX_POINT('',#10771);
#2840=VERTEX_POINT('',#11094);
#2841=VERTEX_POINT('',#11129);
#2842=VERTEX_POINT('',#11132);
#2843=VERTEX_POINT('',#11133);
#2844=VERTEX_POINT('',#11135);
#2845=VERTEX_POINT('',#11137);
#2846=VERTEX_POINT('',#11140);
#2847=VERTEX_POINT('',#11142);
#2848=VERTEX_POINT('',#11147);
#2849=VERTEX_POINT('',#11149);
#2850=VERTEX_POINT('',#11154);
#2851=VERTEX_POINT('',#11158);
#2852=VERTEX_POINT('',#11160);
#2853=VERTEX_POINT('',#11164);
#2854=VERTEX_POINT('',#11183);
#2855=VERTEX_POINT('',#11185);
#2856=VERTEX_POINT('',#11189);
#2857=VERTEX_POINT('',#11191);
#2858=VERTEX_POINT('',#11199);
#2859=VERTEX_POINT('',#11203);
#2860=VERTEX_POINT('',#11217);
#2861=VERTEX_POINT('',#11220);
#2862=VERTEX_POINT('',#11230);
#2863=VERTEX_POINT('',#11232);
#2864=VERTEX_POINT('',#11234);
#2865=VERTEX_POINT('',#11240);
#2866=VERTEX_POINT('',#11242);
#2867=VERTEX_POINT('',#11244);
#2868=VERTEX_POINT('',#11279);
#2869=VERTEX_POINT('',#11282);
#2870=VERTEX_POINT('',#11289);
#2871=VERTEX_POINT('',#11294);
#2872=EDGE_CURVE('',#2309,#2310,#877,.T.);
#2873=EDGE_CURVE('',#2310,#2311,#878,.T.);
#2874=EDGE_CURVE('',#2312,#2311,#879,.T.);
#2875=EDGE_CURVE('',#2312,#2313,#880,.T.);
#2876=EDGE_CURVE('',#2313,#2314,#881,.T.);
#2877=EDGE_CURVE('',#2314,#2315,#882,.T.);
#2878=EDGE_CURVE('',#2316,#2315,#883,.T.);
#2879=EDGE_CURVE('',#2317,#2316,#884,.T.);
#2880=EDGE_CURVE('',#2318,#2317,#885,.T.);
#2881=EDGE_CURVE('',#2309,#2318,#886,.T.);
#2882=EDGE_CURVE('',#2311,#2319,#162,.T.);
#2883=EDGE_CURVE('',#2319,#2320,#887,.T.);
#2884=EDGE_CURVE('',#2321,#2320,#888,.T.);
#2885=EDGE_CURVE('',#2322,#2321,#889,.T.);
#2886=EDGE_CURVE('',#2323,#2322,#890,.T.);
#2887=EDGE_CURVE('',#2323,#2312,#891,.T.);
#2888=EDGE_CURVE('',#2324,#2325,#892,.T.);
#2889=EDGE_CURVE('',#2326,#2324,#893,.T.);
#2890=EDGE_CURVE('',#2327,#2326,#894,.T.);
#2891=EDGE_CURVE('',#2327,#2328,#895,.T.);
#2892=EDGE_CURVE('',#2328,#2329,#896,.T.);
#2893=EDGE_CURVE('',#2329,#2323,#897,.T.);
#2894=EDGE_CURVE('',#2322,#2330,#898,.T.);
#2895=EDGE_CURVE('',#2331,#2330,#899,.T.);
#2896=EDGE_CURVE('',#2325,#2331,#900,.T.);
#2897=EDGE_CURVE('',#2326,#2316,#901,.T.);
#2898=EDGE_CURVE('',#2327,#2315,#902,.T.);
#2899=EDGE_CURVE('',#2320,#2332,#903,.T.);
#2900=EDGE_CURVE('',#2333,#2332,#904,.T.);
#2901=EDGE_CURVE('',#2321,#2333,#905,.T.);
#2902=EDGE_CURVE('',#2332,#2334,#906,.T.);
#2903=EDGE_CURVE('',#2335,#2334,#907,.T.);
#2904=EDGE_CURVE('',#2333,#2335,#908,.T.);
#2905=EDGE_CURVE('',#2334,#2336,#909,.T.);
#2906=EDGE_CURVE('',#2337,#2336,#910,.T.);
#2907=EDGE_CURVE('',#2335,#2337,#911,.T.);
#2908=EDGE_CURVE('',#2336,#2338,#912,.T.);
#2909=EDGE_CURVE('',#2338,#2310,#163,.T.);
#2910=EDGE_CURVE('',#2331,#2309,#913,.T.);
#2911=EDGE_CURVE('',#2337,#2330,#914,.T.);
#2912=EDGE_CURVE('',#2319,#2338,#915,.T.);
#2913=EDGE_CURVE('',#2328,#2314,#916,.T.);
#2914=EDGE_CURVE('',#2329,#2313,#917,.T.);
#2915=EDGE_CURVE('',#2324,#2317,#918,.T.);
#2916=EDGE_CURVE('',#2325,#2318,#919,.T.);
#2917=EDGE_CURVE('',#2339,#2340,#920,.T.);
#2918=EDGE_CURVE('',#2340,#2341,#164,.T.);
#2919=EDGE_CURVE('',#2342,#2341,#921,.T.);
#2920=EDGE_CURVE('',#2343,#2342,#922,.T.);
#2921=EDGE_CURVE('',#2343,#2344,#923,.T.);
#2922=EDGE_CURVE('',#2345,#2344,#924,.T.);
#2923=EDGE_CURVE('',#2345,#2339,#925,.T.);
#2924=EDGE_CURVE('',#2346,#2347,#926,.T.);
#2925=EDGE_CURVE('',#2347,#2340,#927,.T.);
#2926=EDGE_CURVE('',#2339,#2348,#928,.T.);
#2927=EDGE_CURVE('',#2348,#2349,#929,.T.);
#2928=EDGE_CURVE('',#2349,#2350,#930,.T.);
#2929=EDGE_CURVE('',#2351,#2350,#931,.T.);
#2930=EDGE_CURVE('',#2352,#2351,#932,.T.);
#2931=EDGE_CURVE('',#2353,#2352,#933,.T.);
#2932=EDGE_CURVE('',#2346,#2353,#934,.T.);
#2933=EDGE_CURVE('',#2354,#2345,#935,.T.);
#2934=EDGE_CURVE('',#2344,#2355,#936,.T.);
#2935=EDGE_CURVE('',#2356,#2355,#937,.T.);
#2936=EDGE_CURVE('',#2357,#2356,#938,.T.);
#2937=EDGE_CURVE('',#2358,#2357,#939,.T.);
#2938=EDGE_CURVE('',#2359,#2358,#940,.T.);
#2939=EDGE_CURVE('',#2360,#2359,#941,.T.);
#2940=EDGE_CURVE('',#2360,#2361,#942,.T.);
#2941=EDGE_CURVE('',#2361,#2354,#943,.T.);
#2942=EDGE_CURVE('',#2360,#2350,#944,.T.);
#2943=EDGE_CURVE('',#2359,#2351,#945,.T.);
#2944=EDGE_CURVE('',#2342,#2362,#946,.T.);
#2945=EDGE_CURVE('',#2363,#2362,#947,.T.);
#2946=EDGE_CURVE('',#2343,#2363,#948,.T.);
#2947=EDGE_CURVE('',#2364,#2362,#949,.T.);
#2948=EDGE_CURVE('',#2365,#2364,#950,.T.);
#2949=EDGE_CURVE('',#2365,#2363,#951,.T.);
#2950=EDGE_CURVE('',#2366,#2364,#952,.T.);
#2951=EDGE_CURVE('',#2367,#2366,#953,.T.);
#2952=EDGE_CURVE('',#2367,#2365,#954,.T.);
#2953=EDGE_CURVE('',#2368,#2366,#955,.T.);
#2954=EDGE_CURVE('',#2368,#2347,#165,.T.);
#2955=EDGE_CURVE('',#2356,#2346,#956,.T.);
#2956=EDGE_CURVE('',#2355,#2367,#957,.T.);
#2957=EDGE_CURVE('',#2341,#2368,#958,.T.);
#2958=EDGE_CURVE('',#2358,#2352,#959,.T.);
#2959=EDGE_CURVE('',#2357,#2353,#960,.T.);
#2960=EDGE_CURVE('',#2361,#2349,#961,.T.);
#2961=EDGE_CURVE('',#2354,#2348,#962,.T.);
#2962=EDGE_CURVE('',#2369,#2370,#963,.T.);
#2963=EDGE_CURVE('',#2370,#2371,#964,.T.);
#2964=EDGE_CURVE('',#2372,#2371,#965,.T.);
#2965=EDGE_CURVE('',#2372,#2373,#966,.T.);
#2966=EDGE_CURVE('',#2373,#2374,#967,.T.);
#2967=EDGE_CURVE('',#2374,#2375,#968,.T.);
#2968=EDGE_CURVE('',#2376,#2375,#969,.T.);
#2969=EDGE_CURVE('',#2377,#2376,#970,.T.);
#2970=EDGE_CURVE('',#2378,#2377,#971,.T.);
#2971=EDGE_CURVE('',#2369,#2378,#972,.T.);
#2972=EDGE_CURVE('',#2371,#2379,#166,.T.);
#2973=EDGE_CURVE('',#2379,#2380,#973,.T.);
#2974=EDGE_CURVE('',#2381,#2380,#974,.T.);
#2975=EDGE_CURVE('',#2382,#2381,#975,.T.);
#2976=EDGE_CURVE('',#2383,#2382,#976,.T.);
#2977=EDGE_CURVE('',#2383,#2372,#977,.T.);
#2978=EDGE_CURVE('',#2384,#2383,#978,.T.);
#2979=EDGE_CURVE('',#2382,#2385,#979,.T.);
#2980=EDGE_CURVE('',#2386,#2385,#980,.T.);
#2981=EDGE_CURVE('',#2387,#2386,#981,.T.);
#2982=EDGE_CURVE('',#2388,#2387,#982,.T.);
#2983=EDGE_CURVE('',#2389,#2388,#983,.T.);
#2984=EDGE_CURVE('',#2390,#2389,#984,.T.);
#2985=EDGE_CURVE('',#2390,#2391,#985,.T.);
#2986=EDGE_CURVE('',#2391,#2384,#986,.T.);
#2987=EDGE_CURVE('',#2390,#2375,#987,.T.);
#2988=EDGE_CURVE('',#2389,#2376,#988,.T.);
#2989=EDGE_CURVE('',#2380,#2392,#989,.T.);
#2990=EDGE_CURVE('',#2393,#2392,#990,.T.);
#2991=EDGE_CURVE('',#2381,#2393,#991,.T.);
#2992=EDGE_CURVE('',#2392,#2394,#992,.T.);
#2993=EDGE_CURVE('',#2394,#2370,#167,.T.);
#2994=EDGE_CURVE('',#2386,#2369,#993,.T.);
#2995=EDGE_CURVE('',#2393,#2385,#994,.T.);
#2996=EDGE_CURVE('',#2379,#2394,#995,.T.);
#2997=EDGE_CURVE('',#2388,#2377,#996,.T.);
#2998=EDGE_CURVE('',#2387,#2378,#997,.T.);
#2999=EDGE_CURVE('',#2391,#2374,#998,.T.);
#3000=EDGE_CURVE('',#2384,#2373,#999,.T.);
#3001=EDGE_CURVE('',#2395,#2396,#1000,.T.);
#3002=EDGE_CURVE('',#2395,#2397,#168,.T.);
#3003=EDGE_CURVE('',#2398,#2397,#1001,.T.);
#3004=EDGE_CURVE('',#2399,#2398,#1002,.T.);
#3005=EDGE_CURVE('',#2399,#2400,#1003,.T.);
#3006=EDGE_CURVE('',#2400,#2401,#1004,.T.);
#3007=EDGE_CURVE('',#2401,#2396,#1005,.T.);
#3008=EDGE_CURVE('',#2397,#2402,#1006,.T.);
#3009=EDGE_CURVE('',#2403,#2402,#1007,.T.);
#3010=EDGE_CURVE('',#2403,#2404,#1008,.T.);
#3011=EDGE_CURVE('',#2404,#2405,#1009,.T.);
#3012=EDGE_CURVE('',#2405,#2406,#1010,.T.);
#3013=EDGE_CURVE('',#2407,#2406,#1011,.T.);
#3014=EDGE_CURVE('',#2408,#2407,#1012,.T.);
#3015=EDGE_CURVE('',#2409,#2408,#1013,.T.);
#3016=EDGE_CURVE('',#2398,#2409,#1014,.T.);
#3017=EDGE_CURVE('',#2410,#2399,#1015,.T.);
#3018=EDGE_CURVE('',#2411,#2410,#1016,.T.);
#3019=EDGE_CURVE('',#2412,#2411,#1017,.T.);
#3020=EDGE_CURVE('',#2413,#2412,#1018,.T.);
#3021=EDGE_CURVE('',#2413,#2414,#1019,.T.);
#3022=EDGE_CURVE('',#2414,#2415,#1020,.T.);
#3023=EDGE_CURVE('',#2415,#2416,#1021,.T.);
#3024=EDGE_CURVE('',#2416,#2417,#1022,.T.);
#3025=EDGE_CURVE('',#2417,#2400,#1023,.T.);
#3026=EDGE_CURVE('',#2412,#2407,#1024,.T.);
#3027=EDGE_CURVE('',#2413,#2406,#1025,.T.);
#3028=EDGE_CURVE('',#2418,#2419,#1026,.T.);
#3029=EDGE_CURVE('',#2420,#2418,#1027,.T.);
#3030=EDGE_CURVE('',#2420,#2421,#1028,.T.);
#3031=EDGE_CURVE('',#2421,#2419,#1029,.T.);
#3032=EDGE_CURVE('',#2422,#2418,#1030,.T.);
#3033=EDGE_CURVE('',#2423,#2422,#1031,.T.);
#3034=EDGE_CURVE('',#2423,#2420,#1032,.T.);
#3035=EDGE_CURVE('',#2396,#2422,#1033,.T.);
#3036=EDGE_CURVE('',#2401,#2423,#1034,.T.);
#3037=EDGE_CURVE('',#2402,#2424,#169,.T.);
#3038=EDGE_CURVE('',#2419,#2424,#1035,.T.);
#3039=EDGE_CURVE('',#2421,#2417,#1036,.T.);
#3040=EDGE_CURVE('',#2416,#2403,#1037,.T.);
#3041=EDGE_CURVE('',#2424,#2395,#1038,.T.);
#3042=EDGE_CURVE('',#2414,#2405,#1039,.T.);
#3043=EDGE_CURVE('',#2415,#2404,#1040,.T.);
#3044=EDGE_CURVE('',#2410,#2409,#1041,.T.);
#3045=EDGE_CURVE('',#2411,#2408,#1042,.T.);
#3046=EDGE_CURVE('',#2425,#2426,#1043,.T.);
#3047=EDGE_CURVE('',#2426,#2427,#170,.T.);
#3048=EDGE_CURVE('',#2428,#2427,#1044,.T.);
#3049=EDGE_CURVE('',#2429,#2428,#1045,.T.);
#3050=EDGE_CURVE('',#2429,#2430,#1046,.T.);
#3051=EDGE_CURVE('',#2431,#2430,#1047,.T.);
#3052=EDGE_CURVE('',#2431,#2425,#1048,.T.);
#3053=EDGE_CURVE('',#2427,#2432,#1049,.T.);
#3054=EDGE_CURVE('',#2433,#2432,#1050,.T.);
#3055=EDGE_CURVE('',#2433,#2434,#1051,.T.);
#3056=EDGE_CURVE('',#2434,#2435,#1052,.T.);
#3057=EDGE_CURVE('',#2435,#2436,#1053,.T.);
#3058=EDGE_CURVE('',#2437,#2436,#1054,.T.);
#3059=EDGE_CURVE('',#2438,#2437,#1055,.T.);
#3060=EDGE_CURVE('',#2439,#2438,#1056,.T.);
#3061=EDGE_CURVE('',#2428,#2439,#1057,.T.);
#3062=EDGE_CURVE('',#2440,#2441,#1058,.T.);
#3063=EDGE_CURVE('',#2440,#2442,#1059,.T.);
#3064=EDGE_CURVE('',#2442,#2443,#1060,.T.);
#3065=EDGE_CURVE('',#2443,#2444,#1061,.T.);
#3066=EDGE_CURVE('',#2444,#2445,#1062,.T.);
#3067=EDGE_CURVE('',#2445,#2430,#1063,.T.);
#3068=EDGE_CURVE('',#2446,#2429,#1064,.T.);
#3069=EDGE_CURVE('',#2447,#2446,#1065,.T.);
#3070=EDGE_CURVE('',#2441,#2447,#1066,.T.);
#3071=EDGE_CURVE('',#2440,#2436,#1067,.T.);
#3072=EDGE_CURVE('',#2441,#2437,#1068,.T.);
#3073=EDGE_CURVE('',#2425,#2448,#1069,.T.);
#3074=EDGE_CURVE('',#2431,#2449,#1070,.T.);
#3075=EDGE_CURVE('',#2449,#2448,#1071,.T.);
#3076=EDGE_CURVE('',#2432,#2450,#171,.T.);
#3077=EDGE_CURVE('',#2450,#2451,#1072,.T.);
#3078=EDGE_CURVE('',#2452,#2451,#1073,.T.);
#3079=EDGE_CURVE('',#2445,#2452,#1074,.T.);
#3080=EDGE_CURVE('',#2444,#2433,#1075,.T.);
#3081=EDGE_CURVE('',#2451,#2453,#1076,.T.);
#3082=EDGE_CURVE('',#2454,#2453,#1077,.T.);
#3083=EDGE_CURVE('',#2452,#2454,#1078,.T.);
#3084=EDGE_CURVE('',#2453,#2448,#1079,.T.);
#3085=EDGE_CURVE('',#2454,#2449,#1080,.T.);
#3086=EDGE_CURVE('',#2450,#2426,#1081,.T.);
#3087=EDGE_CURVE('',#2446,#2439,#1082,.T.);
#3088=EDGE_CURVE('',#2447,#2438,#1083,.T.);
#3089=EDGE_CURVE('',#2442,#2435,#1084,.T.);
#3090=EDGE_CURVE('',#2443,#2434,#1085,.T.);
#3091=EDGE_CURVE('',#2455,#2456,#1086,.T.);
#3092=EDGE_CURVE('',#2457,#2455,#56,.F.);
#3093=EDGE_CURVE('',#2458,#2457,#172,.T.);
#3094=EDGE_CURVE('',#2458,#2456,#57,.T.);
#3095=EDGE_CURVE('',#2459,#2460,#1087,.T.);
#3096=EDGE_CURVE('',#2455,#2459,#58,.F.);
#3097=EDGE_CURVE('',#2456,#2460,#59,.T.);
#3098=EDGE_CURVE('',#2461,#2462,#1088,.T.);
#3099=EDGE_CURVE('',#2459,#2461,#60,.F.);
#3100=EDGE_CURVE('',#2460,#2462,#61,.T.);
#3101=EDGE_CURVE('',#2463,#2464,#1089,.T.);
#3102=EDGE_CURVE('',#2461,#2463,#62,.F.);
#3103=EDGE_CURVE('',#2462,#2464,#63,.T.);
#3104=EDGE_CURVE('',#2465,#2466,#1090,.T.);
#3105=EDGE_CURVE('',#2463,#2465,#64,.F.);
#3106=EDGE_CURVE('',#2464,#2466,#65,.T.);
#3107=EDGE_CURVE('',#2467,#2468,#1091,.T.);
#3108=EDGE_CURVE('',#2465,#2467,#66,.F.);
#3109=EDGE_CURVE('',#2466,#2468,#67,.T.);
#3110=EDGE_CURVE('',#2469,#2470,#1092,.T.);
#3111=EDGE_CURVE('',#2467,#2469,#68,.F.);
#3112=EDGE_CURVE('',#2468,#2470,#69,.T.);
#3113=EDGE_CURVE('',#2471,#2472,#1093,.T.);
#3114=EDGE_CURVE('',#2471,#2473,#37,.T.);
#3115=EDGE_CURVE('',#2473,#2474,#1094,.T.);
#3116=EDGE_CURVE('',#2472,#2474,#38,.T.);
#3117=EDGE_CURVE('',#2475,#2476,#1095,.T.);
#3118=EDGE_CURVE('',#2475,#2471,#39,.T.);
#3119=EDGE_CURVE('',#2476,#2472,#40,.T.);
#3120=EDGE_CURVE('',#2477,#2478,#1096,.T.);
#3121=EDGE_CURVE('',#2477,#2475,#41,.T.);
#3122=EDGE_CURVE('',#2478,#2476,#42,.T.);
#3123=EDGE_CURVE('',#2479,#2480,#1097,.T.);
#3124=EDGE_CURVE('',#2479,#2477,#43,.T.);
#3125=EDGE_CURVE('',#2480,#2478,#44,.T.);
#3126=EDGE_CURVE('',#2481,#2482,#1098,.T.);
#3127=EDGE_CURVE('',#2481,#2479,#45,.T.);
#3128=EDGE_CURVE('',#2482,#2480,#46,.T.);
#3129=EDGE_CURVE('',#2483,#2484,#1099,.T.);
#3130=EDGE_CURVE('',#2483,#2481,#47,.T.);
#3131=EDGE_CURVE('',#2484,#2482,#48,.T.);
#3132=EDGE_CURVE('',#2485,#2486,#1100,.T.);
#3133=EDGE_CURVE('',#2485,#2483,#49,.T.);
#3134=EDGE_CURVE('',#2486,#2484,#50,.T.);
#3135=EDGE_CURVE('',#2487,#2488,#1101,.T.);
#3136=EDGE_CURVE('',#2489,#2487,#173,.T.);
#3137=EDGE_CURVE('',#2489,#2485,#51,.T.);
#3138=EDGE_CURVE('',#2488,#2486,#52,.T.);
#3139=EDGE_CURVE('',#2490,#2491,#174,.T.);
#3140=EDGE_CURVE('',#2492,#2490,#53,.T.);
#3141=EDGE_CURVE('',#2493,#2492,#175,.T.);
#3142=EDGE_CURVE('',#2494,#2493,#176,.T.);
#3143=EDGE_CURVE('',#2491,#2494,#54,.T.);
#3144=EDGE_CURVE('',#2490,#2491,#1102,.T.);
#3145=EDGE_CURVE('',#2495,#2496,#177,.T.);
#3146=EDGE_CURVE('',#2495,#2496,#1103,.T.);
#3147=EDGE_CURVE('',#2497,#2498,#28,.T.);
#3148=EDGE_CURVE('',#2499,#2498,#1104,.T.);
#3149=EDGE_CURVE('',#2499,#2500,#29,.T.);
#3150=EDGE_CURVE('',#2497,#2500,#1105,.T.);
#3151=EDGE_CURVE('',#2501,#2502,#30,.T.);
#3152=EDGE_CURVE('',#2500,#2502,#1106,.T.);
#3153=EDGE_CURVE('',#2501,#2499,#1107,.T.);
#3154=EDGE_CURVE('',#2503,#2504,#31,.T.);
#3155=EDGE_CURVE('',#2498,#2504,#1108,.T.);
#3156=EDGE_CURVE('',#2503,#2497,#1109,.T.);
#3157=EDGE_CURVE('',#2504,#2501,#1110,.T.);
#3158=EDGE_CURVE('',#2502,#2503,#1111,.T.);
#3159=EDGE_CURVE('',#2505,#2504,#70,.T.);
#3160=EDGE_CURVE('',#2501,#2506,#71,.T.);
#3161=EDGE_CURVE('',#2505,#2506,#1112,.T.);
#3162=EDGE_CURVE('',#2507,#2498,#72,.T.);
#3163=EDGE_CURVE('',#2507,#2505,#1113,.T.);
#3164=EDGE_CURVE('',#2499,#2508,#73,.T.);
#3165=EDGE_CURVE('',#2506,#2508,#1114,.T.);
#3166=EDGE_CURVE('',#2508,#2507,#1115,.T.);
#3167=EDGE_CURVE('',#2509,#2510,#32,.T.);
#3168=EDGE_CURVE('',#2511,#2510,#1116,.T.);
#3169=EDGE_CURVE('',#2511,#2512,#33,.T.);
#3170=EDGE_CURVE('',#2509,#2512,#1117,.T.);
#3171=EDGE_CURVE('',#2513,#2514,#34,.T.);
#3172=EDGE_CURVE('',#2512,#2514,#1118,.T.);
#3173=EDGE_CURVE('',#2513,#2511,#1119,.T.);
#3174=EDGE_CURVE('',#2515,#2516,#35,.T.);
#3175=EDGE_CURVE('',#2510,#2516,#1120,.T.);
#3176=EDGE_CURVE('',#2515,#2509,#1121,.T.);
#3177=EDGE_CURVE('',#2516,#2513,#1122,.T.);
#3178=EDGE_CURVE('',#2514,#2515,#1123,.T.);
#3179=EDGE_CURVE('',#2517,#2509,#74,.T.);
#3180=EDGE_CURVE('',#2512,#2518,#75,.T.);
#3181=EDGE_CURVE('',#2517,#2518,#1124,.T.);
#3182=EDGE_CURVE('',#2514,#2519,#76,.T.);
#3183=EDGE_CURVE('',#2518,#2519,#1125,.T.);
#3184=EDGE_CURVE('',#2520,#2515,#77,.T.);
#3185=EDGE_CURVE('',#2520,#2517,#1126,.T.);
#3186=EDGE_CURVE('',#2519,#2520,#1127,.T.);
#3187=EDGE_CURVE('',#2521,#2522,#1128,.T.);
#3188=EDGE_CURVE('',#2523,#2521,#1129,.T.);
#3189=EDGE_CURVE('',#2524,#2523,#1130,.T.);
#3190=EDGE_CURVE('',#2522,#2524,#1131,.T.);
#3191=EDGE_CURVE('',#2525,#2526,#1132,.T.);
#3192=EDGE_CURVE('',#2527,#2525,#1133,.T.);
#3193=EDGE_CURVE('',#2523,#2527,#1134,.T.);
#3194=EDGE_CURVE('',#2521,#2528,#1135,.T.);
#3195=EDGE_CURVE('',#2528,#2526,#1136,.T.);
#3196=EDGE_CURVE('',#2524,#2529,#1137,.T.);
#3197=EDGE_CURVE('',#2529,#2527,#1138,.T.);
#3198=EDGE_CURVE('',#2530,#2531,#1139,.T.);
#3199=EDGE_CURVE('',#2532,#2530,#1140,.T.);
#3200=EDGE_CURVE('',#2522,#2532,#1141,.T.);
#3201=EDGE_CURVE('',#2531,#2529,#1142,.T.);
#3202=EDGE_CURVE('',#2532,#2528,#1143,.T.);
#3203=EDGE_CURVE('',#2533,#2534,#1144,.T.);
#3204=EDGE_CURVE('',#2534,#2535,#1145,.T.);
#3205=EDGE_CURVE('',#2535,#2536,#1146,.T.);
#3206=EDGE_CURVE('',#2536,#2533,#1147,.T.);
#3207=EDGE_CURVE('',#2537,#2538,#1148,.T.);
#3208=EDGE_CURVE('',#2538,#2539,#1149,.T.);
#3209=EDGE_CURVE('',#2535,#2539,#1150,.T.);
#3210=EDGE_CURVE('',#2534,#2540,#1151,.T.);
#3211=EDGE_CURVE('',#2540,#2537,#1152,.T.);
#3212=EDGE_CURVE('',#2539,#2541,#1153,.T.);
#3213=EDGE_CURVE('',#2536,#2541,#1154,.T.);
#3214=EDGE_CURVE('',#2542,#2543,#1155,.T.);
#3215=EDGE_CURVE('',#2544,#2543,#1156,.T.);
#3216=EDGE_CURVE('',#2533,#2544,#1157,.T.);
#3217=EDGE_CURVE('',#2541,#2542,#1158,.T.);
#3218=EDGE_CURVE('',#2540,#2544,#1159,.T.);
#3219=EDGE_CURVE('',#2545,#2546,#178,.T.);
#3220=EDGE_CURVE('',#2547,#2545,#1160,.T.);
#3221=EDGE_CURVE('',#2548,#2547,#78,.T.);
#3222=EDGE_CURVE('',#2546,#2548,#1161,.T.);
#3223=EDGE_CURVE('',#2549,#2550,#79,.T.);
#3224=EDGE_CURVE('',#2551,#2549,#1162,.T.);
#3225=EDGE_CURVE('',#2552,#2551,#179,.T.);
#3226=EDGE_CURVE('',#2550,#2552,#1163,.T.);
#3227=EDGE_CURVE('',#2553,#2554,#80,.T.);
#3228=EDGE_CURVE('',#2555,#2553,#1164,.T.);
#3229=EDGE_CURVE('',#2556,#2555,#180,.T.);
#3230=EDGE_CURVE('',#2554,#2556,#1165,.T.);
#3231=EDGE_CURVE('',#2557,#2558,#181,.T.);
#3232=EDGE_CURVE('',#2559,#2557,#1166,.T.);
#3233=EDGE_CURVE('',#2560,#2559,#81,.T.);
#3234=EDGE_CURVE('',#2558,#2560,#1167,.T.);
#3235=EDGE_CURVE('',#2561,#2562,#182,.T.);
#3236=EDGE_CURVE('',#2563,#2561,#1168,.T.);
#3237=EDGE_CURVE('',#2564,#2563,#183,.T.);
#3238=EDGE_CURVE('',#2562,#2564,#1169,.T.);
#3239=EDGE_CURVE('',#2565,#2566,#184,.T.);
#3240=EDGE_CURVE('',#2567,#2565,#1170,.T.);
#3241=EDGE_CURVE('',#2568,#2567,#185,.T.);
#3242=EDGE_CURVE('',#2566,#2568,#1171,.T.);
#3243=EDGE_CURVE('',#2560,#2569,#186,.T.);
#3244=EDGE_CURVE('',#2570,#2559,#1172,.T.);
#3245=EDGE_CURVE('',#2571,#2570,#187,.T.);
#3246=EDGE_CURVE('',#2569,#2571,#1173,.T.);
#3247=EDGE_CURVE('',#2572,#2573,#188,.T.);
#3248=EDGE_CURVE('',#2574,#2572,#1174,.T.);
#3249=EDGE_CURVE('',#2575,#2574,#189,.T.);
#3250=EDGE_CURVE('',#2573,#2575,#1175,.T.);
#3251=EDGE_CURVE('',#2576,#2577,#190,.T.);
#3252=EDGE_CURVE('',#2578,#2576,#1176,.T.);
#3253=EDGE_CURVE('',#2579,#2578,#191,.T.);
#3254=EDGE_CURVE('',#2577,#2579,#1177,.T.);
#3255=EDGE_CURVE('',#2553,#2580,#1178,.T.);
#3256=EDGE_CURVE('',#2581,#2554,#192,.T.);
#3257=EDGE_CURVE('',#2582,#2581,#1179,.T.);
#3258=EDGE_CURVE('',#2580,#2582,#193,.T.);
#3259=EDGE_CURVE('',#2583,#2584,#194,.T.);
#3260=EDGE_CURVE('',#2585,#2583,#1180,.T.);
#3261=EDGE_CURVE('',#2586,#2585,#195,.T.);
#3262=EDGE_CURVE('',#2584,#2586,#1181,.T.);
#3263=EDGE_CURVE('',#2587,#2588,#196,.T.);
#3264=EDGE_CURVE('',#2589,#2587,#1182,.T.);
#3265=EDGE_CURVE('',#2590,#2589,#197,.T.);
#3266=EDGE_CURVE('',#2588,#2590,#1183,.T.);
#3267=EDGE_CURVE('',#2548,#2591,#198,.T.);
#3268=EDGE_CURVE('',#2592,#2547,#1184,.T.);
#3269=EDGE_CURVE('',#2593,#2592,#199,.T.);
#3270=EDGE_CURVE('',#2591,#2593,#1185,.T.);
#3271=EDGE_CURVE('',#2594,#2595,#200,.T.);
#3272=EDGE_CURVE('',#2596,#2594,#1186,.T.);
#3273=EDGE_CURVE('',#2597,#2596,#201,.T.);
#3274=EDGE_CURVE('',#2595,#2597,#1187,.T.);
#3275=EDGE_CURVE('',#2598,#2599,#202,.T.);
#3276=EDGE_CURVE('',#2600,#2598,#1188,.T.);
#3277=EDGE_CURVE('',#2601,#2600,#203,.T.);
#3278=EDGE_CURVE('',#2599,#2601,#1189,.T.);
#3279=EDGE_CURVE('',#2549,#2602,#1190,.T.);
#3280=EDGE_CURVE('',#2603,#2550,#204,.T.);
#3281=EDGE_CURVE('',#2604,#2603,#1191,.T.);
#3282=EDGE_CURVE('',#2602,#2604,#205,.T.);
#3283=EDGE_CURVE('',#2600,#2564,#1192,.T.);
#3284=EDGE_CURVE('',#2605,#2563,#1193,.T.);
#3285=EDGE_CURVE('',#2605,#2606,#1194,.T.);
#3286=EDGE_CURVE('',#2606,#2607,#1195,.T.);
#3287=EDGE_CURVE('',#2607,#2608,#1196,.T.);
#3288=EDGE_CURVE('',#2608,#2601,#1197,.T.);
#3289=EDGE_CURVE('',#2609,#2565,#1198,.T.);
#3290=EDGE_CURVE('',#2566,#2594,#1199,.T.);
#3291=EDGE_CURVE('',#2610,#2595,#1200,.T.);
#3292=EDGE_CURVE('',#2610,#2611,#1201,.T.);
#3293=EDGE_CURVE('',#2611,#2612,#1202,.T.);
#3294=EDGE_CURVE('',#2609,#2612,#1203,.T.);
#3295=EDGE_CURVE('',#2607,#2611,#1204,.T.);
#3296=EDGE_CURVE('',#2606,#2612,#1205,.T.);
#3297=EDGE_CURVE('',#2613,#2614,#1206,.T.);
#3298=EDGE_CURVE('',#2614,#2615,#206,.T.);
#3299=EDGE_CURVE('',#2616,#2615,#1207,.T.);
#3300=EDGE_CURVE('',#2613,#2616,#207,.T.);
#3301=EDGE_CURVE('',#2617,#2618,#208,.T.);
#3302=EDGE_CURVE('',#2619,#2617,#1208,.T.);
#3303=EDGE_CURVE('',#2620,#2619,#209,.T.);
#3304=EDGE_CURVE('',#2618,#2620,#1209,.T.);
#3305=EDGE_CURVE('',#2621,#2622,#210,.T.);
#3306=EDGE_CURVE('',#2623,#2621,#1210,.T.);
#3307=EDGE_CURVE('',#2624,#2623,#211,.T.);
#3308=EDGE_CURVE('',#2622,#2624,#1211,.T.);
#3309=EDGE_CURVE('',#2625,#2626,#212,.T.);
#3310=EDGE_CURVE('',#2625,#2627,#1212,.T.);
#3311=EDGE_CURVE('',#2628,#2627,#213,.T.);
#3312=EDGE_CURVE('',#2626,#2628,#1213,.T.);
#3313=EDGE_CURVE('',#2625,#2618,#1214,.T.);
#3314=EDGE_CURVE('',#2627,#2620,#1215,.T.);
#3315=EDGE_CURVE('',#2619,#2624,#1216,.T.);
#3316=EDGE_CURVE('',#2617,#2622,#1217,.T.);
#3317=EDGE_CURVE('',#2629,#2630,#1218,.T.);
#3318=EDGE_CURVE('',#2630,#2631,#1219,.T.);
#3319=EDGE_CURVE('',#2632,#2631,#1220,.T.);
#3320=EDGE_CURVE('',#2632,#2629,#1221,.T.);
#3321=EDGE_CURVE('',#2633,#2634,#1222,.T.);
#3322=EDGE_CURVE('',#2633,#2635,#1223,.T.);
#3323=EDGE_CURVE('',#2635,#2636,#1224,.T.);
#3324=EDGE_CURVE('',#2636,#2634,#1225,.T.);
#3325=EDGE_CURVE('',#2636,#2637,#1226,.T.);
#3326=EDGE_CURVE('',#2637,#2638,#1227,.T.);
#3327=EDGE_CURVE('',#2634,#2638,#1228,.T.);
#3328=EDGE_CURVE('',#2639,#2640,#1229,.T.);
#3329=EDGE_CURVE('',#2641,#2639,#1230,.T.);
#3330=EDGE_CURVE('',#2641,#2642,#1231,.T.);
#3331=EDGE_CURVE('',#2642,#2640,#1232,.T.);
#3332=EDGE_CURVE('',#2642,#2643,#1233,.T.);
#3333=EDGE_CURVE('',#2643,#2644,#1234,.T.);
#3334=EDGE_CURVE('',#2640,#2644,#1235,.T.);
#3335=EDGE_CURVE('',#2645,#2626,#1236,.T.);
#3336=EDGE_CURVE('',#2646,#2628,#1237,.T.);
#3337=EDGE_CURVE('',#2645,#2646,#1238,.T.);
#3338=EDGE_CURVE('',#2647,#2648,#1239,.T.);
#3339=EDGE_CURVE('',#2647,#2641,#1240,.T.);
#3340=EDGE_CURVE('',#2648,#2639,#1241,.T.);
#3341=EDGE_CURVE('',#2649,#2650,#1242,.T.);
#3342=EDGE_CURVE('',#2649,#2645,#1243,.T.);
#3343=EDGE_CURVE('',#2650,#2646,#1244,.T.);
#3344=EDGE_CURVE('',#2644,#2650,#1245,.T.);
#3345=EDGE_CURVE('',#2644,#2651,#1246,.T.);
#3346=EDGE_CURVE('',#2651,#2652,#1247,.T.);
#3347=EDGE_CURVE('',#2650,#2652,#1248,.T.);
#3348=EDGE_CURVE('',#2653,#2654,#1249,.T.);
#3349=EDGE_CURVE('',#2655,#2653,#1250,.T.);
#3350=EDGE_CURVE('',#2656,#2655,#1251,.T.);
#3351=EDGE_CURVE('',#2654,#2656,#1252,.T.);
#3352=EDGE_CURVE('',#2656,#2657,#1253,.T.);
#3353=EDGE_CURVE('',#2657,#2658,#1254,.T.);
#3354=EDGE_CURVE('',#2658,#2659,#1255,.T.);
#3355=EDGE_CURVE('',#2660,#2659,#1256,.T.);
#3356=EDGE_CURVE('',#2654,#2660,#1257,.T.);
#3357=EDGE_CURVE('',#2655,#2661,#1258,.T.);
#3358=EDGE_CURVE('',#2657,#2661,#1259,.T.);
#3359=EDGE_CURVE('',#2662,#2663,#1260,.T.);
#3360=EDGE_CURVE('',#2664,#2662,#1261,.T.);
#3361=EDGE_CURVE('',#2665,#2664,#1262,.T.);
#3362=EDGE_CURVE('',#2663,#2665,#1263,.T.);
#3363=EDGE_CURVE('',#2662,#2666,#1264,.T.);
#3364=EDGE_CURVE('',#2663,#2667,#1265,.T.);
#3365=EDGE_CURVE('',#2666,#2667,#1266,.T.);
#3366=EDGE_CURVE('',#2665,#2668,#1267,.T.);
#3367=EDGE_CURVE('',#2652,#2668,#1268,.T.);
#3368=EDGE_CURVE('',#2651,#2667,#1269,.T.);
#3369=EDGE_CURVE('',#2669,#2670,#1270,.T.);
#3370=EDGE_CURVE('',#2671,#2669,#1271,.T.);
#3371=EDGE_CURVE('',#2672,#2671,#1272,.T.);
#3372=EDGE_CURVE('',#2670,#2672,#1273,.T.);
#3373=EDGE_CURVE('',#2673,#2653,#1274,.T.);
#3374=EDGE_CURVE('',#2673,#2674,#1275,.T.);
#3375=EDGE_CURVE('',#2675,#2674,#1276,.T.);
#3376=EDGE_CURVE('',#2661,#2675,#1277,.T.);
#3377=EDGE_CURVE('',#2666,#2676,#1278,.T.);
#3378=EDGE_CURVE('',#2677,#2676,#1279,.T.);
#3379=EDGE_CURVE('',#2678,#2677,#1280,.T.);
#3380=EDGE_CURVE('',#2664,#2678,#1281,.T.);
#3381=EDGE_CURVE('',#2679,#2587,#1282,.T.);
#3382=EDGE_CURVE('',#2588,#2576,#1283,.T.);
#3383=EDGE_CURVE('',#2680,#2577,#1284,.T.);
#3384=EDGE_CURVE('',#2680,#2681,#1285,.T.);
#3385=EDGE_CURVE('',#2681,#2682,#1286,.T.);
#3386=EDGE_CURVE('',#2682,#2679,#1287,.T.);
#3387=EDGE_CURVE('',#2574,#2586,#1288,.T.);
#3388=EDGE_CURVE('',#2683,#2585,#1289,.T.);
#3389=EDGE_CURVE('',#2683,#2684,#1290,.T.);
#3390=EDGE_CURVE('',#2684,#2685,#1291,.T.);
#3391=EDGE_CURVE('',#2686,#2685,#1292,.T.);
#3392=EDGE_CURVE('',#2686,#2575,#1293,.T.);
#3393=EDGE_CURVE('',#2681,#2685,#1294,.T.);
#3394=EDGE_CURVE('',#2682,#2684,#1295,.T.);
#3395=EDGE_CURVE('',#2687,#2688,#214,.T.);
#3396=EDGE_CURVE('',#2689,#2687,#1296,.T.);
#3397=EDGE_CURVE('',#2690,#2689,#215,.T.);
#3398=EDGE_CURVE('',#2688,#2690,#1297,.T.);
#3399=EDGE_CURVE('',#2691,#2692,#216,.T.);
#3400=EDGE_CURVE('',#2693,#2691,#1298,.T.);
#3401=EDGE_CURVE('',#2694,#2693,#217,.T.);
#3402=EDGE_CURVE('',#2692,#2694,#1299,.T.);
#3403=EDGE_CURVE('',#2695,#2696,#218,.T.);
#3404=EDGE_CURVE('',#2697,#2695,#1300,.T.);
#3405=EDGE_CURVE('',#2698,#2697,#219,.T.);
#3406=EDGE_CURVE('',#2696,#2698,#1301,.T.);
#3407=EDGE_CURVE('',#2699,#2700,#220,.T.);
#3408=EDGE_CURVE('',#2701,#2699,#1302,.T.);
#3409=EDGE_CURVE('',#2702,#2701,#221,.T.);
#3410=EDGE_CURVE('',#2700,#2702,#1303,.T.);
#3411=EDGE_CURVE('',#2703,#2704,#222,.T.);
#3412=EDGE_CURVE('',#2705,#2703,#1304,.T.);
#3413=EDGE_CURVE('',#2706,#2705,#223,.T.);
#3414=EDGE_CURVE('',#2704,#2706,#1305,.T.);
#3415=EDGE_CURVE('',#2707,#2708,#224,.T.);
#3416=EDGE_CURVE('',#2709,#2707,#1306,.T.);
#3417=EDGE_CURVE('',#2710,#2709,#225,.T.);
#3418=EDGE_CURVE('',#2708,#2710,#1307,.T.);
#3419=EDGE_CURVE('',#2711,#2712,#226,.T.);
#3420=EDGE_CURVE('',#2713,#2711,#1308,.T.);
#3421=EDGE_CURVE('',#2714,#2713,#227,.T.);
#3422=EDGE_CURVE('',#2712,#2714,#1309,.T.);
#3423=EDGE_CURVE('',#2715,#2713,#1310,.T.);
#3424=EDGE_CURVE('',#2716,#2711,#1311,.T.);
#3425=EDGE_CURVE('',#2716,#2715,#1312,.T.);
#3426=EDGE_CURVE('',#2717,#2718,#1313,.T.);
#3427=EDGE_CURVE('',#2719,#2717,#1314,.T.);
#3428=EDGE_CURVE('',#2719,#2720,#1315,.T.);
#3429=EDGE_CURVE('',#2720,#2718,#1316,.T.);
#3430=EDGE_CURVE('',#2721,#2720,#1317,.T.);
#3431=EDGE_CURVE('',#2722,#2719,#1318,.T.);
#3432=EDGE_CURVE('',#2722,#2721,#1319,.T.);
#3433=EDGE_CURVE('',#2723,#2724,#1320,.T.);
#3434=EDGE_CURVE('',#2725,#2723,#1321,.T.);
#3435=EDGE_CURVE('',#2725,#2726,#1322,.T.);
#3436=EDGE_CURVE('',#2726,#2724,#1323,.T.);
#3437=EDGE_CURVE('',#2704,#2725,#1324,.T.);
#3438=EDGE_CURVE('',#2706,#2726,#1325,.T.);
#3439=EDGE_CURVE('',#2710,#2705,#1326,.T.);
#3440=EDGE_CURVE('',#2708,#2703,#1327,.T.);
#3441=EDGE_CURVE('',#2727,#2728,#1328,.T.);
#3442=EDGE_CURVE('',#2727,#2729,#1329,.T.);
#3443=EDGE_CURVE('',#2729,#2730,#1330,.T.);
#3444=EDGE_CURVE('',#2730,#2728,#1331,.T.);
#3445=EDGE_CURVE('',#2714,#2731,#1332,.T.);
#3446=EDGE_CURVE('',#2731,#2732,#1333,.T.);
#3447=EDGE_CURVE('',#2712,#2732,#1334,.T.);
#3448=EDGE_CURVE('',#2733,#2722,#1335,.T.);
#3449=EDGE_CURVE('',#2733,#2734,#1336,.T.);
#3450=EDGE_CURVE('',#2734,#2721,#1337,.T.);
#3451=EDGE_CURVE('',#2735,#2716,#1338,.T.);
#3452=EDGE_CURVE('',#2735,#2736,#1339,.T.);
#3453=EDGE_CURVE('',#2736,#2715,#1340,.T.);
#3454=EDGE_CURVE('',#2718,#2737,#1341,.T.);
#3455=EDGE_CURVE('',#2718,#2736,#1342,.T.);
#3456=EDGE_CURVE('',#2736,#2738,#1343,.T.);
#3457=EDGE_CURVE('',#2737,#2738,#1344,.T.);
#3458=EDGE_CURVE('',#2698,#2700,#1345,.T.);
#3459=EDGE_CURVE('',#2702,#2696,#1346,.T.);
#3460=EDGE_CURVE('',#2699,#2739,#1347,.T.);
#3461=EDGE_CURVE('',#2697,#2740,#1348,.T.);
#3462=EDGE_CURVE('',#2740,#2739,#1349,.T.);
#3463=EDGE_CURVE('',#2695,#2741,#1350,.T.);
#3464=EDGE_CURVE('',#2741,#2742,#1351,.T.);
#3465=EDGE_CURVE('',#2743,#2742,#1352,.T.);
#3466=EDGE_CURVE('',#2740,#2743,#1353,.T.);
#3467=EDGE_CURVE('',#2690,#2692,#1354,.T.);
#3468=EDGE_CURVE('',#2694,#2688,#1355,.T.);
#3469=EDGE_CURVE('',#2689,#2744,#1356,.T.);
#3470=EDGE_CURVE('',#2687,#2745,#1357,.T.);
#3471=EDGE_CURVE('',#2737,#2745,#1358,.T.);
#3472=EDGE_CURVE('',#2738,#2744,#1359,.T.);
#3473=EDGE_CURVE('',#2693,#2746,#1360,.T.);
#3474=EDGE_CURVE('',#2746,#2745,#1361,.T.);
#3475=EDGE_CURVE('',#2747,#2748,#1362,.T.);
#3476=EDGE_CURVE('',#2747,#2749,#1363,.T.);
#3477=EDGE_CURVE('',#2750,#2749,#1364,.T.);
#3478=EDGE_CURVE('',#2751,#2750,#1365,.T.);
#3479=EDGE_CURVE('',#2748,#2751,#1366,.T.);
#3480=EDGE_CURVE('',#2752,#2753,#1367,.T.);
#3481=EDGE_CURVE('',#2750,#2752,#1368,.T.);
#3482=EDGE_CURVE('',#2749,#2753,#1369,.T.);
#3483=EDGE_CURVE('',#2754,#2752,#1370,.T.);
#3484=EDGE_CURVE('',#2751,#2754,#1371,.T.);
#3485=EDGE_CURVE('',#2755,#2754,#1372,.T.);
#3486=EDGE_CURVE('',#2748,#2755,#1373,.T.);
#3487=EDGE_CURVE('',#2756,#2757,#1374,.T.);
#3488=EDGE_CURVE('',#2757,#2758,#1375,.T.);
#3489=EDGE_CURVE('',#2758,#2759,#1376,.T.);
#3490=EDGE_CURVE('',#2759,#2760,#1377,.T.);
#3491=EDGE_CURVE('',#2760,#2756,#1378,.T.);
#3492=EDGE_CURVE('',#2761,#2762,#1379,.T.);
#3493=EDGE_CURVE('',#2758,#2762,#1380,.T.);
#3494=EDGE_CURVE('',#2757,#2761,#1381,.T.);
#3495=EDGE_CURVE('',#2763,#2764,#1382,.T.);
#3496=EDGE_CURVE('',#2756,#2764,#1383,.T.);
#3497=EDGE_CURVE('',#2760,#2763,#1384,.T.);
#3498=EDGE_CURVE('',#2764,#2761,#1385,.T.);
#3499=EDGE_CURVE('',#2765,#2766,#1386,.T.);
#3500=EDGE_CURVE('',#2767,#2765,#1387,.T.);
#3501=EDGE_CURVE('',#2767,#2768,#1388,.T.);
#3502=EDGE_CURVE('',#2768,#2766,#1389,.T.);
#3503=EDGE_CURVE('',#2769,#2765,#1390,.T.);
#3504=EDGE_CURVE('',#2770,#2769,#1391,.T.);
#3505=EDGE_CURVE('',#2770,#2767,#1392,.T.);
#3506=EDGE_CURVE('',#2771,#2769,#1393,.T.);
#3507=EDGE_CURVE('',#2772,#2771,#1394,.T.);
#3508=EDGE_CURVE('',#2772,#2770,#1395,.T.);
#3509=EDGE_CURVE('',#2773,#2774,#1396,.T.);
#3510=EDGE_CURVE('',#2775,#2774,#1397,.T.);
#3511=EDGE_CURVE('',#2776,#2775,#1398,.T.);
#3512=EDGE_CURVE('',#2776,#2773,#1399,.T.);
#3513=EDGE_CURVE('',#2777,#2778,#1400,.T.);
#3514=EDGE_CURVE('',#2779,#2778,#1401,.T.);
#3515=EDGE_CURVE('',#2780,#2779,#1402,.T.);
#3516=EDGE_CURVE('',#2780,#2777,#1403,.T.);
#3517=EDGE_CURVE('',#2778,#2773,#1404,.T.);
#3518=EDGE_CURVE('',#2779,#2776,#1405,.T.);
#3519=EDGE_CURVE('',#2781,#2782,#1406,.T.);
#3520=EDGE_CURVE('',#2781,#2783,#1407,.T.);
#3521=EDGE_CURVE('',#2784,#2783,#1408,.T.);
#3522=EDGE_CURVE('',#2785,#2784,#1409,.T.);
#3523=EDGE_CURVE('',#2782,#2785,#1410,.T.);
#3524=EDGE_CURVE('',#2786,#2787,#1411,.T.);
#3525=EDGE_CURVE('',#2784,#2786,#1412,.T.);
#3526=EDGE_CURVE('',#2783,#2787,#1413,.T.);
#3527=EDGE_CURVE('',#2788,#2786,#1414,.T.);
#3528=EDGE_CURVE('',#2785,#2788,#1415,.T.);
#3529=EDGE_CURVE('',#2789,#2788,#1416,.T.);
#3530=EDGE_CURVE('',#2782,#2789,#1417,.T.);
#3531=EDGE_CURVE('',#2790,#2791,#1418,.T.);
#3532=EDGE_CURVE('',#2791,#2792,#1419,.T.);
#3533=EDGE_CURVE('',#2792,#2793,#1420,.T.);
#3534=EDGE_CURVE('',#2793,#2794,#1421,.T.);
#3535=EDGE_CURVE('',#2794,#2790,#1422,.T.);
#3536=EDGE_CURVE('',#2795,#2796,#1423,.T.);
#3537=EDGE_CURVE('',#2792,#2796,#1424,.T.);
#3538=EDGE_CURVE('',#2791,#2795,#1425,.T.);
#3539=EDGE_CURVE('',#2797,#2798,#1426,.T.);
#3540=EDGE_CURVE('',#2790,#2798,#1427,.T.);
#3541=EDGE_CURVE('',#2794,#2797,#1428,.T.);
#3542=EDGE_CURVE('',#2798,#2795,#1429,.T.);
#3543=EDGE_CURVE('',#2799,#2800,#1430,.T.);
#3544=EDGE_CURVE('',#2800,#2801,#1431,.T.);
#3545=EDGE_CURVE('',#2801,#2802,#1432,.T.);
#3546=EDGE_CURVE('',#2802,#2799,#1433,.T.);
#3547=EDGE_CURVE('',#2803,#2701,#1434,.T.);
#3548=EDGE_CURVE('',#2741,#2803,#1435,.T.);
#3549=EDGE_CURVE('',#2691,#2804,#1436,.T.);
#3550=EDGE_CURVE('',#2804,#2805,#1437,.T.);
#3551=EDGE_CURVE('',#2805,#2806,#1438,.T.);
#3552=EDGE_CURVE('',#2746,#2806,#1439,.T.);
#3553=EDGE_CURVE('',#2739,#2807,#1440,.T.);
#3554=EDGE_CURVE('',#2807,#2808,#1441,.T.);
#3555=EDGE_CURVE('',#2803,#2808,#1442,.T.);
#3556=EDGE_CURVE('',#2802,#2557,#1443,.T.);
#3557=EDGE_CURVE('',#2558,#2809,#1444,.T.);
#3558=EDGE_CURVE('',#2809,#2810,#1445,.T.);
#3559=EDGE_CURVE('',#2810,#2811,#1446,.T.);
#3560=EDGE_CURVE('',#2812,#2811,#1447,.T.);
#3561=EDGE_CURVE('',#2799,#2812,#1448,.T.);
#3562=EDGE_CURVE('',#2813,#2556,#1449,.T.);
#3563=EDGE_CURVE('',#2801,#2555,#1450,.T.);
#3564=EDGE_CURVE('',#2800,#2814,#1451,.T.);
#3565=EDGE_CURVE('',#2815,#2814,#1452,.T.);
#3566=EDGE_CURVE('',#2816,#2815,#1453,.T.);
#3567=EDGE_CURVE('',#2813,#2816,#1454,.T.);
#3568=EDGE_CURVE('',#2672,#2545,#1455,.T.);
#3569=EDGE_CURVE('',#2546,#2817,#1456,.T.);
#3570=EDGE_CURVE('',#2817,#2818,#1457,.T.);
#3571=EDGE_CURVE('',#2818,#2819,#1458,.T.);
#3572=EDGE_CURVE('',#2820,#2819,#1459,.T.);
#3573=EDGE_CURVE('',#2670,#2820,#1460,.T.);
#3574=EDGE_CURVE('',#2821,#2552,#1461,.T.);
#3575=EDGE_CURVE('',#2671,#2551,#1462,.T.);
#3576=EDGE_CURVE('',#2669,#2822,#1463,.T.);
#3577=EDGE_CURVE('',#2823,#2822,#1464,.T.);
#3578=EDGE_CURVE('',#2824,#2823,#1465,.T.);
#3579=EDGE_CURVE('',#2821,#2824,#1466,.T.);
#3580=EDGE_CURVE('',#2810,#2824,#228,.T.);
#3581=EDGE_CURVE('',#2809,#2821,#229,.T.);
#3582=EDGE_CURVE('',#2569,#2603,#1467,.T.);
#3583=EDGE_CURVE('',#2571,#2604,#1468,.T.);
#3584=EDGE_CURVE('',#2591,#2581,#1469,.T.);
#3585=EDGE_CURVE('',#2593,#2582,#1470,.T.);
#3586=EDGE_CURVE('',#2823,#2825,#1471,.T.);
#3587=EDGE_CURVE('',#2826,#2825,#1472,.T.);
#3588=EDGE_CURVE('',#2827,#2826,#230,.T.);
#3589=EDGE_CURVE('',#2828,#2827,#1473,.T.);
#3590=EDGE_CURVE('',#2828,#2811,#1474,.T.);
#3591=EDGE_CURVE('',#2828,#2538,#1475,.T.);
#3592=EDGE_CURVE('',#2827,#2539,#1476,.T.);
#3593=EDGE_CURVE('',#2818,#2816,#231,.T.);
#3594=EDGE_CURVE('',#2815,#2829,#1477,.T.);
#3595=EDGE_CURVE('',#2829,#2830,#1478,.T.);
#3596=EDGE_CURVE('',#2831,#2830,#232,.T.);
#3597=EDGE_CURVE('',#2831,#2832,#1479,.T.);
#3598=EDGE_CURVE('',#2832,#2819,#1480,.T.);
#3599=EDGE_CURVE('',#2829,#2537,#1481,.T.);
#3600=EDGE_CURVE('',#2830,#2540,#1482,.T.);
#3601=EDGE_CURVE('',#2833,#2834,#233,.T.);
#3602=EDGE_CURVE('',#2528,#2833,#1483,.T.);
#3603=EDGE_CURVE('',#2831,#2532,#1484,.T.);
#3604=EDGE_CURVE('',#2544,#2834,#1485,.T.);
#3605=EDGE_CURVE('',#2496,#2492,#1486,.T.);
#3606=EDGE_CURVE('',#2495,#2494,#1487,.T.);
#3607=EDGE_CURVE('',#2835,#2835,#234,.T.);
#3608=EDGE_CURVE('',#2836,#2836,#235,.T.);
#3609=EDGE_CURVE('',#2837,#2488,#55,.T.);
#3610=EDGE_CURVE('',#2474,#2838,#1488,.T.);
#3611=EDGE_CURVE('',#2839,#2838,#82,.T.);
#3612=EDGE_CURVE('',#2470,#2839,#83,.T.);
#3613=EDGE_CURVE('',#2837,#2458,#84,.T.);
#3614=EDGE_CURVE('',#2487,#2837,#236,.T.);
#3615=EDGE_CURVE('',#2469,#2840,#85,.F.);
#3616=EDGE_CURVE('',#2840,#2473,#1489,.T.);
#3617=EDGE_CURVE('',#2457,#2489,#86,.T.);
#3618=EDGE_CURVE('',#2838,#2840,#1490,.T.);
#3619=EDGE_CURVE('',#2840,#2839,#237,.T.);
#3620=EDGE_CURVE('',#2841,#2841,#238,.T.);
#3621=EDGE_CURVE('',#2842,#2843,#239,.T.);
#3622=EDGE_CURVE('',#2843,#2844,#1491,.T.);
#3623=EDGE_CURVE('',#2845,#2844,#1492,.T.);
#3624=EDGE_CURVE('',#2833,#2845,#1493,.T.);
#3625=EDGE_CURVE('',#2846,#2834,#1494,.T.);
#3626=EDGE_CURVE('',#2846,#2847,#1495,.T.);
#3627=EDGE_CURVE('',#2847,#2842,#1496,.T.);
#3628=EDGE_CURVE('',#2839,#2840,#240,.T.);
#3629=EDGE_CURVE('',#2848,#2606,#1497,.T.);
#3630=EDGE_CURVE('',#2849,#2605,#1498,.T.);
#3631=EDGE_CURVE('',#2848,#2849,#1499,.T.);
#3632=EDGE_CURVE('',#2793,#2681,#1500,.T.);
#3633=EDGE_CURVE('',#2850,#2680,#1501,.T.);
#3634=EDGE_CURVE('',#2797,#2850,#1502,.T.);
#3635=EDGE_CURVE('',#2851,#2608,#1503,.T.);
#3636=EDGE_CURVE('',#2852,#2607,#1504,.T.);
#3637=EDGE_CURVE('',#2851,#2852,#1505,.T.);
#3638=EDGE_CURVE('',#2853,#2679,#1506,.T.);
#3639=EDGE_CURVE('',#2747,#2682,#1507,.T.);
#3640=EDGE_CURVE('',#2755,#2853,#1508,.T.);
#3641=EDGE_CURVE('',#2562,#2598,#1509,.T.);
#3642=EDGE_CURVE('',#2849,#2561,#1510,.T.);
#3643=EDGE_CURVE('',#2590,#2578,#1511,.T.);
#3644=EDGE_CURVE('',#2599,#2851,#1512,.T.);
#3645=EDGE_CURVE('',#2853,#2589,#1513,.T.);
#3646=EDGE_CURVE('',#2579,#2850,#1514,.T.);
#3647=EDGE_CURVE('',#2677,#2592,#1515,.T.);
#3648=EDGE_CURVE('',#2676,#2820,#1516,.T.);
#3649=EDGE_CURVE('',#2819,#2854,#1517,.T.);
#3650=EDGE_CURVE('',#2854,#2855,#1518,.T.);
#3651=EDGE_CURVE('',#2855,#2583,#1519,.T.);
#3652=EDGE_CURVE('',#2584,#2572,#1520,.T.);
#3653=EDGE_CURVE('',#2573,#2856,#1521,.T.);
#3654=EDGE_CURVE('',#2856,#2857,#1522,.T.);
#3655=EDGE_CURVE('',#2857,#2815,#1523,.T.);
#3656=EDGE_CURVE('',#2806,#2814,#1524,.T.);
#3657=EDGE_CURVE('',#2580,#2805,#1525,.T.);
#3658=EDGE_CURVE('',#2771,#2753,#1526,.T.);
#3659=EDGE_CURVE('',#2762,#2766,#1527,.T.);
#3660=EDGE_CURVE('',#2763,#2858,#1528,.T.);
#3661=EDGE_CURVE('',#2597,#2858,#1529,.T.);
#3662=EDGE_CURVE('',#2568,#2596,#1530,.T.);
#3663=EDGE_CURVE('',#2859,#2567,#1531,.T.);
#3664=EDGE_CURVE('',#2789,#2859,#1532,.T.);
#3665=EDGE_CURVE('',#2787,#2774,#1533,.T.);
#3666=EDGE_CURVE('',#2777,#2796,#1534,.T.);
#3667=EDGE_CURVE('',#2812,#2807,#1535,.T.);
#3668=EDGE_CURVE('',#2743,#2717,#1536,.T.);
#3669=EDGE_CURVE('',#2804,#2744,#1537,.T.);
#3670=EDGE_CURVE('',#2717,#2735,#1538,.T.);
#3671=EDGE_CURVE('',#2742,#2735,#1539,.T.);
#3672=EDGE_CURVE('',#2775,#2860,#1540,.T.);
#3673=EDGE_CURVE('',#2860,#2723,#1541,.T.);
#3674=EDGE_CURVE('',#2861,#2724,#1542,.T.);
#3675=EDGE_CURVE('',#2861,#2780,#1543,.T.);
#3676=EDGE_CURVE('',#2685,#2857,#1544,.T.);
#3677=EDGE_CURVE('',#2861,#2734,#1545,.T.);
#3678=EDGE_CURVE('',#2860,#2733,#1546,.T.);
#3679=EDGE_CURVE('',#2612,#2781,#1547,.T.);
#3680=EDGE_CURVE('',#2811,#2848,#1548,.T.);
#3681=EDGE_CURVE('',#2862,#2709,#1549,.T.);
#3682=EDGE_CURVE('',#2862,#2863,#1550,.T.);
#3683=EDGE_CURVE('',#2864,#2863,#1551,.T.);
#3684=EDGE_CURVE('',#2864,#2730,#241,.T.);
#3685=EDGE_CURVE('',#2729,#2731,#242,.T.);
#3686=EDGE_CURVE('',#2732,#2727,#243,.T.);
#3687=EDGE_CURVE('',#2728,#2865,#244,.T.);
#3688=EDGE_CURVE('',#2865,#2866,#1552,.T.);
#3689=EDGE_CURVE('',#2867,#2866,#1553,.T.);
#3690=EDGE_CURVE('',#2867,#2707,#1554,.T.);
#3691=EDGE_CURVE('',#2867,#2862,#245,.T.);
#3692=EDGE_CURVE('',#2863,#2866,#246,.T.);
#3693=EDGE_CURVE('',#2865,#2864,#1555,.T.);
#3694=EDGE_CURVE('',#2686,#2856,#1556,.T.);
#3695=EDGE_CURVE('',#2684,#2854,#1557,.T.);
#3696=EDGE_CURVE('',#2683,#2855,#1558,.T.);
#3697=EDGE_CURVE('',#2808,#2570,#1559,.T.);
#3698=EDGE_CURVE('',#2852,#2823,#1560,.T.);
#3699=EDGE_CURVE('',#2822,#2675,#1561,.T.);
#3700=EDGE_CURVE('',#2602,#2674,#1562,.T.);
#3701=EDGE_CURVE('',#2817,#2813,#247,.T.);
#3702=EDGE_CURVE('',#2678,#2668,#1563,.T.);
#3703=EDGE_CURVE('',#2660,#2673,#1564,.T.);
#3704=EDGE_CURVE('',#2658,#2643,#1565,.T.);
#3705=EDGE_CURVE('',#2659,#2649,#1566,.T.);
#3706=EDGE_CURVE('',#2643,#2649,#1567,.T.);
#3707=EDGE_CURVE('',#2637,#2868,#1568,.T.);
#3708=EDGE_CURVE('',#2868,#2768,#1569,.T.);
#3709=EDGE_CURVE('',#2772,#2869,#1570,.T.);
#3710=EDGE_CURVE('',#2638,#2869,#1571,.T.);
#3711=EDGE_CURVE('',#2631,#2633,#248,.T.);
#3712=EDGE_CURVE('',#2648,#2869,#1572,.T.);
#3713=EDGE_CURVE('',#2623,#2614,#1573,.T.);
#3714=EDGE_CURVE('',#2613,#2870,#1574,.T.);
#3715=EDGE_CURVE('',#2870,#2632,#249,.T.);
#3716=EDGE_CURVE('',#2635,#2630,#250,.T.);
#3717=EDGE_CURVE('',#2629,#2871,#251,.T.);
#3718=EDGE_CURVE('',#2616,#2871,#1575,.T.);
#3719=EDGE_CURVE('',#2621,#2615,#1576,.T.);
#3720=EDGE_CURVE('',#2647,#2868,#1577,.T.);
#3721=EDGE_CURVE('',#2871,#2870,#1578,.T.);
#3722=EDGE_CURVE('',#2609,#2859,#1579,.T.);
#3723=EDGE_CURVE('',#2611,#2759,#1580,.T.);
#3724=EDGE_CURVE('',#2610,#2858,#1581,.T.);
#3725=EDGE_CURVE('',#2541,#2842,#1582,.T.);
#3726=EDGE_CURVE('',#2542,#2847,#1583,.T.);
#3727=EDGE_CURVE('',#2543,#2846,#1584,.T.);
#3728=EDGE_CURVE('',#2527,#2843,#1585,.T.);
#3729=EDGE_CURVE('',#2525,#2844,#1586,.T.);
#3730=EDGE_CURVE('',#2825,#2531,#1587,.T.);
#3731=EDGE_CURVE('',#2826,#2529,#1588,.T.);
#3732=EDGE_CURVE('',#2526,#2845,#1589,.T.);
#3733=EDGE_CURVE('',#2832,#2530,#1590,.T.);
#3734=EDGE_CURVE('',#2841,#2836,#1591,.T.);
#3735=EDGE_CURVE('',#2835,#2493,#1592,.T.);
#3736=ORIENTED_EDGE('',*,*,#2872,.T.);
#3737=ORIENTED_EDGE('',*,*,#2873,.T.);
#3738=ORIENTED_EDGE('',*,*,#2874,.F.);
#3739=ORIENTED_EDGE('',*,*,#2875,.T.);
#3740=ORIENTED_EDGE('',*,*,#2876,.T.);
#3741=ORIENTED_EDGE('',*,*,#2877,.T.);
#3742=ORIENTED_EDGE('',*,*,#2878,.F.);
#3743=ORIENTED_EDGE('',*,*,#2879,.F.);
#3744=ORIENTED_EDGE('',*,*,#2880,.F.);
#3745=ORIENTED_EDGE('',*,*,#2881,.F.);
#3746=ORIENTED_EDGE('',*,*,#2874,.T.);
#3747=ORIENTED_EDGE('',*,*,#2882,.T.);
#3748=ORIENTED_EDGE('',*,*,#2883,.T.);
#3749=ORIENTED_EDGE('',*,*,#2884,.F.);
#3750=ORIENTED_EDGE('',*,*,#2885,.F.);
#3751=ORIENTED_EDGE('',*,*,#2886,.F.);
#3752=ORIENTED_EDGE('',*,*,#2887,.T.);
#3753=ORIENTED_EDGE('',*,*,#2888,.F.);
#3754=ORIENTED_EDGE('',*,*,#2889,.F.);
#3755=ORIENTED_EDGE('',*,*,#2890,.F.);
#3756=ORIENTED_EDGE('',*,*,#2891,.T.);
#3757=ORIENTED_EDGE('',*,*,#2892,.T.);
#3758=ORIENTED_EDGE('',*,*,#2893,.T.);
#3759=ORIENTED_EDGE('',*,*,#2886,.T.);
#3760=ORIENTED_EDGE('',*,*,#2894,.T.);
#3761=ORIENTED_EDGE('',*,*,#2895,.F.);
#3762=ORIENTED_EDGE('',*,*,#2896,.F.);
#3763=ORIENTED_EDGE('',*,*,#2890,.T.);
#3764=ORIENTED_EDGE('',*,*,#2897,.T.);
#3765=ORIENTED_EDGE('',*,*,#2878,.T.);
#3766=ORIENTED_EDGE('',*,*,#2898,.F.);
#3767=ORIENTED_EDGE('',*,*,#2899,.T.);
#3768=ORIENTED_EDGE('',*,*,#2900,.F.);
#3769=ORIENTED_EDGE('',*,*,#2901,.F.);
#3770=ORIENTED_EDGE('',*,*,#2884,.T.);
#3771=ORIENTED_EDGE('',*,*,#2902,.T.);
#3772=ORIENTED_EDGE('',*,*,#2903,.F.);
#3773=ORIENTED_EDGE('',*,*,#2904,.F.);
#3774=ORIENTED_EDGE('',*,*,#2900,.T.);
#3775=ORIENTED_EDGE('',*,*,#2905,.T.);
#3776=ORIENTED_EDGE('',*,*,#2906,.F.);
#3777=ORIENTED_EDGE('',*,*,#2907,.F.);
#3778=ORIENTED_EDGE('',*,*,#2903,.T.);
#3779=ORIENTED_EDGE('',*,*,#2908,.T.);
#3780=ORIENTED_EDGE('',*,*,#2909,.T.);
#3781=ORIENTED_EDGE('',*,*,#2872,.F.);
#3782=ORIENTED_EDGE('',*,*,#2910,.F.);
#3783=ORIENTED_EDGE('',*,*,#2895,.T.);
#3784=ORIENTED_EDGE('',*,*,#2911,.F.);
#3785=ORIENTED_EDGE('',*,*,#2906,.T.);
#3786=ORIENTED_EDGE('',*,*,#2894,.F.);
#3787=ORIENTED_EDGE('',*,*,#2885,.T.);
#3788=ORIENTED_EDGE('',*,*,#2901,.T.);
#3789=ORIENTED_EDGE('',*,*,#2904,.T.);
#3790=ORIENTED_EDGE('',*,*,#2907,.T.);
#3791=ORIENTED_EDGE('',*,*,#2911,.T.);
#3792=ORIENTED_EDGE('',*,*,#2883,.F.);
#3793=ORIENTED_EDGE('',*,*,#2912,.T.);
#3794=ORIENTED_EDGE('',*,*,#2908,.F.);
#3795=ORIENTED_EDGE('',*,*,#2905,.F.);
#3796=ORIENTED_EDGE('',*,*,#2902,.F.);
#3797=ORIENTED_EDGE('',*,*,#2899,.F.);
#3798=ORIENTED_EDGE('',*,*,#2913,.T.);
#3799=ORIENTED_EDGE('',*,*,#2876,.F.);
#3800=ORIENTED_EDGE('',*,*,#2914,.F.);
#3801=ORIENTED_EDGE('',*,*,#2892,.F.);
#3802=ORIENTED_EDGE('',*,*,#2914,.T.);
#3803=ORIENTED_EDGE('',*,*,#2875,.F.);
#3804=ORIENTED_EDGE('',*,*,#2887,.F.);
#3805=ORIENTED_EDGE('',*,*,#2893,.F.);
#3806=ORIENTED_EDGE('',*,*,#2898,.T.);
#3807=ORIENTED_EDGE('',*,*,#2877,.F.);
#3808=ORIENTED_EDGE('',*,*,#2913,.F.);
#3809=ORIENTED_EDGE('',*,*,#2891,.F.);
#3810=ORIENTED_EDGE('',*,*,#2889,.T.);
#3811=ORIENTED_EDGE('',*,*,#2915,.T.);
#3812=ORIENTED_EDGE('',*,*,#2879,.T.);
#3813=ORIENTED_EDGE('',*,*,#2897,.F.);
#3814=ORIENTED_EDGE('',*,*,#2888,.T.);
#3815=ORIENTED_EDGE('',*,*,#2916,.T.);
#3816=ORIENTED_EDGE('',*,*,#2880,.T.);
#3817=ORIENTED_EDGE('',*,*,#2915,.F.);
#3818=ORIENTED_EDGE('',*,*,#2896,.T.);
#3819=ORIENTED_EDGE('',*,*,#2910,.T.);
#3820=ORIENTED_EDGE('',*,*,#2881,.T.);
#3821=ORIENTED_EDGE('',*,*,#2916,.F.);
#3822=ORIENTED_EDGE('',*,*,#2909,.F.);
#3823=ORIENTED_EDGE('',*,*,#2912,.F.);
#3824=ORIENTED_EDGE('',*,*,#2882,.F.);
#3825=ORIENTED_EDGE('',*,*,#2873,.F.);
#3826=ORIENTED_EDGE('',*,*,#2917,.T.);
#3827=ORIENTED_EDGE('',*,*,#2918,.T.);
#3828=ORIENTED_EDGE('',*,*,#2919,.F.);
#3829=ORIENTED_EDGE('',*,*,#2920,.F.);
#3830=ORIENTED_EDGE('',*,*,#2921,.T.);
#3831=ORIENTED_EDGE('',*,*,#2922,.F.);
#3832=ORIENTED_EDGE('',*,*,#2923,.T.);
#3833=ORIENTED_EDGE('',*,*,#2924,.T.);
#3834=ORIENTED_EDGE('',*,*,#2925,.T.);
#3835=ORIENTED_EDGE('',*,*,#2917,.F.);
#3836=ORIENTED_EDGE('',*,*,#2926,.T.);
#3837=ORIENTED_EDGE('',*,*,#2927,.T.);
#3838=ORIENTED_EDGE('',*,*,#2928,.T.);
#3839=ORIENTED_EDGE('',*,*,#2929,.F.);
#3840=ORIENTED_EDGE('',*,*,#2930,.F.);
#3841=ORIENTED_EDGE('',*,*,#2931,.F.);
#3842=ORIENTED_EDGE('',*,*,#2932,.F.);
#3843=ORIENTED_EDGE('',*,*,#2933,.T.);
#3844=ORIENTED_EDGE('',*,*,#2922,.T.);
#3845=ORIENTED_EDGE('',*,*,#2934,.T.);
#3846=ORIENTED_EDGE('',*,*,#2935,.F.);
#3847=ORIENTED_EDGE('',*,*,#2936,.F.);
#3848=ORIENTED_EDGE('',*,*,#2937,.F.);
#3849=ORIENTED_EDGE('',*,*,#2938,.F.);
#3850=ORIENTED_EDGE('',*,*,#2939,.F.);
#3851=ORIENTED_EDGE('',*,*,#2940,.T.);
#3852=ORIENTED_EDGE('',*,*,#2941,.T.);
#3853=ORIENTED_EDGE('',*,*,#2942,.F.);
#3854=ORIENTED_EDGE('',*,*,#2939,.T.);
#3855=ORIENTED_EDGE('',*,*,#2943,.T.);
#3856=ORIENTED_EDGE('',*,*,#2929,.T.);
#3857=ORIENTED_EDGE('',*,*,#2944,.T.);
#3858=ORIENTED_EDGE('',*,*,#2945,.F.);
#3859=ORIENTED_EDGE('',*,*,#2946,.F.);
#3860=ORIENTED_EDGE('',*,*,#2920,.T.);
#3861=ORIENTED_EDGE('',*,*,#2947,.F.);
#3862=ORIENTED_EDGE('',*,*,#2948,.F.);
#3863=ORIENTED_EDGE('',*,*,#2949,.T.);
#3864=ORIENTED_EDGE('',*,*,#2945,.T.);
#3865=ORIENTED_EDGE('',*,*,#2950,.F.);
#3866=ORIENTED_EDGE('',*,*,#2951,.F.);
#3867=ORIENTED_EDGE('',*,*,#2952,.T.);
#3868=ORIENTED_EDGE('',*,*,#2948,.T.);
#3869=ORIENTED_EDGE('',*,*,#2953,.F.);
#3870=ORIENTED_EDGE('',*,*,#2954,.T.);
#3871=ORIENTED_EDGE('',*,*,#2924,.F.);
#3872=ORIENTED_EDGE('',*,*,#2955,.F.);
#3873=ORIENTED_EDGE('',*,*,#2935,.T.);
#3874=ORIENTED_EDGE('',*,*,#2956,.T.);
#3875=ORIENTED_EDGE('',*,*,#2951,.T.);
#3876=ORIENTED_EDGE('',*,*,#2934,.F.);
#3877=ORIENTED_EDGE('',*,*,#2921,.F.);
#3878=ORIENTED_EDGE('',*,*,#2946,.T.);
#3879=ORIENTED_EDGE('',*,*,#2949,.F.);
#3880=ORIENTED_EDGE('',*,*,#2952,.F.);
#3881=ORIENTED_EDGE('',*,*,#2956,.F.);
#3882=ORIENTED_EDGE('',*,*,#2919,.T.);
#3883=ORIENTED_EDGE('',*,*,#2957,.T.);
#3884=ORIENTED_EDGE('',*,*,#2953,.T.);
#3885=ORIENTED_EDGE('',*,*,#2950,.T.);
#3886=ORIENTED_EDGE('',*,*,#2947,.T.);
#3887=ORIENTED_EDGE('',*,*,#2944,.F.);
#3888=ORIENTED_EDGE('',*,*,#2938,.T.);
#3889=ORIENTED_EDGE('',*,*,#2958,.T.);
#3890=ORIENTED_EDGE('',*,*,#2930,.T.);
#3891=ORIENTED_EDGE('',*,*,#2943,.F.);
#3892=ORIENTED_EDGE('',*,*,#2937,.T.);
#3893=ORIENTED_EDGE('',*,*,#2959,.T.);
#3894=ORIENTED_EDGE('',*,*,#2931,.T.);
#3895=ORIENTED_EDGE('',*,*,#2958,.F.);
#3896=ORIENTED_EDGE('',*,*,#2936,.T.);
#3897=ORIENTED_EDGE('',*,*,#2955,.T.);
#3898=ORIENTED_EDGE('',*,*,#2932,.T.);
#3899=ORIENTED_EDGE('',*,*,#2959,.F.);
#3900=ORIENTED_EDGE('',*,*,#2960,.T.);
#3901=ORIENTED_EDGE('',*,*,#2927,.F.);
#3902=ORIENTED_EDGE('',*,*,#2961,.F.);
#3903=ORIENTED_EDGE('',*,*,#2941,.F.);
#3904=ORIENTED_EDGE('',*,*,#2961,.T.);
#3905=ORIENTED_EDGE('',*,*,#2926,.F.);
#3906=ORIENTED_EDGE('',*,*,#2923,.F.);
#3907=ORIENTED_EDGE('',*,*,#2933,.F.);
#3908=ORIENTED_EDGE('',*,*,#2942,.T.);
#3909=ORIENTED_EDGE('',*,*,#2928,.F.);
#3910=ORIENTED_EDGE('',*,*,#2960,.F.);
#3911=ORIENTED_EDGE('',*,*,#2940,.F.);
#3912=ORIENTED_EDGE('',*,*,#2918,.F.);
#3913=ORIENTED_EDGE('',*,*,#2925,.F.);
#3914=ORIENTED_EDGE('',*,*,#2954,.F.);
#3915=ORIENTED_EDGE('',*,*,#2957,.F.);
#3916=ORIENTED_EDGE('',*,*,#2962,.T.);
#3917=ORIENTED_EDGE('',*,*,#2963,.T.);
#3918=ORIENTED_EDGE('',*,*,#2964,.F.);
#3919=ORIENTED_EDGE('',*,*,#2965,.T.);
#3920=ORIENTED_EDGE('',*,*,#2966,.T.);
#3921=ORIENTED_EDGE('',*,*,#2967,.T.);
#3922=ORIENTED_EDGE('',*,*,#2968,.F.);
#3923=ORIENTED_EDGE('',*,*,#2969,.F.);
#3924=ORIENTED_EDGE('',*,*,#2970,.F.);
#3925=ORIENTED_EDGE('',*,*,#2971,.F.);
#3926=ORIENTED_EDGE('',*,*,#2964,.T.);
#3927=ORIENTED_EDGE('',*,*,#2972,.T.);
#3928=ORIENTED_EDGE('',*,*,#2973,.T.);
#3929=ORIENTED_EDGE('',*,*,#2974,.F.);
#3930=ORIENTED_EDGE('',*,*,#2975,.F.);
#3931=ORIENTED_EDGE('',*,*,#2976,.F.);
#3932=ORIENTED_EDGE('',*,*,#2977,.T.);
#3933=ORIENTED_EDGE('',*,*,#2978,.T.);
#3934=ORIENTED_EDGE('',*,*,#2976,.T.);
#3935=ORIENTED_EDGE('',*,*,#2979,.T.);
#3936=ORIENTED_EDGE('',*,*,#2980,.F.);
#3937=ORIENTED_EDGE('',*,*,#2981,.F.);
#3938=ORIENTED_EDGE('',*,*,#2982,.F.);
#3939=ORIENTED_EDGE('',*,*,#2983,.F.);
#3940=ORIENTED_EDGE('',*,*,#2984,.F.);
#3941=ORIENTED_EDGE('',*,*,#2985,.T.);
#3942=ORIENTED_EDGE('',*,*,#2986,.T.);
#3943=ORIENTED_EDGE('',*,*,#2968,.T.);
#3944=ORIENTED_EDGE('',*,*,#2987,.F.);
#3945=ORIENTED_EDGE('',*,*,#2984,.T.);
#3946=ORIENTED_EDGE('',*,*,#2988,.T.);
#3947=ORIENTED_EDGE('',*,*,#2989,.T.);
#3948=ORIENTED_EDGE('',*,*,#2990,.F.);
#3949=ORIENTED_EDGE('',*,*,#2991,.F.);
#3950=ORIENTED_EDGE('',*,*,#2974,.T.);
#3951=ORIENTED_EDGE('',*,*,#2992,.T.);
#3952=ORIENTED_EDGE('',*,*,#2993,.T.);
#3953=ORIENTED_EDGE('',*,*,#2962,.F.);
#3954=ORIENTED_EDGE('',*,*,#2994,.F.);
#3955=ORIENTED_EDGE('',*,*,#2980,.T.);
#3956=ORIENTED_EDGE('',*,*,#2995,.F.);
#3957=ORIENTED_EDGE('',*,*,#2990,.T.);
#3958=ORIENTED_EDGE('',*,*,#2979,.F.);
#3959=ORIENTED_EDGE('',*,*,#2975,.T.);
#3960=ORIENTED_EDGE('',*,*,#2991,.T.);
#3961=ORIENTED_EDGE('',*,*,#2995,.T.);
#3962=ORIENTED_EDGE('',*,*,#2973,.F.);
#3963=ORIENTED_EDGE('',*,*,#2996,.T.);
#3964=ORIENTED_EDGE('',*,*,#2992,.F.);
#3965=ORIENTED_EDGE('',*,*,#2989,.F.);
#3966=ORIENTED_EDGE('',*,*,#2983,.T.);
#3967=ORIENTED_EDGE('',*,*,#2997,.T.);
#3968=ORIENTED_EDGE('',*,*,#2969,.T.);
#3969=ORIENTED_EDGE('',*,*,#2988,.F.);
#3970=ORIENTED_EDGE('',*,*,#2982,.T.);
#3971=ORIENTED_EDGE('',*,*,#2998,.T.);
#3972=ORIENTED_EDGE('',*,*,#2970,.T.);
#3973=ORIENTED_EDGE('',*,*,#2997,.F.);
#3974=ORIENTED_EDGE('',*,*,#2981,.T.);
#3975=ORIENTED_EDGE('',*,*,#2994,.T.);
#3976=ORIENTED_EDGE('',*,*,#2971,.T.);
#3977=ORIENTED_EDGE('',*,*,#2998,.F.);
#3978=ORIENTED_EDGE('',*,*,#2999,.T.);
#3979=ORIENTED_EDGE('',*,*,#2966,.F.);
#3980=ORIENTED_EDGE('',*,*,#3000,.F.);
#3981=ORIENTED_EDGE('',*,*,#2986,.F.);
#3982=ORIENTED_EDGE('',*,*,#3000,.T.);
#3983=ORIENTED_EDGE('',*,*,#2965,.F.);
#3984=ORIENTED_EDGE('',*,*,#2977,.F.);
#3985=ORIENTED_EDGE('',*,*,#2978,.F.);
#3986=ORIENTED_EDGE('',*,*,#2987,.T.);
#3987=ORIENTED_EDGE('',*,*,#2967,.F.);
#3988=ORIENTED_EDGE('',*,*,#2999,.F.);
#3989=ORIENTED_EDGE('',*,*,#2985,.F.);
#3990=ORIENTED_EDGE('',*,*,#2993,.F.);
#3991=ORIENTED_EDGE('',*,*,#2996,.F.);
#3992=ORIENTED_EDGE('',*,*,#2972,.F.);
#3993=ORIENTED_EDGE('',*,*,#2963,.F.);
#3994=ORIENTED_EDGE('',*,*,#3001,.F.);
#3995=ORIENTED_EDGE('',*,*,#3002,.T.);
#3996=ORIENTED_EDGE('',*,*,#3003,.F.);
#3997=ORIENTED_EDGE('',*,*,#3004,.F.);
#3998=ORIENTED_EDGE('',*,*,#3005,.T.);
#3999=ORIENTED_EDGE('',*,*,#3006,.T.);
#4000=ORIENTED_EDGE('',*,*,#3007,.T.);
#4001=ORIENTED_EDGE('',*,*,#3003,.T.);
#4002=ORIENTED_EDGE('',*,*,#3008,.T.);
#4003=ORIENTED_EDGE('',*,*,#3009,.F.);
#4004=ORIENTED_EDGE('',*,*,#3010,.T.);
#4005=ORIENTED_EDGE('',*,*,#3011,.T.);
#4006=ORIENTED_EDGE('',*,*,#3012,.T.);
#4007=ORIENTED_EDGE('',*,*,#3013,.F.);
#4008=ORIENTED_EDGE('',*,*,#3014,.F.);
#4009=ORIENTED_EDGE('',*,*,#3015,.F.);
#4010=ORIENTED_EDGE('',*,*,#3016,.F.);
#4011=ORIENTED_EDGE('',*,*,#3017,.F.);
#4012=ORIENTED_EDGE('',*,*,#3018,.F.);
#4013=ORIENTED_EDGE('',*,*,#3019,.F.);
#4014=ORIENTED_EDGE('',*,*,#3020,.F.);
#4015=ORIENTED_EDGE('',*,*,#3021,.T.);
#4016=ORIENTED_EDGE('',*,*,#3022,.T.);
#4017=ORIENTED_EDGE('',*,*,#3023,.T.);
#4018=ORIENTED_EDGE('',*,*,#3024,.T.);
#4019=ORIENTED_EDGE('',*,*,#3025,.T.);
#4020=ORIENTED_EDGE('',*,*,#3005,.F.);
#4021=ORIENTED_EDGE('',*,*,#3026,.T.);
#4022=ORIENTED_EDGE('',*,*,#3013,.T.);
#4023=ORIENTED_EDGE('',*,*,#3027,.F.);
#4024=ORIENTED_EDGE('',*,*,#3020,.T.);
#4025=ORIENTED_EDGE('',*,*,#3028,.F.);
#4026=ORIENTED_EDGE('',*,*,#3029,.F.);
#4027=ORIENTED_EDGE('',*,*,#3030,.T.);
#4028=ORIENTED_EDGE('',*,*,#3031,.T.);
#4029=ORIENTED_EDGE('',*,*,#3032,.F.);
#4030=ORIENTED_EDGE('',*,*,#3033,.F.);
#4031=ORIENTED_EDGE('',*,*,#3034,.T.);
#4032=ORIENTED_EDGE('',*,*,#3029,.T.);
#4033=ORIENTED_EDGE('',*,*,#3035,.F.);
#4034=ORIENTED_EDGE('',*,*,#3007,.F.);
#4035=ORIENTED_EDGE('',*,*,#3036,.T.);
#4036=ORIENTED_EDGE('',*,*,#3033,.T.);
#4037=ORIENTED_EDGE('',*,*,#3009,.T.);
#4038=ORIENTED_EDGE('',*,*,#3037,.T.);
#4039=ORIENTED_EDGE('',*,*,#3038,.F.);
#4040=ORIENTED_EDGE('',*,*,#3031,.F.);
#4041=ORIENTED_EDGE('',*,*,#3039,.T.);
#4042=ORIENTED_EDGE('',*,*,#3024,.F.);
#4043=ORIENTED_EDGE('',*,*,#3040,.T.);
#4044=ORIENTED_EDGE('',*,*,#3025,.F.);
#4045=ORIENTED_EDGE('',*,*,#3039,.F.);
#4046=ORIENTED_EDGE('',*,*,#3030,.F.);
#4047=ORIENTED_EDGE('',*,*,#3034,.F.);
#4048=ORIENTED_EDGE('',*,*,#3036,.F.);
#4049=ORIENTED_EDGE('',*,*,#3006,.F.);
#4050=ORIENTED_EDGE('',*,*,#3038,.T.);
#4051=ORIENTED_EDGE('',*,*,#3041,.T.);
#4052=ORIENTED_EDGE('',*,*,#3001,.T.);
#4053=ORIENTED_EDGE('',*,*,#3035,.T.);
#4054=ORIENTED_EDGE('',*,*,#3032,.T.);
#4055=ORIENTED_EDGE('',*,*,#3028,.T.);
#4056=ORIENTED_EDGE('',*,*,#3021,.F.);
#4057=ORIENTED_EDGE('',*,*,#3027,.T.);
#4058=ORIENTED_EDGE('',*,*,#3012,.F.);
#4059=ORIENTED_EDGE('',*,*,#3042,.F.);
#4060=ORIENTED_EDGE('',*,*,#3022,.F.);
#4061=ORIENTED_EDGE('',*,*,#3042,.T.);
#4062=ORIENTED_EDGE('',*,*,#3011,.F.);
#4063=ORIENTED_EDGE('',*,*,#3043,.F.);
#4064=ORIENTED_EDGE('',*,*,#3023,.F.);
#4065=ORIENTED_EDGE('',*,*,#3043,.T.);
#4066=ORIENTED_EDGE('',*,*,#3010,.F.);
#4067=ORIENTED_EDGE('',*,*,#3040,.F.);
#4068=ORIENTED_EDGE('',*,*,#3044,.F.);
#4069=ORIENTED_EDGE('',*,*,#3017,.T.);
#4070=ORIENTED_EDGE('',*,*,#3004,.T.);
#4071=ORIENTED_EDGE('',*,*,#3016,.T.);
#4072=ORIENTED_EDGE('',*,*,#3045,.F.);
#4073=ORIENTED_EDGE('',*,*,#3018,.T.);
#4074=ORIENTED_EDGE('',*,*,#3044,.T.);
#4075=ORIENTED_EDGE('',*,*,#3015,.T.);
#4076=ORIENTED_EDGE('',*,*,#3026,.F.);
#4077=ORIENTED_EDGE('',*,*,#3019,.T.);
#4078=ORIENTED_EDGE('',*,*,#3045,.T.);
#4079=ORIENTED_EDGE('',*,*,#3014,.T.);
#4080=ORIENTED_EDGE('',*,*,#3037,.F.);
#4081=ORIENTED_EDGE('',*,*,#3008,.F.);
#4082=ORIENTED_EDGE('',*,*,#3002,.F.);
#4083=ORIENTED_EDGE('',*,*,#3041,.F.);
#4084=ORIENTED_EDGE('',*,*,#3046,.T.);
#4085=ORIENTED_EDGE('',*,*,#3047,.T.);
#4086=ORIENTED_EDGE('',*,*,#3048,.F.);
#4087=ORIENTED_EDGE('',*,*,#3049,.F.);
#4088=ORIENTED_EDGE('',*,*,#3050,.T.);
#4089=ORIENTED_EDGE('',*,*,#3051,.F.);
#4090=ORIENTED_EDGE('',*,*,#3052,.T.);
#4091=ORIENTED_EDGE('',*,*,#3048,.T.);
#4092=ORIENTED_EDGE('',*,*,#3053,.T.);
#4093=ORIENTED_EDGE('',*,*,#3054,.F.);
#4094=ORIENTED_EDGE('',*,*,#3055,.T.);
#4095=ORIENTED_EDGE('',*,*,#3056,.T.);
#4096=ORIENTED_EDGE('',*,*,#3057,.T.);
#4097=ORIENTED_EDGE('',*,*,#3058,.F.);
#4098=ORIENTED_EDGE('',*,*,#3059,.F.);
#4099=ORIENTED_EDGE('',*,*,#3060,.F.);
#4100=ORIENTED_EDGE('',*,*,#3061,.F.);
#4101=ORIENTED_EDGE('',*,*,#3062,.F.);
#4102=ORIENTED_EDGE('',*,*,#3063,.T.);
#4103=ORIENTED_EDGE('',*,*,#3064,.T.);
#4104=ORIENTED_EDGE('',*,*,#3065,.T.);
#4105=ORIENTED_EDGE('',*,*,#3066,.T.);
#4106=ORIENTED_EDGE('',*,*,#3067,.T.);
#4107=ORIENTED_EDGE('',*,*,#3050,.F.);
#4108=ORIENTED_EDGE('',*,*,#3068,.F.);
#4109=ORIENTED_EDGE('',*,*,#3069,.F.);
#4110=ORIENTED_EDGE('',*,*,#3070,.F.);
#4111=ORIENTED_EDGE('',*,*,#3058,.T.);
#4112=ORIENTED_EDGE('',*,*,#3071,.F.);
#4113=ORIENTED_EDGE('',*,*,#3062,.T.);
#4114=ORIENTED_EDGE('',*,*,#3072,.T.);
#4115=ORIENTED_EDGE('',*,*,#3073,.F.);
#4116=ORIENTED_EDGE('',*,*,#3052,.F.);
#4117=ORIENTED_EDGE('',*,*,#3074,.T.);
#4118=ORIENTED_EDGE('',*,*,#3075,.T.);
#4119=ORIENTED_EDGE('',*,*,#3054,.T.);
#4120=ORIENTED_EDGE('',*,*,#3076,.T.);
#4121=ORIENTED_EDGE('',*,*,#3077,.T.);
#4122=ORIENTED_EDGE('',*,*,#3078,.F.);
#4123=ORIENTED_EDGE('',*,*,#3079,.F.);
#4124=ORIENTED_EDGE('',*,*,#3066,.F.);
#4125=ORIENTED_EDGE('',*,*,#3080,.T.);
#4126=ORIENTED_EDGE('',*,*,#3081,.T.);
#4127=ORIENTED_EDGE('',*,*,#3082,.F.);
#4128=ORIENTED_EDGE('',*,*,#3083,.F.);
#4129=ORIENTED_EDGE('',*,*,#3078,.T.);
#4130=ORIENTED_EDGE('',*,*,#3084,.T.);
#4131=ORIENTED_EDGE('',*,*,#3075,.F.);
#4132=ORIENTED_EDGE('',*,*,#3085,.F.);
#4133=ORIENTED_EDGE('',*,*,#3082,.T.);
#4134=ORIENTED_EDGE('',*,*,#3067,.F.);
#4135=ORIENTED_EDGE('',*,*,#3079,.T.);
#4136=ORIENTED_EDGE('',*,*,#3083,.T.);
#4137=ORIENTED_EDGE('',*,*,#3085,.T.);
#4138=ORIENTED_EDGE('',*,*,#3074,.F.);
#4139=ORIENTED_EDGE('',*,*,#3051,.T.);
#4140=ORIENTED_EDGE('',*,*,#3077,.F.);
#4141=ORIENTED_EDGE('',*,*,#3086,.T.);
#4142=ORIENTED_EDGE('',*,*,#3046,.F.);
#4143=ORIENTED_EDGE('',*,*,#3073,.T.);
#4144=ORIENTED_EDGE('',*,*,#3084,.F.);
#4145=ORIENTED_EDGE('',*,*,#3081,.F.);
#4146=ORIENTED_EDGE('',*,*,#3087,.F.);
#4147=ORIENTED_EDGE('',*,*,#3068,.T.);
#4148=ORIENTED_EDGE('',*,*,#3049,.T.);
#4149=ORIENTED_EDGE('',*,*,#3061,.T.);
#4150=ORIENTED_EDGE('',*,*,#3088,.F.);
#4151=ORIENTED_EDGE('',*,*,#3069,.T.);
#4152=ORIENTED_EDGE('',*,*,#3087,.T.);
#4153=ORIENTED_EDGE('',*,*,#3060,.T.);
#4154=ORIENTED_EDGE('',*,*,#3072,.F.);
#4155=ORIENTED_EDGE('',*,*,#3070,.T.);
#4156=ORIENTED_EDGE('',*,*,#3088,.T.);
#4157=ORIENTED_EDGE('',*,*,#3059,.T.);
#4158=ORIENTED_EDGE('',*,*,#3063,.F.);
#4159=ORIENTED_EDGE('',*,*,#3071,.T.);
#4160=ORIENTED_EDGE('',*,*,#3057,.F.);
#4161=ORIENTED_EDGE('',*,*,#3089,.F.);
#4162=ORIENTED_EDGE('',*,*,#3064,.F.);
#4163=ORIENTED_EDGE('',*,*,#3089,.T.);
#4164=ORIENTED_EDGE('',*,*,#3056,.F.);
#4165=ORIENTED_EDGE('',*,*,#3090,.F.);
#4166=ORIENTED_EDGE('',*,*,#3065,.F.);
#4167=ORIENTED_EDGE('',*,*,#3090,.T.);
#4168=ORIENTED_EDGE('',*,*,#3055,.F.);
#4169=ORIENTED_EDGE('',*,*,#3080,.F.);
#4170=ORIENTED_EDGE('',*,*,#3047,.F.);
#4171=ORIENTED_EDGE('',*,*,#3086,.F.);
#4172=ORIENTED_EDGE('',*,*,#3076,.F.);
#4173=ORIENTED_EDGE('',*,*,#3053,.F.);
#4174=ORIENTED_EDGE('',*,*,#3091,.F.);
#4175=ORIENTED_EDGE('',*,*,#3092,.F.);
#4176=ORIENTED_EDGE('',*,*,#3093,.F.);
#4177=ORIENTED_EDGE('',*,*,#3094,.T.);
#4178=ORIENTED_EDGE('',*,*,#3095,.F.);
#4179=ORIENTED_EDGE('',*,*,#3096,.F.);
#4180=ORIENTED_EDGE('',*,*,#3091,.T.);
#4181=ORIENTED_EDGE('',*,*,#3097,.T.);
#4182=ORIENTED_EDGE('',*,*,#3098,.F.);
#4183=ORIENTED_EDGE('',*,*,#3099,.F.);
#4184=ORIENTED_EDGE('',*,*,#3095,.T.);
#4185=ORIENTED_EDGE('',*,*,#3100,.T.);
#4186=ORIENTED_EDGE('',*,*,#3101,.F.);
#4187=ORIENTED_EDGE('',*,*,#3102,.F.);
#4188=ORIENTED_EDGE('',*,*,#3098,.T.);
#4189=ORIENTED_EDGE('',*,*,#3103,.T.);
#4190=ORIENTED_EDGE('',*,*,#3104,.F.);
#4191=ORIENTED_EDGE('',*,*,#3105,.F.);
#4192=ORIENTED_EDGE('',*,*,#3101,.T.);
#4193=ORIENTED_EDGE('',*,*,#3106,.T.);
#4194=ORIENTED_EDGE('',*,*,#3107,.F.);
#4195=ORIENTED_EDGE('',*,*,#3108,.F.);
#4196=ORIENTED_EDGE('',*,*,#3104,.T.);
#4197=ORIENTED_EDGE('',*,*,#3109,.T.);
#4198=ORIENTED_EDGE('',*,*,#3110,.F.);
#4199=ORIENTED_EDGE('',*,*,#3111,.F.);
#4200=ORIENTED_EDGE('',*,*,#3107,.T.);
#4201=ORIENTED_EDGE('',*,*,#3112,.T.);
#4202=ORIENTED_EDGE('',*,*,#3113,.F.);
#4203=ORIENTED_EDGE('',*,*,#3114,.T.);
#4204=ORIENTED_EDGE('',*,*,#3115,.T.);
#4205=ORIENTED_EDGE('',*,*,#3116,.F.);
#4206=ORIENTED_EDGE('',*,*,#3117,.F.);
#4207=ORIENTED_EDGE('',*,*,#3118,.T.);
#4208=ORIENTED_EDGE('',*,*,#3113,.T.);
#4209=ORIENTED_EDGE('',*,*,#3119,.F.);
#4210=ORIENTED_EDGE('',*,*,#3120,.F.);
#4211=ORIENTED_EDGE('',*,*,#3121,.T.);
#4212=ORIENTED_EDGE('',*,*,#3117,.T.);
#4213=ORIENTED_EDGE('',*,*,#3122,.F.);
#4214=ORIENTED_EDGE('',*,*,#3123,.F.);
#4215=ORIENTED_EDGE('',*,*,#3124,.T.);
#4216=ORIENTED_EDGE('',*,*,#3120,.T.);
#4217=ORIENTED_EDGE('',*,*,#3125,.F.);
#4218=ORIENTED_EDGE('',*,*,#3126,.F.);
#4219=ORIENTED_EDGE('',*,*,#3127,.T.);
#4220=ORIENTED_EDGE('',*,*,#3123,.T.);
#4221=ORIENTED_EDGE('',*,*,#3128,.F.);
#4222=ORIENTED_EDGE('',*,*,#3129,.F.);
#4223=ORIENTED_EDGE('',*,*,#3130,.T.);
#4224=ORIENTED_EDGE('',*,*,#3126,.T.);
#4225=ORIENTED_EDGE('',*,*,#3131,.F.);
#4226=ORIENTED_EDGE('',*,*,#3132,.F.);
#4227=ORIENTED_EDGE('',*,*,#3133,.T.);
#4228=ORIENTED_EDGE('',*,*,#3129,.T.);
#4229=ORIENTED_EDGE('',*,*,#3134,.F.);
#4230=ORIENTED_EDGE('',*,*,#3135,.F.);
#4231=ORIENTED_EDGE('',*,*,#3136,.F.);
#4232=ORIENTED_EDGE('',*,*,#3137,.T.);
#4233=ORIENTED_EDGE('',*,*,#3132,.T.);
#4234=ORIENTED_EDGE('',*,*,#3138,.F.);
#4235=ORIENTED_EDGE('',*,*,#3139,.F.);
#4236=ORIENTED_EDGE('',*,*,#3140,.F.);
#4237=ORIENTED_EDGE('',*,*,#3141,.F.);
#4238=ORIENTED_EDGE('',*,*,#3142,.F.);
#4239=ORIENTED_EDGE('',*,*,#3143,.F.);
#4240=ORIENTED_EDGE('',*,*,#3144,.F.);
#4241=ORIENTED_EDGE('',*,*,#3139,.T.);
#4242=ORIENTED_EDGE('',*,*,#3145,.T.);
#4243=ORIENTED_EDGE('',*,*,#3146,.F.);
#4244=ORIENTED_EDGE('',*,*,#3147,.T.);
#4245=ORIENTED_EDGE('',*,*,#3148,.F.);
#4246=ORIENTED_EDGE('',*,*,#3149,.T.);
#4247=ORIENTED_EDGE('',*,*,#3150,.F.);
#4248=ORIENTED_EDGE('',*,*,#3151,.T.);
#4249=ORIENTED_EDGE('',*,*,#3152,.F.);
#4250=ORIENTED_EDGE('',*,*,#3149,.F.);
#4251=ORIENTED_EDGE('',*,*,#3153,.F.);
#4252=ORIENTED_EDGE('',*,*,#3154,.T.);
#4253=ORIENTED_EDGE('',*,*,#3155,.F.);
#4254=ORIENTED_EDGE('',*,*,#3147,.F.);
#4255=ORIENTED_EDGE('',*,*,#3156,.F.);
#4256=ORIENTED_EDGE('',*,*,#3151,.F.);
#4257=ORIENTED_EDGE('',*,*,#3157,.F.);
#4258=ORIENTED_EDGE('',*,*,#3154,.F.);
#4259=ORIENTED_EDGE('',*,*,#3158,.F.);
#4260=ORIENTED_EDGE('',*,*,#3159,.T.);
#4261=ORIENTED_EDGE('',*,*,#3157,.T.);
#4262=ORIENTED_EDGE('',*,*,#3160,.T.);
#4263=ORIENTED_EDGE('',*,*,#3161,.F.);
#4264=ORIENTED_EDGE('',*,*,#3162,.T.);
#4265=ORIENTED_EDGE('',*,*,#3155,.T.);
#4266=ORIENTED_EDGE('',*,*,#3159,.F.);
#4267=ORIENTED_EDGE('',*,*,#3163,.F.);
#4268=ORIENTED_EDGE('',*,*,#3160,.F.);
#4269=ORIENTED_EDGE('',*,*,#3153,.T.);
#4270=ORIENTED_EDGE('',*,*,#3164,.T.);
#4271=ORIENTED_EDGE('',*,*,#3165,.F.);
#4272=ORIENTED_EDGE('',*,*,#3164,.F.);
#4273=ORIENTED_EDGE('',*,*,#3148,.T.);
#4274=ORIENTED_EDGE('',*,*,#3162,.F.);
#4275=ORIENTED_EDGE('',*,*,#3166,.F.);
#4276=ORIENTED_EDGE('',*,*,#3163,.T.);
#4277=ORIENTED_EDGE('',*,*,#3161,.T.);
#4278=ORIENTED_EDGE('',*,*,#3165,.T.);
#4279=ORIENTED_EDGE('',*,*,#3166,.T.);
#4280=ORIENTED_EDGE('',*,*,#3167,.T.);
#4281=ORIENTED_EDGE('',*,*,#3168,.F.);
#4282=ORIENTED_EDGE('',*,*,#3169,.T.);
#4283=ORIENTED_EDGE('',*,*,#3170,.F.);
#4284=ORIENTED_EDGE('',*,*,#3171,.T.);
#4285=ORIENTED_EDGE('',*,*,#3172,.F.);
#4286=ORIENTED_EDGE('',*,*,#3169,.F.);
#4287=ORIENTED_EDGE('',*,*,#3173,.F.);
#4288=ORIENTED_EDGE('',*,*,#3174,.T.);
#4289=ORIENTED_EDGE('',*,*,#3175,.F.);
#4290=ORIENTED_EDGE('',*,*,#3167,.F.);
#4291=ORIENTED_EDGE('',*,*,#3176,.F.);
#4292=ORIENTED_EDGE('',*,*,#3171,.F.);
#4293=ORIENTED_EDGE('',*,*,#3177,.F.);
#4294=ORIENTED_EDGE('',*,*,#3174,.F.);
#4295=ORIENTED_EDGE('',*,*,#3178,.F.);
#4296=ORIENTED_EDGE('',*,*,#3179,.T.);
#4297=ORIENTED_EDGE('',*,*,#3170,.T.);
#4298=ORIENTED_EDGE('',*,*,#3180,.T.);
#4299=ORIENTED_EDGE('',*,*,#3181,.F.);
#4300=ORIENTED_EDGE('',*,*,#3180,.F.);
#4301=ORIENTED_EDGE('',*,*,#3172,.T.);
#4302=ORIENTED_EDGE('',*,*,#3182,.T.);
#4303=ORIENTED_EDGE('',*,*,#3183,.F.);
#4304=ORIENTED_EDGE('',*,*,#3184,.T.);
#4305=ORIENTED_EDGE('',*,*,#3176,.T.);
#4306=ORIENTED_EDGE('',*,*,#3179,.F.);
#4307=ORIENTED_EDGE('',*,*,#3185,.F.);
#4308=ORIENTED_EDGE('',*,*,#3182,.F.);
#4309=ORIENTED_EDGE('',*,*,#3178,.T.);
#4310=ORIENTED_EDGE('',*,*,#3184,.F.);
#4311=ORIENTED_EDGE('',*,*,#3186,.F.);
#4312=ORIENTED_EDGE('',*,*,#3185,.T.);
#4313=ORIENTED_EDGE('',*,*,#3181,.T.);
#4314=ORIENTED_EDGE('',*,*,#3183,.T.);
#4315=ORIENTED_EDGE('',*,*,#3186,.T.);
#4316=ORIENTED_EDGE('',*,*,#3187,.F.);
#4317=ORIENTED_EDGE('',*,*,#3188,.F.);
#4318=ORIENTED_EDGE('',*,*,#3189,.F.);
#4319=ORIENTED_EDGE('',*,*,#3190,.F.);
#4320=ORIENTED_EDGE('',*,*,#3191,.F.);
#4321=ORIENTED_EDGE('',*,*,#3192,.F.);
#4322=ORIENTED_EDGE('',*,*,#3193,.F.);
#4323=ORIENTED_EDGE('',*,*,#3188,.T.);
#4324=ORIENTED_EDGE('',*,*,#3194,.T.);
#4325=ORIENTED_EDGE('',*,*,#3195,.T.);
#4326=ORIENTED_EDGE('',*,*,#3196,.F.);
#4327=ORIENTED_EDGE('',*,*,#3189,.T.);
#4328=ORIENTED_EDGE('',*,*,#3193,.T.);
#4329=ORIENTED_EDGE('',*,*,#3197,.F.);
#4330=ORIENTED_EDGE('',*,*,#3198,.F.);
#4331=ORIENTED_EDGE('',*,*,#3199,.F.);
#4332=ORIENTED_EDGE('',*,*,#3200,.F.);
#4333=ORIENTED_EDGE('',*,*,#3190,.T.);
#4334=ORIENTED_EDGE('',*,*,#3196,.T.);
#4335=ORIENTED_EDGE('',*,*,#3201,.F.);
#4336=ORIENTED_EDGE('',*,*,#3194,.F.);
#4337=ORIENTED_EDGE('',*,*,#3187,.T.);
#4338=ORIENTED_EDGE('',*,*,#3200,.T.);
#4339=ORIENTED_EDGE('',*,*,#3202,.T.);
#4340=ORIENTED_EDGE('',*,*,#3203,.T.);
#4341=ORIENTED_EDGE('',*,*,#3204,.T.);
#4342=ORIENTED_EDGE('',*,*,#3205,.T.);
#4343=ORIENTED_EDGE('',*,*,#3206,.T.);
#4344=ORIENTED_EDGE('',*,*,#3207,.T.);
#4345=ORIENTED_EDGE('',*,*,#3208,.T.);
#4346=ORIENTED_EDGE('',*,*,#3209,.F.);
#4347=ORIENTED_EDGE('',*,*,#3204,.F.);
#4348=ORIENTED_EDGE('',*,*,#3210,.T.);
#4349=ORIENTED_EDGE('',*,*,#3211,.T.);
#4350=ORIENTED_EDGE('',*,*,#3212,.T.);
#4351=ORIENTED_EDGE('',*,*,#3213,.F.);
#4352=ORIENTED_EDGE('',*,*,#3205,.F.);
#4353=ORIENTED_EDGE('',*,*,#3209,.T.);
#4354=ORIENTED_EDGE('',*,*,#3214,.T.);
#4355=ORIENTED_EDGE('',*,*,#3215,.F.);
#4356=ORIENTED_EDGE('',*,*,#3216,.F.);
#4357=ORIENTED_EDGE('',*,*,#3206,.F.);
#4358=ORIENTED_EDGE('',*,*,#3213,.T.);
#4359=ORIENTED_EDGE('',*,*,#3217,.T.);
#4360=ORIENTED_EDGE('',*,*,#3218,.F.);
#4361=ORIENTED_EDGE('',*,*,#3210,.F.);
#4362=ORIENTED_EDGE('',*,*,#3203,.F.);
#4363=ORIENTED_EDGE('',*,*,#3216,.T.);
#4364=ORIENTED_EDGE('',*,*,#3219,.F.);
#4365=ORIENTED_EDGE('',*,*,#3220,.F.);
#4366=ORIENTED_EDGE('',*,*,#3221,.F.);
#4367=ORIENTED_EDGE('',*,*,#3222,.F.);
#4368=ORIENTED_EDGE('',*,*,#3223,.F.);
#4369=ORIENTED_EDGE('',*,*,#3224,.F.);
#4370=ORIENTED_EDGE('',*,*,#3225,.F.);
#4371=ORIENTED_EDGE('',*,*,#3226,.F.);
#4372=ORIENTED_EDGE('',*,*,#3227,.F.);
#4373=ORIENTED_EDGE('',*,*,#3228,.F.);
#4374=ORIENTED_EDGE('',*,*,#3229,.F.);
#4375=ORIENTED_EDGE('',*,*,#3230,.F.);
#4376=ORIENTED_EDGE('',*,*,#3231,.F.);
#4377=ORIENTED_EDGE('',*,*,#3232,.F.);
#4378=ORIENTED_EDGE('',*,*,#3233,.F.);
#4379=ORIENTED_EDGE('',*,*,#3234,.F.);
#4380=ORIENTED_EDGE('',*,*,#3235,.F.);
#4381=ORIENTED_EDGE('',*,*,#3236,.F.);
#4382=ORIENTED_EDGE('',*,*,#3237,.F.);
#4383=ORIENTED_EDGE('',*,*,#3238,.F.);
#4384=ORIENTED_EDGE('',*,*,#3239,.F.);
#4385=ORIENTED_EDGE('',*,*,#3240,.F.);
#4386=ORIENTED_EDGE('',*,*,#3241,.F.);
#4387=ORIENTED_EDGE('',*,*,#3242,.F.);
#4388=ORIENTED_EDGE('',*,*,#3243,.F.);
#4389=ORIENTED_EDGE('',*,*,#3233,.T.);
#4390=ORIENTED_EDGE('',*,*,#3244,.F.);
#4391=ORIENTED_EDGE('',*,*,#3245,.F.);
#4392=ORIENTED_EDGE('',*,*,#3246,.F.);
#4393=ORIENTED_EDGE('',*,*,#3247,.F.);
#4394=ORIENTED_EDGE('',*,*,#3248,.F.);
#4395=ORIENTED_EDGE('',*,*,#3249,.F.);
#4396=ORIENTED_EDGE('',*,*,#3250,.F.);
#4397=ORIENTED_EDGE('',*,*,#3251,.F.);
#4398=ORIENTED_EDGE('',*,*,#3252,.F.);
#4399=ORIENTED_EDGE('',*,*,#3253,.F.);
#4400=ORIENTED_EDGE('',*,*,#3254,.F.);
#4401=ORIENTED_EDGE('',*,*,#3255,.F.);
#4402=ORIENTED_EDGE('',*,*,#3227,.T.);
#4403=ORIENTED_EDGE('',*,*,#3256,.F.);
#4404=ORIENTED_EDGE('',*,*,#3257,.F.);
#4405=ORIENTED_EDGE('',*,*,#3258,.F.);
#4406=ORIENTED_EDGE('',*,*,#3259,.F.);
#4407=ORIENTED_EDGE('',*,*,#3260,.F.);
#4408=ORIENTED_EDGE('',*,*,#3261,.F.);
#4409=ORIENTED_EDGE('',*,*,#3262,.F.);
#4410=ORIENTED_EDGE('',*,*,#3263,.F.);
#4411=ORIENTED_EDGE('',*,*,#3264,.F.);
#4412=ORIENTED_EDGE('',*,*,#3265,.F.);
#4413=ORIENTED_EDGE('',*,*,#3266,.F.);
#4414=ORIENTED_EDGE('',*,*,#3267,.F.);
#4415=ORIENTED_EDGE('',*,*,#3221,.T.);
#4416=ORIENTED_EDGE('',*,*,#3268,.F.);
#4417=ORIENTED_EDGE('',*,*,#3269,.F.);
#4418=ORIENTED_EDGE('',*,*,#3270,.F.);
#4419=ORIENTED_EDGE('',*,*,#3271,.F.);
#4420=ORIENTED_EDGE('',*,*,#3272,.F.);
#4421=ORIENTED_EDGE('',*,*,#3273,.F.);
#4422=ORIENTED_EDGE('',*,*,#3274,.F.);
#4423=ORIENTED_EDGE('',*,*,#3275,.F.);
#4424=ORIENTED_EDGE('',*,*,#3276,.F.);
#4425=ORIENTED_EDGE('',*,*,#3277,.F.);
#4426=ORIENTED_EDGE('',*,*,#3278,.F.);
#4427=ORIENTED_EDGE('',*,*,#3279,.F.);
#4428=ORIENTED_EDGE('',*,*,#3223,.T.);
#4429=ORIENTED_EDGE('',*,*,#3280,.F.);
#4430=ORIENTED_EDGE('',*,*,#3281,.F.);
#4431=ORIENTED_EDGE('',*,*,#3282,.F.);
#4432=ORIENTED_EDGE('',*,*,#3283,.T.);
#4433=ORIENTED_EDGE('',*,*,#3237,.T.);
#4434=ORIENTED_EDGE('',*,*,#3284,.F.);
#4435=ORIENTED_EDGE('',*,*,#3285,.T.);
#4436=ORIENTED_EDGE('',*,*,#3286,.T.);
#4437=ORIENTED_EDGE('',*,*,#3287,.T.);
#4438=ORIENTED_EDGE('',*,*,#3288,.T.);
#4439=ORIENTED_EDGE('',*,*,#3277,.T.);
#4440=ORIENTED_EDGE('',*,*,#3289,.T.);
#4441=ORIENTED_EDGE('',*,*,#3239,.T.);
#4442=ORIENTED_EDGE('',*,*,#3290,.T.);
#4443=ORIENTED_EDGE('',*,*,#3271,.T.);
#4444=ORIENTED_EDGE('',*,*,#3291,.F.);
#4445=ORIENTED_EDGE('',*,*,#3292,.T.);
#4446=ORIENTED_EDGE('',*,*,#3293,.T.);
#4447=ORIENTED_EDGE('',*,*,#3294,.F.);
#4448=ORIENTED_EDGE('',*,*,#3295,.F.);
#4449=ORIENTED_EDGE('',*,*,#3286,.F.);
#4450=ORIENTED_EDGE('',*,*,#3296,.T.);
#4451=ORIENTED_EDGE('',*,*,#3293,.F.);
#4452=ORIENTED_EDGE('',*,*,#3297,.T.);
#4453=ORIENTED_EDGE('',*,*,#3298,.T.);
#4454=ORIENTED_EDGE('',*,*,#3299,.F.);
#4455=ORIENTED_EDGE('',*,*,#3300,.F.);
#4456=ORIENTED_EDGE('',*,*,#3301,.F.);
#4457=ORIENTED_EDGE('',*,*,#3302,.F.);
#4458=ORIENTED_EDGE('',*,*,#3303,.F.);
#4459=ORIENTED_EDGE('',*,*,#3304,.F.);
#4460=ORIENTED_EDGE('',*,*,#3305,.F.);
#4461=ORIENTED_EDGE('',*,*,#3306,.F.);
#4462=ORIENTED_EDGE('',*,*,#3307,.F.);
#4463=ORIENTED_EDGE('',*,*,#3308,.F.);
#4464=ORIENTED_EDGE('',*,*,#3309,.F.);
#4465=ORIENTED_EDGE('',*,*,#3310,.T.);
#4466=ORIENTED_EDGE('',*,*,#3311,.F.);
#4467=ORIENTED_EDGE('',*,*,#3312,.F.);
#4468=ORIENTED_EDGE('',*,*,#3313,.T.);
#4469=ORIENTED_EDGE('',*,*,#3304,.T.);
#4470=ORIENTED_EDGE('',*,*,#3314,.F.);
#4471=ORIENTED_EDGE('',*,*,#3310,.F.);
#4472=ORIENTED_EDGE('',*,*,#3315,.F.);
#4473=ORIENTED_EDGE('',*,*,#3302,.T.);
#4474=ORIENTED_EDGE('',*,*,#3316,.T.);
#4475=ORIENTED_EDGE('',*,*,#3308,.T.);
#4476=ORIENTED_EDGE('',*,*,#3317,.T.);
#4477=ORIENTED_EDGE('',*,*,#3318,.T.);
#4478=ORIENTED_EDGE('',*,*,#3319,.F.);
#4479=ORIENTED_EDGE('',*,*,#3320,.T.);
#4480=ORIENTED_EDGE('',*,*,#3321,.F.);
#4481=ORIENTED_EDGE('',*,*,#3322,.T.);
#4482=ORIENTED_EDGE('',*,*,#3323,.T.);
#4483=ORIENTED_EDGE('',*,*,#3324,.T.);
#4484=ORIENTED_EDGE('',*,*,#3325,.T.);
#4485=ORIENTED_EDGE('',*,*,#3326,.T.);
#4486=ORIENTED_EDGE('',*,*,#3327,.F.);
#4487=ORIENTED_EDGE('',*,*,#3324,.F.);
#4488=ORIENTED_EDGE('',*,*,#3328,.F.);
#4489=ORIENTED_EDGE('',*,*,#3329,.F.);
#4490=ORIENTED_EDGE('',*,*,#3330,.T.);
#4491=ORIENTED_EDGE('',*,*,#3331,.T.);
#4492=ORIENTED_EDGE('',*,*,#3332,.T.);
#4493=ORIENTED_EDGE('',*,*,#3333,.T.);
#4494=ORIENTED_EDGE('',*,*,#3334,.F.);
#4495=ORIENTED_EDGE('',*,*,#3331,.F.);
#4496=ORIENTED_EDGE('',*,*,#3335,.T.);
#4497=ORIENTED_EDGE('',*,*,#3312,.T.);
#4498=ORIENTED_EDGE('',*,*,#3336,.F.);
#4499=ORIENTED_EDGE('',*,*,#3337,.F.);
#4500=ORIENTED_EDGE('',*,*,#3338,.F.);
#4501=ORIENTED_EDGE('',*,*,#3339,.T.);
#4502=ORIENTED_EDGE('',*,*,#3329,.T.);
#4503=ORIENTED_EDGE('',*,*,#3340,.F.);
#4504=ORIENTED_EDGE('',*,*,#3341,.F.);
#4505=ORIENTED_EDGE('',*,*,#3342,.T.);
#4506=ORIENTED_EDGE('',*,*,#3337,.T.);
#4507=ORIENTED_EDGE('',*,*,#3343,.F.);
#4508=ORIENTED_EDGE('',*,*,#3344,.F.);
#4509=ORIENTED_EDGE('',*,*,#3345,.T.);
#4510=ORIENTED_EDGE('',*,*,#3346,.T.);
#4511=ORIENTED_EDGE('',*,*,#3347,.F.);
#4512=ORIENTED_EDGE('',*,*,#3348,.F.);
#4513=ORIENTED_EDGE('',*,*,#3349,.F.);
#4514=ORIENTED_EDGE('',*,*,#3350,.F.);
#4515=ORIENTED_EDGE('',*,*,#3351,.F.);
#4516=ORIENTED_EDGE('',*,*,#3352,.T.);
#4517=ORIENTED_EDGE('',*,*,#3353,.T.);
#4518=ORIENTED_EDGE('',*,*,#3354,.T.);
#4519=ORIENTED_EDGE('',*,*,#3355,.F.);
#4520=ORIENTED_EDGE('',*,*,#3356,.F.);
#4521=ORIENTED_EDGE('',*,*,#3351,.T.);
#4522=ORIENTED_EDGE('',*,*,#3350,.T.);
#4523=ORIENTED_EDGE('',*,*,#3357,.T.);
#4524=ORIENTED_EDGE('',*,*,#3358,.F.);
#4525=ORIENTED_EDGE('',*,*,#3352,.F.);
#4526=ORIENTED_EDGE('',*,*,#3359,.F.);
#4527=ORIENTED_EDGE('',*,*,#3360,.F.);
#4528=ORIENTED_EDGE('',*,*,#3361,.F.);
#4529=ORIENTED_EDGE('',*,*,#3362,.F.);
#4530=ORIENTED_EDGE('',*,*,#3363,.F.);
#4531=ORIENTED_EDGE('',*,*,#3359,.T.);
#4532=ORIENTED_EDGE('',*,*,#3364,.T.);
#4533=ORIENTED_EDGE('',*,*,#3365,.F.);
#4534=ORIENTED_EDGE('',*,*,#3366,.T.);
#4535=ORIENTED_EDGE('',*,*,#3367,.F.);
#4536=ORIENTED_EDGE('',*,*,#3346,.F.);
#4537=ORIENTED_EDGE('',*,*,#3368,.T.);
#4538=ORIENTED_EDGE('',*,*,#3364,.F.);
#4539=ORIENTED_EDGE('',*,*,#3362,.T.);
#4540=ORIENTED_EDGE('',*,*,#3369,.F.);
#4541=ORIENTED_EDGE('',*,*,#3370,.F.);
#4542=ORIENTED_EDGE('',*,*,#3371,.F.);
#4543=ORIENTED_EDGE('',*,*,#3372,.F.);
#4544=ORIENTED_EDGE('',*,*,#3349,.T.);
#4545=ORIENTED_EDGE('',*,*,#3373,.F.);
#4546=ORIENTED_EDGE('',*,*,#3374,.T.);
#4547=ORIENTED_EDGE('',*,*,#3375,.F.);
#4548=ORIENTED_EDGE('',*,*,#3376,.F.);
#4549=ORIENTED_EDGE('',*,*,#3357,.F.);
#4550=ORIENTED_EDGE('',*,*,#3363,.T.);
#4551=ORIENTED_EDGE('',*,*,#3377,.T.);
#4552=ORIENTED_EDGE('',*,*,#3378,.F.);
#4553=ORIENTED_EDGE('',*,*,#3379,.F.);
#4554=ORIENTED_EDGE('',*,*,#3380,.F.);
#4555=ORIENTED_EDGE('',*,*,#3360,.T.);
#4556=ORIENTED_EDGE('',*,*,#3381,.T.);
#4557=ORIENTED_EDGE('',*,*,#3263,.T.);
#4558=ORIENTED_EDGE('',*,*,#3382,.T.);
#4559=ORIENTED_EDGE('',*,*,#3251,.T.);
#4560=ORIENTED_EDGE('',*,*,#3383,.F.);
#4561=ORIENTED_EDGE('',*,*,#3384,.T.);
#4562=ORIENTED_EDGE('',*,*,#3385,.T.);
#4563=ORIENTED_EDGE('',*,*,#3386,.T.);
#4564=ORIENTED_EDGE('',*,*,#3387,.T.);
#4565=ORIENTED_EDGE('',*,*,#3261,.T.);
#4566=ORIENTED_EDGE('',*,*,#3388,.F.);
#4567=ORIENTED_EDGE('',*,*,#3389,.T.);
#4568=ORIENTED_EDGE('',*,*,#3390,.T.);
#4569=ORIENTED_EDGE('',*,*,#3391,.F.);
#4570=ORIENTED_EDGE('',*,*,#3392,.T.);
#4571=ORIENTED_EDGE('',*,*,#3249,.T.);
#4572=ORIENTED_EDGE('',*,*,#3393,.T.);
#4573=ORIENTED_EDGE('',*,*,#3390,.F.);
#4574=ORIENTED_EDGE('',*,*,#3394,.F.);
#4575=ORIENTED_EDGE('',*,*,#3385,.F.);
#4576=ORIENTED_EDGE('',*,*,#3395,.F.);
#4577=ORIENTED_EDGE('',*,*,#3396,.F.);
#4578=ORIENTED_EDGE('',*,*,#3397,.F.);
#4579=ORIENTED_EDGE('',*,*,#3398,.F.);
#4580=ORIENTED_EDGE('',*,*,#3399,.F.);
#4581=ORIENTED_EDGE('',*,*,#3400,.F.);
#4582=ORIENTED_EDGE('',*,*,#3401,.F.);
#4583=ORIENTED_EDGE('',*,*,#3402,.F.);
#4584=ORIENTED_EDGE('',*,*,#3403,.F.);
#4585=ORIENTED_EDGE('',*,*,#3404,.F.);
#4586=ORIENTED_EDGE('',*,*,#3405,.F.);
#4587=ORIENTED_EDGE('',*,*,#3406,.F.);
#4588=ORIENTED_EDGE('',*,*,#3407,.F.);
#4589=ORIENTED_EDGE('',*,*,#3408,.F.);
#4590=ORIENTED_EDGE('',*,*,#3409,.F.);
#4591=ORIENTED_EDGE('',*,*,#3410,.F.);
#4592=ORIENTED_EDGE('',*,*,#3411,.F.);
#4593=ORIENTED_EDGE('',*,*,#3412,.F.);
#4594=ORIENTED_EDGE('',*,*,#3413,.F.);
#4595=ORIENTED_EDGE('',*,*,#3414,.F.);
#4596=ORIENTED_EDGE('',*,*,#3415,.F.);
#4597=ORIENTED_EDGE('',*,*,#3416,.F.);
#4598=ORIENTED_EDGE('',*,*,#3417,.F.);
#4599=ORIENTED_EDGE('',*,*,#3418,.F.);
#4600=ORIENTED_EDGE('',*,*,#3419,.F.);
#4601=ORIENTED_EDGE('',*,*,#3420,.F.);
#4602=ORIENTED_EDGE('',*,*,#3421,.F.);
#4603=ORIENTED_EDGE('',*,*,#3422,.F.);
#4604=ORIENTED_EDGE('',*,*,#3423,.T.);
#4605=ORIENTED_EDGE('',*,*,#3420,.T.);
#4606=ORIENTED_EDGE('',*,*,#3424,.F.);
#4607=ORIENTED_EDGE('',*,*,#3425,.T.);
#4608=ORIENTED_EDGE('',*,*,#3426,.F.);
#4609=ORIENTED_EDGE('',*,*,#3427,.F.);
#4610=ORIENTED_EDGE('',*,*,#3428,.T.);
#4611=ORIENTED_EDGE('',*,*,#3429,.T.);
#4612=ORIENTED_EDGE('',*,*,#3430,.T.);
#4613=ORIENTED_EDGE('',*,*,#3428,.F.);
#4614=ORIENTED_EDGE('',*,*,#3431,.F.);
#4615=ORIENTED_EDGE('',*,*,#3432,.T.);
#4616=ORIENTED_EDGE('',*,*,#3433,.F.);
#4617=ORIENTED_EDGE('',*,*,#3434,.F.);
#4618=ORIENTED_EDGE('',*,*,#3435,.T.);
#4619=ORIENTED_EDGE('',*,*,#3436,.T.);
#4620=ORIENTED_EDGE('',*,*,#3437,.F.);
#4621=ORIENTED_EDGE('',*,*,#3414,.T.);
#4622=ORIENTED_EDGE('',*,*,#3438,.T.);
#4623=ORIENTED_EDGE('',*,*,#3435,.F.);
#4624=ORIENTED_EDGE('',*,*,#3439,.T.);
#4625=ORIENTED_EDGE('',*,*,#3412,.T.);
#4626=ORIENTED_EDGE('',*,*,#3440,.F.);
#4627=ORIENTED_EDGE('',*,*,#3418,.T.);
#4628=ORIENTED_EDGE('',*,*,#3441,.F.);
#4629=ORIENTED_EDGE('',*,*,#3442,.T.);
#4630=ORIENTED_EDGE('',*,*,#3443,.T.);
#4631=ORIENTED_EDGE('',*,*,#3444,.T.);
#4632=ORIENTED_EDGE('',*,*,#3445,.T.);
#4633=ORIENTED_EDGE('',*,*,#3446,.T.);
#4634=ORIENTED_EDGE('',*,*,#3447,.F.);
#4635=ORIENTED_EDGE('',*,*,#3422,.T.);
#4636=ORIENTED_EDGE('',*,*,#3448,.F.);
#4637=ORIENTED_EDGE('',*,*,#3449,.T.);
#4638=ORIENTED_EDGE('',*,*,#3450,.T.);
#4639=ORIENTED_EDGE('',*,*,#3432,.F.);
#4640=ORIENTED_EDGE('',*,*,#3451,.F.);
#4641=ORIENTED_EDGE('',*,*,#3452,.T.);
#4642=ORIENTED_EDGE('',*,*,#3453,.T.);
#4643=ORIENTED_EDGE('',*,*,#3425,.F.);
#4644=ORIENTED_EDGE('',*,*,#3454,.F.);
#4645=ORIENTED_EDGE('',*,*,#3455,.T.);
#4646=ORIENTED_EDGE('',*,*,#3456,.T.);
#4647=ORIENTED_EDGE('',*,*,#3457,.F.);
#4648=ORIENTED_EDGE('',*,*,#3458,.T.);
#4649=ORIENTED_EDGE('',*,*,#3410,.T.);
#4650=ORIENTED_EDGE('',*,*,#3459,.T.);
#4651=ORIENTED_EDGE('',*,*,#3406,.T.);
#4652=ORIENTED_EDGE('',*,*,#3460,.F.);
#4653=ORIENTED_EDGE('',*,*,#3407,.T.);
#4654=ORIENTED_EDGE('',*,*,#3458,.F.);
#4655=ORIENTED_EDGE('',*,*,#3405,.T.);
#4656=ORIENTED_EDGE('',*,*,#3461,.T.);
#4657=ORIENTED_EDGE('',*,*,#3462,.T.);
#4658=ORIENTED_EDGE('',*,*,#3461,.F.);
#4659=ORIENTED_EDGE('',*,*,#3404,.T.);
#4660=ORIENTED_EDGE('',*,*,#3463,.T.);
#4661=ORIENTED_EDGE('',*,*,#3464,.T.);
#4662=ORIENTED_EDGE('',*,*,#3465,.F.);
#4663=ORIENTED_EDGE('',*,*,#3466,.F.);
#4664=ORIENTED_EDGE('',*,*,#3467,.T.);
#4665=ORIENTED_EDGE('',*,*,#3402,.T.);
#4666=ORIENTED_EDGE('',*,*,#3468,.T.);
#4667=ORIENTED_EDGE('',*,*,#3398,.T.);
#4668=ORIENTED_EDGE('',*,*,#3469,.F.);
#4669=ORIENTED_EDGE('',*,*,#3396,.T.);
#4670=ORIENTED_EDGE('',*,*,#3470,.T.);
#4671=ORIENTED_EDGE('',*,*,#3471,.F.);
#4672=ORIENTED_EDGE('',*,*,#3457,.T.);
#4673=ORIENTED_EDGE('',*,*,#3472,.T.);
#4674=ORIENTED_EDGE('',*,*,#3468,.F.);
#4675=ORIENTED_EDGE('',*,*,#3401,.T.);
#4676=ORIENTED_EDGE('',*,*,#3473,.T.);
#4677=ORIENTED_EDGE('',*,*,#3474,.T.);
#4678=ORIENTED_EDGE('',*,*,#3470,.F.);
#4679=ORIENTED_EDGE('',*,*,#3395,.T.);
#4680=ORIENTED_EDGE('',*,*,#3475,.F.);
#4681=ORIENTED_EDGE('',*,*,#3476,.T.);
#4682=ORIENTED_EDGE('',*,*,#3477,.F.);
#4683=ORIENTED_EDGE('',*,*,#3478,.F.);
#4684=ORIENTED_EDGE('',*,*,#3479,.F.);
#4685=ORIENTED_EDGE('',*,*,#3480,.F.);
#4686=ORIENTED_EDGE('',*,*,#3481,.F.);
#4687=ORIENTED_EDGE('',*,*,#3477,.T.);
#4688=ORIENTED_EDGE('',*,*,#3482,.T.);
#4689=ORIENTED_EDGE('',*,*,#3483,.F.);
#4690=ORIENTED_EDGE('',*,*,#3484,.F.);
#4691=ORIENTED_EDGE('',*,*,#3478,.T.);
#4692=ORIENTED_EDGE('',*,*,#3481,.T.);
#4693=ORIENTED_EDGE('',*,*,#3485,.F.);
#4694=ORIENTED_EDGE('',*,*,#3486,.F.);
#4695=ORIENTED_EDGE('',*,*,#3479,.T.);
#4696=ORIENTED_EDGE('',*,*,#3484,.T.);
#4697=ORIENTED_EDGE('',*,*,#3487,.T.);
#4698=ORIENTED_EDGE('',*,*,#3488,.T.);
#4699=ORIENTED_EDGE('',*,*,#3489,.T.);
#4700=ORIENTED_EDGE('',*,*,#3490,.T.);
#4701=ORIENTED_EDGE('',*,*,#3491,.T.);
#4702=ORIENTED_EDGE('',*,*,#3492,.T.);
#4703=ORIENTED_EDGE('',*,*,#3493,.F.);
#4704=ORIENTED_EDGE('',*,*,#3488,.F.);
#4705=ORIENTED_EDGE('',*,*,#3494,.T.);
#4706=ORIENTED_EDGE('',*,*,#3495,.T.);
#4707=ORIENTED_EDGE('',*,*,#3496,.F.);
#4708=ORIENTED_EDGE('',*,*,#3491,.F.);
#4709=ORIENTED_EDGE('',*,*,#3497,.T.);
#4710=ORIENTED_EDGE('',*,*,#3498,.T.);
#4711=ORIENTED_EDGE('',*,*,#3494,.F.);
#4712=ORIENTED_EDGE('',*,*,#3487,.F.);
#4713=ORIENTED_EDGE('',*,*,#3496,.T.);
#4714=ORIENTED_EDGE('',*,*,#3499,.F.);
#4715=ORIENTED_EDGE('',*,*,#3500,.F.);
#4716=ORIENTED_EDGE('',*,*,#3501,.T.);
#4717=ORIENTED_EDGE('',*,*,#3502,.T.);
#4718=ORIENTED_EDGE('',*,*,#3503,.F.);
#4719=ORIENTED_EDGE('',*,*,#3504,.F.);
#4720=ORIENTED_EDGE('',*,*,#3505,.T.);
#4721=ORIENTED_EDGE('',*,*,#3500,.T.);
#4722=ORIENTED_EDGE('',*,*,#3506,.F.);
#4723=ORIENTED_EDGE('',*,*,#3507,.F.);
#4724=ORIENTED_EDGE('',*,*,#3508,.T.);
#4725=ORIENTED_EDGE('',*,*,#3504,.T.);
#4726=ORIENTED_EDGE('',*,*,#3509,.T.);
#4727=ORIENTED_EDGE('',*,*,#3510,.F.);
#4728=ORIENTED_EDGE('',*,*,#3511,.F.);
#4729=ORIENTED_EDGE('',*,*,#3512,.T.);
#4730=ORIENTED_EDGE('',*,*,#3513,.T.);
#4731=ORIENTED_EDGE('',*,*,#3514,.F.);
#4732=ORIENTED_EDGE('',*,*,#3515,.F.);
#4733=ORIENTED_EDGE('',*,*,#3516,.T.);
#4734=ORIENTED_EDGE('',*,*,#3517,.T.);
#4735=ORIENTED_EDGE('',*,*,#3512,.F.);
#4736=ORIENTED_EDGE('',*,*,#3518,.F.);
#4737=ORIENTED_EDGE('',*,*,#3514,.T.);
#4738=ORIENTED_EDGE('',*,*,#3519,.F.);
#4739=ORIENTED_EDGE('',*,*,#3520,.T.);
#4740=ORIENTED_EDGE('',*,*,#3521,.F.);
#4741=ORIENTED_EDGE('',*,*,#3522,.F.);
#4742=ORIENTED_EDGE('',*,*,#3523,.F.);
#4743=ORIENTED_EDGE('',*,*,#3524,.F.);
#4744=ORIENTED_EDGE('',*,*,#3525,.F.);
#4745=ORIENTED_EDGE('',*,*,#3521,.T.);
#4746=ORIENTED_EDGE('',*,*,#3526,.T.);
#4747=ORIENTED_EDGE('',*,*,#3527,.F.);
#4748=ORIENTED_EDGE('',*,*,#3528,.F.);
#4749=ORIENTED_EDGE('',*,*,#3522,.T.);
#4750=ORIENTED_EDGE('',*,*,#3525,.T.);
#4751=ORIENTED_EDGE('',*,*,#3529,.F.);
#4752=ORIENTED_EDGE('',*,*,#3530,.F.);
#4753=ORIENTED_EDGE('',*,*,#3523,.T.);
#4754=ORIENTED_EDGE('',*,*,#3528,.T.);
#4755=ORIENTED_EDGE('',*,*,#3531,.T.);
#4756=ORIENTED_EDGE('',*,*,#3532,.T.);
#4757=ORIENTED_EDGE('',*,*,#3533,.T.);
#4758=ORIENTED_EDGE('',*,*,#3534,.T.);
#4759=ORIENTED_EDGE('',*,*,#3535,.T.);
#4760=ORIENTED_EDGE('',*,*,#3536,.T.);
#4761=ORIENTED_EDGE('',*,*,#3537,.F.);
#4762=ORIENTED_EDGE('',*,*,#3532,.F.);
#4763=ORIENTED_EDGE('',*,*,#3538,.T.);
#4764=ORIENTED_EDGE('',*,*,#3539,.T.);
#4765=ORIENTED_EDGE('',*,*,#3540,.F.);
#4766=ORIENTED_EDGE('',*,*,#3535,.F.);
#4767=ORIENTED_EDGE('',*,*,#3541,.T.);
#4768=ORIENTED_EDGE('',*,*,#3542,.T.);
#4769=ORIENTED_EDGE('',*,*,#3538,.F.);
#4770=ORIENTED_EDGE('',*,*,#3531,.F.);
#4771=ORIENTED_EDGE('',*,*,#3540,.T.);
#4772=ORIENTED_EDGE('',*,*,#3543,.T.);
#4773=ORIENTED_EDGE('',*,*,#3544,.T.);
#4774=ORIENTED_EDGE('',*,*,#3545,.T.);
#4775=ORIENTED_EDGE('',*,*,#3546,.T.);
#4776=ORIENTED_EDGE('',*,*,#3459,.F.);
#4777=ORIENTED_EDGE('',*,*,#3409,.T.);
#4778=ORIENTED_EDGE('',*,*,#3547,.F.);
#4779=ORIENTED_EDGE('',*,*,#3548,.F.);
#4780=ORIENTED_EDGE('',*,*,#3463,.F.);
#4781=ORIENTED_EDGE('',*,*,#3403,.T.);
#4782=ORIENTED_EDGE('',*,*,#3473,.F.);
#4783=ORIENTED_EDGE('',*,*,#3400,.T.);
#4784=ORIENTED_EDGE('',*,*,#3549,.T.);
#4785=ORIENTED_EDGE('',*,*,#3550,.T.);
#4786=ORIENTED_EDGE('',*,*,#3551,.T.);
#4787=ORIENTED_EDGE('',*,*,#3552,.F.);
#4788=ORIENTED_EDGE('',*,*,#3547,.T.);
#4789=ORIENTED_EDGE('',*,*,#3408,.T.);
#4790=ORIENTED_EDGE('',*,*,#3460,.T.);
#4791=ORIENTED_EDGE('',*,*,#3553,.T.);
#4792=ORIENTED_EDGE('',*,*,#3554,.T.);
#4793=ORIENTED_EDGE('',*,*,#3555,.F.);
#4794=ORIENTED_EDGE('',*,*,#3556,.T.);
#4795=ORIENTED_EDGE('',*,*,#3231,.T.);
#4796=ORIENTED_EDGE('',*,*,#3557,.T.);
#4797=ORIENTED_EDGE('',*,*,#3558,.T.);
#4798=ORIENTED_EDGE('',*,*,#3559,.T.);
#4799=ORIENTED_EDGE('',*,*,#3560,.F.);
#4800=ORIENTED_EDGE('',*,*,#3561,.F.);
#4801=ORIENTED_EDGE('',*,*,#3546,.F.);
#4802=ORIENTED_EDGE('',*,*,#3562,.T.);
#4803=ORIENTED_EDGE('',*,*,#3229,.T.);
#4804=ORIENTED_EDGE('',*,*,#3563,.F.);
#4805=ORIENTED_EDGE('',*,*,#3544,.F.);
#4806=ORIENTED_EDGE('',*,*,#3564,.T.);
#4807=ORIENTED_EDGE('',*,*,#3565,.F.);
#4808=ORIENTED_EDGE('',*,*,#3566,.F.);
#4809=ORIENTED_EDGE('',*,*,#3567,.F.);
#4810=ORIENTED_EDGE('',*,*,#3568,.T.);
#4811=ORIENTED_EDGE('',*,*,#3219,.T.);
#4812=ORIENTED_EDGE('',*,*,#3569,.T.);
#4813=ORIENTED_EDGE('',*,*,#3570,.T.);
#4814=ORIENTED_EDGE('',*,*,#3571,.T.);
#4815=ORIENTED_EDGE('',*,*,#3572,.F.);
#4816=ORIENTED_EDGE('',*,*,#3573,.F.);
#4817=ORIENTED_EDGE('',*,*,#3372,.T.);
#4818=ORIENTED_EDGE('',*,*,#3574,.T.);
#4819=ORIENTED_EDGE('',*,*,#3225,.T.);
#4820=ORIENTED_EDGE('',*,*,#3575,.F.);
#4821=ORIENTED_EDGE('',*,*,#3370,.T.);
#4822=ORIENTED_EDGE('',*,*,#3576,.T.);
#4823=ORIENTED_EDGE('',*,*,#3577,.F.);
#4824=ORIENTED_EDGE('',*,*,#3578,.F.);
#4825=ORIENTED_EDGE('',*,*,#3579,.F.);
#4826=ORIENTED_EDGE('',*,*,#3580,.F.);
#4827=ORIENTED_EDGE('',*,*,#3558,.F.);
#4828=ORIENTED_EDGE('',*,*,#3581,.T.);
#4829=ORIENTED_EDGE('',*,*,#3579,.T.);
#4830=ORIENTED_EDGE('',*,*,#3582,.F.);
#4831=ORIENTED_EDGE('',*,*,#3246,.T.);
#4832=ORIENTED_EDGE('',*,*,#3583,.T.);
#4833=ORIENTED_EDGE('',*,*,#3281,.T.);
#4834=ORIENTED_EDGE('',*,*,#3584,.F.);
#4835=ORIENTED_EDGE('',*,*,#3270,.T.);
#4836=ORIENTED_EDGE('',*,*,#3585,.T.);
#4837=ORIENTED_EDGE('',*,*,#3257,.T.);
#4838=ORIENTED_EDGE('',*,*,#3578,.T.);
#4839=ORIENTED_EDGE('',*,*,#3586,.T.);
#4840=ORIENTED_EDGE('',*,*,#3587,.F.);
#4841=ORIENTED_EDGE('',*,*,#3588,.F.);
#4842=ORIENTED_EDGE('',*,*,#3589,.F.);
#4843=ORIENTED_EDGE('',*,*,#3590,.T.);
#4844=ORIENTED_EDGE('',*,*,#3559,.F.);
#4845=ORIENTED_EDGE('',*,*,#3580,.T.);
#4846=ORIENTED_EDGE('',*,*,#3208,.F.);
#4847=ORIENTED_EDGE('',*,*,#3591,.F.);
#4848=ORIENTED_EDGE('',*,*,#3589,.T.);
#4849=ORIENTED_EDGE('',*,*,#3592,.T.);
#4850=ORIENTED_EDGE('',*,*,#3571,.F.);
#4851=ORIENTED_EDGE('',*,*,#3593,.T.);
#4852=ORIENTED_EDGE('',*,*,#3566,.T.);
#4853=ORIENTED_EDGE('',*,*,#3594,.T.);
#4854=ORIENTED_EDGE('',*,*,#3595,.T.);
#4855=ORIENTED_EDGE('',*,*,#3596,.F.);
#4856=ORIENTED_EDGE('',*,*,#3597,.T.);
#4857=ORIENTED_EDGE('',*,*,#3598,.T.);
#4858=ORIENTED_EDGE('',*,*,#3599,.T.);
#4859=ORIENTED_EDGE('',*,*,#3211,.F.);
#4860=ORIENTED_EDGE('',*,*,#3600,.F.);
#4861=ORIENTED_EDGE('',*,*,#3595,.F.);
#4862=ORIENTED_EDGE('',*,*,#3601,.F.);
#4863=ORIENTED_EDGE('',*,*,#3602,.F.);
#4864=ORIENTED_EDGE('',*,*,#3202,.F.);
#4865=ORIENTED_EDGE('',*,*,#3603,.F.);
#4866=ORIENTED_EDGE('',*,*,#3596,.T.);
#4867=ORIENTED_EDGE('',*,*,#3600,.T.);
#4868=ORIENTED_EDGE('',*,*,#3218,.T.);
#4869=ORIENTED_EDGE('',*,*,#3604,.T.);
#4870=ORIENTED_EDGE('',*,*,#3146,.T.);
#4871=ORIENTED_EDGE('',*,*,#3605,.T.);
#4872=ORIENTED_EDGE('',*,*,#3140,.T.);
#4873=ORIENTED_EDGE('',*,*,#3144,.T.);
#4874=ORIENTED_EDGE('',*,*,#3143,.T.);
#4875=ORIENTED_EDGE('',*,*,#3606,.F.);
#4876=ORIENTED_EDGE('',*,*,#3607,.F.);
#4877=ORIENTED_EDGE('',*,*,#3608,.T.);
#4878=ORIENTED_EDGE('',*,*,#3609,.T.);
#4879=ORIENTED_EDGE('',*,*,#3138,.T.);
#4880=ORIENTED_EDGE('',*,*,#3134,.T.);
#4881=ORIENTED_EDGE('',*,*,#3131,.T.);
#4882=ORIENTED_EDGE('',*,*,#3128,.T.);
#4883=ORIENTED_EDGE('',*,*,#3125,.T.);
#4884=ORIENTED_EDGE('',*,*,#3122,.T.);
#4885=ORIENTED_EDGE('',*,*,#3119,.T.);
#4886=ORIENTED_EDGE('',*,*,#3116,.T.);
#4887=ORIENTED_EDGE('',*,*,#3610,.T.);
#4888=ORIENTED_EDGE('',*,*,#3611,.F.);
#4889=ORIENTED_EDGE('',*,*,#3612,.F.);
#4890=ORIENTED_EDGE('',*,*,#3112,.F.);
#4891=ORIENTED_EDGE('',*,*,#3109,.F.);
#4892=ORIENTED_EDGE('',*,*,#3106,.F.);
#4893=ORIENTED_EDGE('',*,*,#3103,.F.);
#4894=ORIENTED_EDGE('',*,*,#3100,.F.);
#4895=ORIENTED_EDGE('',*,*,#3097,.F.);
#4896=ORIENTED_EDGE('',*,*,#3094,.F.);
#4897=ORIENTED_EDGE('',*,*,#3613,.F.);
#4898=ORIENTED_EDGE('',*,*,#3135,.T.);
#4899=ORIENTED_EDGE('',*,*,#3609,.F.);
#4900=ORIENTED_EDGE('',*,*,#3614,.F.);
#4901=ORIENTED_EDGE('',*,*,#3092,.T.);
#4902=ORIENTED_EDGE('',*,*,#3096,.T.);
#4903=ORIENTED_EDGE('',*,*,#3099,.T.);
#4904=ORIENTED_EDGE('',*,*,#3102,.T.);
#4905=ORIENTED_EDGE('',*,*,#3105,.T.);
#4906=ORIENTED_EDGE('',*,*,#3108,.T.);
#4907=ORIENTED_EDGE('',*,*,#3111,.T.);
#4908=ORIENTED_EDGE('',*,*,#3615,.T.);
#4909=ORIENTED_EDGE('',*,*,#3616,.T.);
#4910=ORIENTED_EDGE('',*,*,#3114,.F.);
#4911=ORIENTED_EDGE('',*,*,#3118,.F.);
#4912=ORIENTED_EDGE('',*,*,#3121,.F.);
#4913=ORIENTED_EDGE('',*,*,#3124,.F.);
#4914=ORIENTED_EDGE('',*,*,#3127,.F.);
#4915=ORIENTED_EDGE('',*,*,#3130,.F.);
#4916=ORIENTED_EDGE('',*,*,#3133,.F.);
#4917=ORIENTED_EDGE('',*,*,#3137,.F.);
#4918=ORIENTED_EDGE('',*,*,#3617,.F.);
#4919=ORIENTED_EDGE('',*,*,#3616,.F.);
#4920=ORIENTED_EDGE('',*,*,#3618,.F.);
#4921=ORIENTED_EDGE('',*,*,#3610,.F.);
#4922=ORIENTED_EDGE('',*,*,#3115,.F.);
#4923=ORIENTED_EDGE('',*,*,#3619,.T.);
#4924=ORIENTED_EDGE('',*,*,#3611,.T.);
#4925=ORIENTED_EDGE('',*,*,#3618,.T.);
#4926=ORIENTED_EDGE('',*,*,#3093,.T.);
#4927=ORIENTED_EDGE('',*,*,#3617,.T.);
#4928=ORIENTED_EDGE('',*,*,#3136,.T.);
#4929=ORIENTED_EDGE('',*,*,#3614,.T.);
#4930=ORIENTED_EDGE('',*,*,#3613,.T.);
#4931=ORIENTED_EDGE('',*,*,#3620,.F.);
#4932=ORIENTED_EDGE('',*,*,#3621,.T.);
#4933=ORIENTED_EDGE('',*,*,#3622,.T.);
#4934=ORIENTED_EDGE('',*,*,#3623,.F.);
#4935=ORIENTED_EDGE('',*,*,#3624,.F.);
#4936=ORIENTED_EDGE('',*,*,#3601,.T.);
#4937=ORIENTED_EDGE('',*,*,#3625,.F.);
#4938=ORIENTED_EDGE('',*,*,#3626,.T.);
#4939=ORIENTED_EDGE('',*,*,#3627,.T.);
#4940=ORIENTED_EDGE('',*,*,#3628,.F.);
#4941=ORIENTED_EDGE('',*,*,#3619,.F.);
#4942=ORIENTED_EDGE('',*,*,#3629,.T.);
#4943=ORIENTED_EDGE('',*,*,#3285,.F.);
#4944=ORIENTED_EDGE('',*,*,#3630,.F.);
#4945=ORIENTED_EDGE('',*,*,#3631,.F.);
#4946=ORIENTED_EDGE('',*,*,#3632,.T.);
#4947=ORIENTED_EDGE('',*,*,#3384,.F.);
#4948=ORIENTED_EDGE('',*,*,#3633,.F.);
#4949=ORIENTED_EDGE('',*,*,#3634,.F.);
#4950=ORIENTED_EDGE('',*,*,#3541,.F.);
#4951=ORIENTED_EDGE('',*,*,#3534,.F.);
#4952=ORIENTED_EDGE('',*,*,#3635,.T.);
#4953=ORIENTED_EDGE('',*,*,#3287,.F.);
#4954=ORIENTED_EDGE('',*,*,#3636,.F.);
#4955=ORIENTED_EDGE('',*,*,#3637,.F.);
#4956=ORIENTED_EDGE('',*,*,#3638,.T.);
#4957=ORIENTED_EDGE('',*,*,#3386,.F.);
#4958=ORIENTED_EDGE('',*,*,#3639,.F.);
#4959=ORIENTED_EDGE('',*,*,#3475,.T.);
#4960=ORIENTED_EDGE('',*,*,#3486,.T.);
#4961=ORIENTED_EDGE('',*,*,#3640,.T.);
#4962=ORIENTED_EDGE('',*,*,#3641,.F.);
#4963=ORIENTED_EDGE('',*,*,#3238,.T.);
#4964=ORIENTED_EDGE('',*,*,#3283,.F.);
#4965=ORIENTED_EDGE('',*,*,#3276,.T.);
#4966=ORIENTED_EDGE('',*,*,#3284,.T.);
#4967=ORIENTED_EDGE('',*,*,#3236,.T.);
#4968=ORIENTED_EDGE('',*,*,#3642,.F.);
#4969=ORIENTED_EDGE('',*,*,#3630,.T.);
#4970=ORIENTED_EDGE('',*,*,#3382,.F.);
#4971=ORIENTED_EDGE('',*,*,#3266,.T.);
#4972=ORIENTED_EDGE('',*,*,#3643,.T.);
#4973=ORIENTED_EDGE('',*,*,#3252,.T.);
#4974=ORIENTED_EDGE('',*,*,#3644,.F.);
#4975=ORIENTED_EDGE('',*,*,#3278,.T.);
#4976=ORIENTED_EDGE('',*,*,#3288,.F.);
#4977=ORIENTED_EDGE('',*,*,#3635,.F.);
#4978=ORIENTED_EDGE('',*,*,#3645,.T.);
#4979=ORIENTED_EDGE('',*,*,#3264,.T.);
#4980=ORIENTED_EDGE('',*,*,#3381,.F.);
#4981=ORIENTED_EDGE('',*,*,#3638,.F.);
#4982=ORIENTED_EDGE('',*,*,#3383,.T.);
#4983=ORIENTED_EDGE('',*,*,#3254,.T.);
#4984=ORIENTED_EDGE('',*,*,#3646,.T.);
#4985=ORIENTED_EDGE('',*,*,#3633,.T.);
#4986=ORIENTED_EDGE('',*,*,#3585,.F.);
#4987=ORIENTED_EDGE('',*,*,#3269,.T.);
#4988=ORIENTED_EDGE('',*,*,#3647,.F.);
#4989=ORIENTED_EDGE('',*,*,#3378,.T.);
#4990=ORIENTED_EDGE('',*,*,#3648,.T.);
#4991=ORIENTED_EDGE('',*,*,#3572,.T.);
#4992=ORIENTED_EDGE('',*,*,#3649,.T.);
#4993=ORIENTED_EDGE('',*,*,#3650,.T.);
#4994=ORIENTED_EDGE('',*,*,#3651,.T.);
#4995=ORIENTED_EDGE('',*,*,#3259,.T.);
#4996=ORIENTED_EDGE('',*,*,#3652,.T.);
#4997=ORIENTED_EDGE('',*,*,#3247,.T.);
#4998=ORIENTED_EDGE('',*,*,#3653,.T.);
#4999=ORIENTED_EDGE('',*,*,#3654,.T.);
#5000=ORIENTED_EDGE('',*,*,#3655,.T.);
#5001=ORIENTED_EDGE('',*,*,#3565,.T.);
#5002=ORIENTED_EDGE('',*,*,#3656,.F.);
#5003=ORIENTED_EDGE('',*,*,#3551,.F.);
#5004=ORIENTED_EDGE('',*,*,#3657,.F.);
#5005=ORIENTED_EDGE('',*,*,#3258,.T.);
#5006=ORIENTED_EDGE('',*,*,#3643,.F.);
#5007=ORIENTED_EDGE('',*,*,#3265,.T.);
#5008=ORIENTED_EDGE('',*,*,#3645,.F.);
#5009=ORIENTED_EDGE('',*,*,#3640,.F.);
#5010=ORIENTED_EDGE('',*,*,#3485,.T.);
#5011=ORIENTED_EDGE('',*,*,#3483,.T.);
#5012=ORIENTED_EDGE('',*,*,#3480,.T.);
#5013=ORIENTED_EDGE('',*,*,#3658,.F.);
#5014=ORIENTED_EDGE('',*,*,#3506,.T.);
#5015=ORIENTED_EDGE('',*,*,#3503,.T.);
#5016=ORIENTED_EDGE('',*,*,#3499,.T.);
#5017=ORIENTED_EDGE('',*,*,#3659,.F.);
#5018=ORIENTED_EDGE('',*,*,#3492,.F.);
#5019=ORIENTED_EDGE('',*,*,#3498,.F.);
#5020=ORIENTED_EDGE('',*,*,#3495,.F.);
#5021=ORIENTED_EDGE('',*,*,#3660,.T.);
#5022=ORIENTED_EDGE('',*,*,#3661,.F.);
#5023=ORIENTED_EDGE('',*,*,#3273,.T.);
#5024=ORIENTED_EDGE('',*,*,#3662,.F.);
#5025=ORIENTED_EDGE('',*,*,#3241,.T.);
#5026=ORIENTED_EDGE('',*,*,#3663,.F.);
#5027=ORIENTED_EDGE('',*,*,#3664,.F.);
#5028=ORIENTED_EDGE('',*,*,#3529,.T.);
#5029=ORIENTED_EDGE('',*,*,#3527,.T.);
#5030=ORIENTED_EDGE('',*,*,#3524,.T.);
#5031=ORIENTED_EDGE('',*,*,#3665,.T.);
#5032=ORIENTED_EDGE('',*,*,#3509,.F.);
#5033=ORIENTED_EDGE('',*,*,#3517,.F.);
#5034=ORIENTED_EDGE('',*,*,#3513,.F.);
#5035=ORIENTED_EDGE('',*,*,#3666,.T.);
#5036=ORIENTED_EDGE('',*,*,#3536,.F.);
#5037=ORIENTED_EDGE('',*,*,#3542,.F.);
#5038=ORIENTED_EDGE('',*,*,#3539,.F.);
#5039=ORIENTED_EDGE('',*,*,#3634,.T.);
#5040=ORIENTED_EDGE('',*,*,#3646,.F.);
#5041=ORIENTED_EDGE('',*,*,#3253,.T.);
#5042=ORIENTED_EDGE('',*,*,#3471,.T.);
#5043=ORIENTED_EDGE('',*,*,#3474,.F.);
#5044=ORIENTED_EDGE('',*,*,#3552,.T.);
#5045=ORIENTED_EDGE('',*,*,#3656,.T.);
#5046=ORIENTED_EDGE('',*,*,#3564,.F.);
#5047=ORIENTED_EDGE('',*,*,#3543,.F.);
#5048=ORIENTED_EDGE('',*,*,#3561,.T.);
#5049=ORIENTED_EDGE('',*,*,#3667,.T.);
#5050=ORIENTED_EDGE('',*,*,#3553,.F.);
#5051=ORIENTED_EDGE('',*,*,#3462,.F.);
#5052=ORIENTED_EDGE('',*,*,#3466,.T.);
#5053=ORIENTED_EDGE('',*,*,#3668,.T.);
#5054=ORIENTED_EDGE('',*,*,#3426,.T.);
#5055=ORIENTED_EDGE('',*,*,#3454,.T.);
#5056=ORIENTED_EDGE('',*,*,#3549,.F.);
#5057=ORIENTED_EDGE('',*,*,#3399,.T.);
#5058=ORIENTED_EDGE('',*,*,#3467,.F.);
#5059=ORIENTED_EDGE('',*,*,#3397,.T.);
#5060=ORIENTED_EDGE('',*,*,#3469,.T.);
#5061=ORIENTED_EDGE('',*,*,#3669,.F.);
#5062=ORIENTED_EDGE('',*,*,#3670,.F.);
#5063=ORIENTED_EDGE('',*,*,#3668,.F.);
#5064=ORIENTED_EDGE('',*,*,#3465,.T.);
#5065=ORIENTED_EDGE('',*,*,#3671,.T.);
#5066=ORIENTED_EDGE('',*,*,#3672,.T.);
#5067=ORIENTED_EDGE('',*,*,#3673,.T.);
#5068=ORIENTED_EDGE('',*,*,#3433,.T.);
#5069=ORIENTED_EDGE('',*,*,#3674,.F.);
#5070=ORIENTED_EDGE('',*,*,#3675,.T.);
#5071=ORIENTED_EDGE('',*,*,#3515,.T.);
#5072=ORIENTED_EDGE('',*,*,#3518,.T.);
#5073=ORIENTED_EDGE('',*,*,#3511,.T.);
#5074=ORIENTED_EDGE('',*,*,#3591,.T.);
#5075=ORIENTED_EDGE('',*,*,#3207,.F.);
#5076=ORIENTED_EDGE('',*,*,#3599,.F.);
#5077=ORIENTED_EDGE('',*,*,#3594,.F.);
#5078=ORIENTED_EDGE('',*,*,#3655,.F.);
#5079=ORIENTED_EDGE('',*,*,#3676,.F.);
#5080=ORIENTED_EDGE('',*,*,#3393,.F.);
#5081=ORIENTED_EDGE('',*,*,#3632,.F.);
#5082=ORIENTED_EDGE('',*,*,#3533,.F.);
#5083=ORIENTED_EDGE('',*,*,#3537,.T.);
#5084=ORIENTED_EDGE('',*,*,#3666,.F.);
#5085=ORIENTED_EDGE('',*,*,#3516,.F.);
#5086=ORIENTED_EDGE('',*,*,#3675,.F.);
#5087=ORIENTED_EDGE('',*,*,#3677,.T.);
#5088=ORIENTED_EDGE('',*,*,#3449,.F.);
#5089=ORIENTED_EDGE('',*,*,#3678,.F.);
#5090=ORIENTED_EDGE('',*,*,#3672,.F.);
#5091=ORIENTED_EDGE('',*,*,#3510,.T.);
#5092=ORIENTED_EDGE('',*,*,#3665,.F.);
#5093=ORIENTED_EDGE('',*,*,#3526,.F.);
#5094=ORIENTED_EDGE('',*,*,#3520,.F.);
#5095=ORIENTED_EDGE('',*,*,#3679,.F.);
#5096=ORIENTED_EDGE('',*,*,#3296,.F.);
#5097=ORIENTED_EDGE('',*,*,#3629,.F.);
#5098=ORIENTED_EDGE('',*,*,#3680,.F.);
#5099=ORIENTED_EDGE('',*,*,#3590,.F.);
#5100=ORIENTED_EDGE('',*,*,#3438,.F.);
#5101=ORIENTED_EDGE('',*,*,#3413,.T.);
#5102=ORIENTED_EDGE('',*,*,#3439,.F.);
#5103=ORIENTED_EDGE('',*,*,#3417,.T.);
#5104=ORIENTED_EDGE('',*,*,#3681,.F.);
#5105=ORIENTED_EDGE('',*,*,#3682,.T.);
#5106=ORIENTED_EDGE('',*,*,#3683,.F.);
#5107=ORIENTED_EDGE('',*,*,#3684,.T.);
#5108=ORIENTED_EDGE('',*,*,#3443,.F.);
#5109=ORIENTED_EDGE('',*,*,#3685,.T.);
#5110=ORIENTED_EDGE('',*,*,#3445,.F.);
#5111=ORIENTED_EDGE('',*,*,#3421,.T.);
#5112=ORIENTED_EDGE('',*,*,#3423,.F.);
#5113=ORIENTED_EDGE('',*,*,#3453,.F.);
#5114=ORIENTED_EDGE('',*,*,#3455,.F.);
#5115=ORIENTED_EDGE('',*,*,#3429,.F.);
#5116=ORIENTED_EDGE('',*,*,#3430,.F.);
#5117=ORIENTED_EDGE('',*,*,#3450,.F.);
#5118=ORIENTED_EDGE('',*,*,#3677,.F.);
#5119=ORIENTED_EDGE('',*,*,#3674,.T.);
#5120=ORIENTED_EDGE('',*,*,#3436,.F.);
#5121=ORIENTED_EDGE('',*,*,#3440,.T.);
#5122=ORIENTED_EDGE('',*,*,#3411,.T.);
#5123=ORIENTED_EDGE('',*,*,#3437,.T.);
#5124=ORIENTED_EDGE('',*,*,#3434,.T.);
#5125=ORIENTED_EDGE('',*,*,#3673,.F.);
#5126=ORIENTED_EDGE('',*,*,#3678,.T.);
#5127=ORIENTED_EDGE('',*,*,#3448,.T.);
#5128=ORIENTED_EDGE('',*,*,#3431,.T.);
#5129=ORIENTED_EDGE('',*,*,#3427,.T.);
#5130=ORIENTED_EDGE('',*,*,#3670,.T.);
#5131=ORIENTED_EDGE('',*,*,#3451,.T.);
#5132=ORIENTED_EDGE('',*,*,#3424,.T.);
#5133=ORIENTED_EDGE('',*,*,#3419,.T.);
#5134=ORIENTED_EDGE('',*,*,#3447,.T.);
#5135=ORIENTED_EDGE('',*,*,#3686,.T.);
#5136=ORIENTED_EDGE('',*,*,#3441,.T.);
#5137=ORIENTED_EDGE('',*,*,#3687,.T.);
#5138=ORIENTED_EDGE('',*,*,#3688,.T.);
#5139=ORIENTED_EDGE('',*,*,#3689,.F.);
#5140=ORIENTED_EDGE('',*,*,#3690,.T.);
#5141=ORIENTED_EDGE('',*,*,#3415,.T.);
#5142=ORIENTED_EDGE('',*,*,#3690,.F.);
#5143=ORIENTED_EDGE('',*,*,#3691,.T.);
#5144=ORIENTED_EDGE('',*,*,#3681,.T.);
#5145=ORIENTED_EDGE('',*,*,#3416,.T.);
#5146=ORIENTED_EDGE('',*,*,#3692,.T.);
#5147=ORIENTED_EDGE('',*,*,#3688,.F.);
#5148=ORIENTED_EDGE('',*,*,#3693,.T.);
#5149=ORIENTED_EDGE('',*,*,#3683,.T.);
#5150=ORIENTED_EDGE('',*,*,#3694,.F.);
#5151=ORIENTED_EDGE('',*,*,#3391,.T.);
#5152=ORIENTED_EDGE('',*,*,#3676,.T.);
#5153=ORIENTED_EDGE('',*,*,#3654,.F.);
#5154=ORIENTED_EDGE('',*,*,#3695,.F.);
#5155=ORIENTED_EDGE('',*,*,#3389,.F.);
#5156=ORIENTED_EDGE('',*,*,#3696,.T.);
#5157=ORIENTED_EDGE('',*,*,#3650,.F.);
#5158=ORIENTED_EDGE('',*,*,#3652,.F.);
#5159=ORIENTED_EDGE('',*,*,#3262,.T.);
#5160=ORIENTED_EDGE('',*,*,#3387,.F.);
#5161=ORIENTED_EDGE('',*,*,#3248,.T.);
#5162=ORIENTED_EDGE('',*,*,#3388,.T.);
#5163=ORIENTED_EDGE('',*,*,#3260,.T.);
#5164=ORIENTED_EDGE('',*,*,#3651,.F.);
#5165=ORIENTED_EDGE('',*,*,#3696,.F.);
#5166=ORIENTED_EDGE('',*,*,#3653,.F.);
#5167=ORIENTED_EDGE('',*,*,#3250,.T.);
#5168=ORIENTED_EDGE('',*,*,#3392,.F.);
#5169=ORIENTED_EDGE('',*,*,#3694,.T.);
#5170=ORIENTED_EDGE('',*,*,#3583,.F.);
#5171=ORIENTED_EDGE('',*,*,#3245,.T.);
#5172=ORIENTED_EDGE('',*,*,#3697,.F.);
#5173=ORIENTED_EDGE('',*,*,#3554,.F.);
#5174=ORIENTED_EDGE('',*,*,#3667,.F.);
#5175=ORIENTED_EDGE('',*,*,#3560,.T.);
#5176=ORIENTED_EDGE('',*,*,#3680,.T.);
#5177=ORIENTED_EDGE('',*,*,#3631,.T.);
#5178=ORIENTED_EDGE('',*,*,#3642,.T.);
#5179=ORIENTED_EDGE('',*,*,#3235,.T.);
#5180=ORIENTED_EDGE('',*,*,#3641,.T.);
#5181=ORIENTED_EDGE('',*,*,#3275,.T.);
#5182=ORIENTED_EDGE('',*,*,#3644,.T.);
#5183=ORIENTED_EDGE('',*,*,#3637,.T.);
#5184=ORIENTED_EDGE('',*,*,#3698,.T.);
#5185=ORIENTED_EDGE('',*,*,#3577,.T.);
#5186=ORIENTED_EDGE('',*,*,#3699,.T.);
#5187=ORIENTED_EDGE('',*,*,#3375,.T.);
#5188=ORIENTED_EDGE('',*,*,#3700,.F.);
#5189=ORIENTED_EDGE('',*,*,#3282,.T.);
#5190=ORIENTED_EDGE('',*,*,#3557,.F.);
#5191=ORIENTED_EDGE('',*,*,#3234,.T.);
#5192=ORIENTED_EDGE('',*,*,#3243,.T.);
#5193=ORIENTED_EDGE('',*,*,#3582,.T.);
#5194=ORIENTED_EDGE('',*,*,#3280,.T.);
#5195=ORIENTED_EDGE('',*,*,#3226,.T.);
#5196=ORIENTED_EDGE('',*,*,#3574,.F.);
#5197=ORIENTED_EDGE('',*,*,#3581,.F.);
#5198=ORIENTED_EDGE('',*,*,#3256,.T.);
#5199=ORIENTED_EDGE('',*,*,#3230,.T.);
#5200=ORIENTED_EDGE('',*,*,#3562,.F.);
#5201=ORIENTED_EDGE('',*,*,#3701,.F.);
#5202=ORIENTED_EDGE('',*,*,#3569,.F.);
#5203=ORIENTED_EDGE('',*,*,#3222,.T.);
#5204=ORIENTED_EDGE('',*,*,#3267,.T.);
#5205=ORIENTED_EDGE('',*,*,#3584,.T.);
#5206=ORIENTED_EDGE('',*,*,#3380,.T.);
#5207=ORIENTED_EDGE('',*,*,#3702,.T.);
#5208=ORIENTED_EDGE('',*,*,#3366,.F.);
#5209=ORIENTED_EDGE('',*,*,#3361,.T.);
#5210=ORIENTED_EDGE('',*,*,#3356,.T.);
#5211=ORIENTED_EDGE('',*,*,#3703,.T.);
#5212=ORIENTED_EDGE('',*,*,#3373,.T.);
#5213=ORIENTED_EDGE('',*,*,#3348,.T.);
#5214=ORIENTED_EDGE('',*,*,#3704,.F.);
#5215=ORIENTED_EDGE('',*,*,#3353,.F.);
#5216=ORIENTED_EDGE('',*,*,#3358,.T.);
#5217=ORIENTED_EDGE('',*,*,#3376,.T.);
#5218=ORIENTED_EDGE('',*,*,#3699,.F.);
#5219=ORIENTED_EDGE('',*,*,#3576,.F.);
#5220=ORIENTED_EDGE('',*,*,#3369,.T.);
#5221=ORIENTED_EDGE('',*,*,#3573,.T.);
#5222=ORIENTED_EDGE('',*,*,#3648,.F.);
#5223=ORIENTED_EDGE('',*,*,#3377,.F.);
#5224=ORIENTED_EDGE('',*,*,#3365,.T.);
#5225=ORIENTED_EDGE('',*,*,#3368,.F.);
#5226=ORIENTED_EDGE('',*,*,#3345,.F.);
#5227=ORIENTED_EDGE('',*,*,#3333,.F.);
#5228=ORIENTED_EDGE('',*,*,#3575,.T.);
#5229=ORIENTED_EDGE('',*,*,#3224,.T.);
#5230=ORIENTED_EDGE('',*,*,#3279,.T.);
#5231=ORIENTED_EDGE('',*,*,#3700,.T.);
#5232=ORIENTED_EDGE('',*,*,#3374,.F.);
#5233=ORIENTED_EDGE('',*,*,#3703,.F.);
#5234=ORIENTED_EDGE('',*,*,#3355,.T.);
#5235=ORIENTED_EDGE('',*,*,#3705,.T.);
#5236=ORIENTED_EDGE('',*,*,#3341,.T.);
#5237=ORIENTED_EDGE('',*,*,#3347,.T.);
#5238=ORIENTED_EDGE('',*,*,#3367,.T.);
#5239=ORIENTED_EDGE('',*,*,#3702,.F.);
#5240=ORIENTED_EDGE('',*,*,#3379,.T.);
#5241=ORIENTED_EDGE('',*,*,#3647,.T.);
#5242=ORIENTED_EDGE('',*,*,#3268,.T.);
#5243=ORIENTED_EDGE('',*,*,#3220,.T.);
#5244=ORIENTED_EDGE('',*,*,#3568,.F.);
#5245=ORIENTED_EDGE('',*,*,#3371,.T.);
#5246=ORIENTED_EDGE('',*,*,#3156,.T.);
#5247=ORIENTED_EDGE('',*,*,#3150,.T.);
#5248=ORIENTED_EDGE('',*,*,#3152,.T.);
#5249=ORIENTED_EDGE('',*,*,#3158,.T.);
#5250=ORIENTED_EDGE('',*,*,#3704,.T.);
#5251=ORIENTED_EDGE('',*,*,#3706,.T.);
#5252=ORIENTED_EDGE('',*,*,#3705,.F.);
#5253=ORIENTED_EDGE('',*,*,#3354,.F.);
#5254=ORIENTED_EDGE('',*,*,#3326,.F.);
#5255=ORIENTED_EDGE('',*,*,#3707,.T.);
#5256=ORIENTED_EDGE('',*,*,#3708,.T.);
#5257=ORIENTED_EDGE('',*,*,#3501,.F.);
#5258=ORIENTED_EDGE('',*,*,#3505,.F.);
#5259=ORIENTED_EDGE('',*,*,#3508,.F.);
#5260=ORIENTED_EDGE('',*,*,#3709,.T.);
#5261=ORIENTED_EDGE('',*,*,#3710,.F.);
#5262=ORIENTED_EDGE('',*,*,#3319,.T.);
#5263=ORIENTED_EDGE('',*,*,#3711,.T.);
#5264=ORIENTED_EDGE('',*,*,#3321,.T.);
#5265=ORIENTED_EDGE('',*,*,#3327,.T.);
#5266=ORIENTED_EDGE('',*,*,#3710,.T.);
#5267=ORIENTED_EDGE('',*,*,#3712,.F.);
#5268=ORIENTED_EDGE('',*,*,#3340,.T.);
#5269=ORIENTED_EDGE('',*,*,#3328,.T.);
#5270=ORIENTED_EDGE('',*,*,#3334,.T.);
#5271=ORIENTED_EDGE('',*,*,#3344,.T.);
#5272=ORIENTED_EDGE('',*,*,#3343,.T.);
#5273=ORIENTED_EDGE('',*,*,#3336,.T.);
#5274=ORIENTED_EDGE('',*,*,#3311,.T.);
#5275=ORIENTED_EDGE('',*,*,#3314,.T.);
#5276=ORIENTED_EDGE('',*,*,#3303,.T.);
#5277=ORIENTED_EDGE('',*,*,#3315,.T.);
#5278=ORIENTED_EDGE('',*,*,#3307,.T.);
#5279=ORIENTED_EDGE('',*,*,#3713,.T.);
#5280=ORIENTED_EDGE('',*,*,#3297,.F.);
#5281=ORIENTED_EDGE('',*,*,#3714,.T.);
#5282=ORIENTED_EDGE('',*,*,#3715,.T.);
#5283=ORIENTED_EDGE('',*,*,#3323,.F.);
#5284=ORIENTED_EDGE('',*,*,#3716,.T.);
#5285=ORIENTED_EDGE('',*,*,#3317,.F.);
#5286=ORIENTED_EDGE('',*,*,#3717,.T.);
#5287=ORIENTED_EDGE('',*,*,#3718,.F.);
#5288=ORIENTED_EDGE('',*,*,#3299,.T.);
#5289=ORIENTED_EDGE('',*,*,#3719,.F.);
#5290=ORIENTED_EDGE('',*,*,#3305,.T.);
#5291=ORIENTED_EDGE('',*,*,#3316,.F.);
#5292=ORIENTED_EDGE('',*,*,#3301,.T.);
#5293=ORIENTED_EDGE('',*,*,#3313,.F.);
#5294=ORIENTED_EDGE('',*,*,#3309,.T.);
#5295=ORIENTED_EDGE('',*,*,#3335,.F.);
#5296=ORIENTED_EDGE('',*,*,#3342,.F.);
#5297=ORIENTED_EDGE('',*,*,#3706,.F.);
#5298=ORIENTED_EDGE('',*,*,#3332,.F.);
#5299=ORIENTED_EDGE('',*,*,#3330,.F.);
#5300=ORIENTED_EDGE('',*,*,#3339,.F.);
#5301=ORIENTED_EDGE('',*,*,#3720,.T.);
#5302=ORIENTED_EDGE('',*,*,#3707,.F.);
#5303=ORIENTED_EDGE('',*,*,#3325,.F.);
#5304=ORIENTED_EDGE('',*,*,#3719,.T.);
#5305=ORIENTED_EDGE('',*,*,#3298,.F.);
#5306=ORIENTED_EDGE('',*,*,#3713,.F.);
#5307=ORIENTED_EDGE('',*,*,#3306,.T.);
#5308=ORIENTED_EDGE('',*,*,#3300,.T.);
#5309=ORIENTED_EDGE('',*,*,#3718,.T.);
#5310=ORIENTED_EDGE('',*,*,#3721,.T.);
#5311=ORIENTED_EDGE('',*,*,#3714,.F.);
#5312=ORIENTED_EDGE('',*,*,#3722,.F.);
#5313=ORIENTED_EDGE('',*,*,#3294,.T.);
#5314=ORIENTED_EDGE('',*,*,#3679,.T.);
#5315=ORIENTED_EDGE('',*,*,#3519,.T.);
#5316=ORIENTED_EDGE('',*,*,#3530,.T.);
#5317=ORIENTED_EDGE('',*,*,#3664,.T.);
#5318=ORIENTED_EDGE('',*,*,#3723,.F.);
#5319=ORIENTED_EDGE('',*,*,#3292,.F.);
#5320=ORIENTED_EDGE('',*,*,#3724,.T.);
#5321=ORIENTED_EDGE('',*,*,#3660,.F.);
#5322=ORIENTED_EDGE('',*,*,#3497,.F.);
#5323=ORIENTED_EDGE('',*,*,#3490,.F.);
#5324=ORIENTED_EDGE('',*,*,#3290,.F.);
#5325=ORIENTED_EDGE('',*,*,#3242,.T.);
#5326=ORIENTED_EDGE('',*,*,#3662,.T.);
#5327=ORIENTED_EDGE('',*,*,#3272,.T.);
#5328=ORIENTED_EDGE('',*,*,#3663,.T.);
#5329=ORIENTED_EDGE('',*,*,#3240,.T.);
#5330=ORIENTED_EDGE('',*,*,#3289,.F.);
#5331=ORIENTED_EDGE('',*,*,#3722,.T.);
#5332=ORIENTED_EDGE('',*,*,#3291,.T.);
#5333=ORIENTED_EDGE('',*,*,#3274,.T.);
#5334=ORIENTED_EDGE('',*,*,#3661,.T.);
#5335=ORIENTED_EDGE('',*,*,#3724,.F.);
#5336=ORIENTED_EDGE('',*,*,#3217,.F.);
#5337=ORIENTED_EDGE('',*,*,#3725,.T.);
#5338=ORIENTED_EDGE('',*,*,#3627,.F.);
#5339=ORIENTED_EDGE('',*,*,#3726,.F.);
#5340=ORIENTED_EDGE('',*,*,#3604,.F.);
#5341=ORIENTED_EDGE('',*,*,#3215,.T.);
#5342=ORIENTED_EDGE('',*,*,#3727,.T.);
#5343=ORIENTED_EDGE('',*,*,#3625,.T.);
#5344=ORIENTED_EDGE('',*,*,#3727,.F.);
#5345=ORIENTED_EDGE('',*,*,#3214,.F.);
#5346=ORIENTED_EDGE('',*,*,#3726,.T.);
#5347=ORIENTED_EDGE('',*,*,#3626,.F.);
#5348=ORIENTED_EDGE('',*,*,#3728,.F.);
#5349=ORIENTED_EDGE('',*,*,#3192,.T.);
#5350=ORIENTED_EDGE('',*,*,#3729,.T.);
#5351=ORIENTED_EDGE('',*,*,#3622,.F.);
#5352=ORIENTED_EDGE('',*,*,#3730,.T.);
#5353=ORIENTED_EDGE('',*,*,#3201,.T.);
#5354=ORIENTED_EDGE('',*,*,#3731,.F.);
#5355=ORIENTED_EDGE('',*,*,#3587,.T.);
#5356=ORIENTED_EDGE('',*,*,#3195,.F.);
#5357=ORIENTED_EDGE('',*,*,#3602,.T.);
#5358=ORIENTED_EDGE('',*,*,#3624,.T.);
#5359=ORIENTED_EDGE('',*,*,#3732,.F.);
#5360=ORIENTED_EDGE('',*,*,#3199,.T.);
#5361=ORIENTED_EDGE('',*,*,#3733,.F.);
#5362=ORIENTED_EDGE('',*,*,#3597,.F.);
#5363=ORIENTED_EDGE('',*,*,#3603,.T.);
#5364=ORIENTED_EDGE('',*,*,#3191,.T.);
#5365=ORIENTED_EDGE('',*,*,#3732,.T.);
#5366=ORIENTED_EDGE('',*,*,#3623,.T.);
#5367=ORIENTED_EDGE('',*,*,#3729,.F.);
#5368=ORIENTED_EDGE('',*,*,#3198,.T.);
#5369=ORIENTED_EDGE('',*,*,#3730,.F.);
#5370=ORIENTED_EDGE('',*,*,#3586,.F.);
#5371=ORIENTED_EDGE('',*,*,#3698,.F.);
#5372=ORIENTED_EDGE('',*,*,#3636,.T.);
#5373=ORIENTED_EDGE('',*,*,#3295,.T.);
#5374=ORIENTED_EDGE('',*,*,#3723,.T.);
#5375=ORIENTED_EDGE('',*,*,#3489,.F.);
#5376=ORIENTED_EDGE('',*,*,#3493,.T.);
#5377=ORIENTED_EDGE('',*,*,#3659,.T.);
#5378=ORIENTED_EDGE('',*,*,#3502,.F.);
#5379=ORIENTED_EDGE('',*,*,#3708,.F.);
#5380=ORIENTED_EDGE('',*,*,#3720,.F.);
#5381=ORIENTED_EDGE('',*,*,#3338,.T.);
#5382=ORIENTED_EDGE('',*,*,#3712,.T.);
#5383=ORIENTED_EDGE('',*,*,#3709,.F.);
#5384=ORIENTED_EDGE('',*,*,#3507,.T.);
#5385=ORIENTED_EDGE('',*,*,#3658,.T.);
#5386=ORIENTED_EDGE('',*,*,#3482,.F.);
#5387=ORIENTED_EDGE('',*,*,#3476,.F.);
#5388=ORIENTED_EDGE('',*,*,#3639,.T.);
#5389=ORIENTED_EDGE('',*,*,#3394,.T.);
#5390=ORIENTED_EDGE('',*,*,#3695,.T.);
#5391=ORIENTED_EDGE('',*,*,#3649,.F.);
#5392=ORIENTED_EDGE('',*,*,#3598,.F.);
#5393=ORIENTED_EDGE('',*,*,#3733,.T.);
#5394=ORIENTED_EDGE('',*,*,#3244,.T.);
#5395=ORIENTED_EDGE('',*,*,#3232,.T.);
#5396=ORIENTED_EDGE('',*,*,#3556,.F.);
#5397=ORIENTED_EDGE('',*,*,#3545,.F.);
#5398=ORIENTED_EDGE('',*,*,#3563,.T.);
#5399=ORIENTED_EDGE('',*,*,#3228,.T.);
#5400=ORIENTED_EDGE('',*,*,#3255,.T.);
#5401=ORIENTED_EDGE('',*,*,#3657,.T.);
#5402=ORIENTED_EDGE('',*,*,#3550,.F.);
#5403=ORIENTED_EDGE('',*,*,#3669,.T.);
#5404=ORIENTED_EDGE('',*,*,#3472,.F.);
#5405=ORIENTED_EDGE('',*,*,#3456,.F.);
#5406=ORIENTED_EDGE('',*,*,#3452,.F.);
#5407=ORIENTED_EDGE('',*,*,#3671,.F.);
#5408=ORIENTED_EDGE('',*,*,#3464,.F.);
#5409=ORIENTED_EDGE('',*,*,#3548,.T.);
#5410=ORIENTED_EDGE('',*,*,#3555,.T.);
#5411=ORIENTED_EDGE('',*,*,#3697,.T.);
#5412=ORIENTED_EDGE('',*,*,#3173,.T.);
#5413=ORIENTED_EDGE('',*,*,#3168,.T.);
#5414=ORIENTED_EDGE('',*,*,#3175,.T.);
#5415=ORIENTED_EDGE('',*,*,#3177,.T.);
#5416=ORIENTED_EDGE('',*,*,#3110,.T.);
#5417=ORIENTED_EDGE('',*,*,#3612,.T.);
#5418=ORIENTED_EDGE('',*,*,#3628,.T.);
#5419=ORIENTED_EDGE('',*,*,#3615,.F.);
#5420=ORIENTED_EDGE('',*,*,#3620,.T.);
#5421=ORIENTED_EDGE('',*,*,#3734,.T.);
#5422=ORIENTED_EDGE('',*,*,#3608,.F.);
#5423=ORIENTED_EDGE('',*,*,#3734,.F.);
#5424=ORIENTED_EDGE('',*,*,#3588,.T.);
#5425=ORIENTED_EDGE('',*,*,#3731,.T.);
#5426=ORIENTED_EDGE('',*,*,#3197,.T.);
#5427=ORIENTED_EDGE('',*,*,#3728,.T.);
#5428=ORIENTED_EDGE('',*,*,#3621,.F.);
#5429=ORIENTED_EDGE('',*,*,#3725,.F.);
#5430=ORIENTED_EDGE('',*,*,#3212,.F.);
#5431=ORIENTED_EDGE('',*,*,#3592,.F.);
#5432=ORIENTED_EDGE('',*,*,#3701,.T.);
#5433=ORIENTED_EDGE('',*,*,#3567,.T.);
#5434=ORIENTED_EDGE('',*,*,#3593,.F.);
#5435=ORIENTED_EDGE('',*,*,#3570,.F.);
#5436=ORIENTED_EDGE('',*,*,#3687,.F.);
#5437=ORIENTED_EDGE('',*,*,#3444,.F.);
#5438=ORIENTED_EDGE('',*,*,#3684,.F.);
#5439=ORIENTED_EDGE('',*,*,#3693,.F.);
#5440=ORIENTED_EDGE('',*,*,#3685,.F.);
#5441=ORIENTED_EDGE('',*,*,#3442,.F.);
#5442=ORIENTED_EDGE('',*,*,#3686,.F.);
#5443=ORIENTED_EDGE('',*,*,#3446,.F.);
#5444=ORIENTED_EDGE('',*,*,#3691,.F.);
#5445=ORIENTED_EDGE('',*,*,#3689,.T.);
#5446=ORIENTED_EDGE('',*,*,#3692,.F.);
#5447=ORIENTED_EDGE('',*,*,#3682,.F.);
#5448=ORIENTED_EDGE('',*,*,#3715,.F.);
#5449=ORIENTED_EDGE('',*,*,#3721,.F.);
#5450=ORIENTED_EDGE('',*,*,#3717,.F.);
#5451=ORIENTED_EDGE('',*,*,#3320,.F.);
#5452=ORIENTED_EDGE('',*,*,#3716,.F.);
#5453=ORIENTED_EDGE('',*,*,#3322,.F.);
#5454=ORIENTED_EDGE('',*,*,#3711,.F.);
#5455=ORIENTED_EDGE('',*,*,#3318,.F.);
#5456=ORIENTED_EDGE('',*,*,#3607,.T.);
#5457=ORIENTED_EDGE('',*,*,#3735,.T.);
#5458=ORIENTED_EDGE('',*,*,#3141,.T.);
#5459=ORIENTED_EDGE('',*,*,#3605,.F.);
#5460=ORIENTED_EDGE('',*,*,#3145,.F.);
#5461=ORIENTED_EDGE('',*,*,#3606,.T.);
#5462=ORIENTED_EDGE('',*,*,#3142,.T.);
#5463=ORIENTED_EDGE('',*,*,#3735,.F.);
#5464=PLANE('',#6262);
#5465=PLANE('',#6263);
#5466=PLANE('',#6265);
#5467=PLANE('',#6266);
#5468=PLANE('',#6267);
#5469=PLANE('',#6268);
#5470=PLANE('',#6269);
#5471=PLANE('',#6270);
#5472=PLANE('',#6272);
#5473=PLANE('',#6273);
#5474=PLANE('',#6274);
#5475=PLANE('',#6275);
#5476=PLANE('',#6276);
#5477=PLANE('',#6277);
#5478=PLANE('',#6278);
#5479=PLANE('',#6279);
#5480=PLANE('',#6281);
#5481=PLANE('',#6283);
#5482=PLANE('',#6284);
#5483=PLANE('',#6285);
#5484=PLANE('',#6286);
#5485=PLANE('',#6287);
#5486=PLANE('',#6288);
#5487=PLANE('',#6289);
#5488=PLANE('',#6291);
#5489=PLANE('',#6292);
#5490=PLANE('',#6293);
#5491=PLANE('',#6294);
#5492=PLANE('',#6295);
#5493=PLANE('',#6296);
#5494=PLANE('',#6297);
#5495=PLANE('',#6298);
#5496=PLANE('',#6300);
#5497=PLANE('',#6301);
#5498=PLANE('',#6303);
#5499=PLANE('',#6304);
#5500=PLANE('',#6305);
#5501=PLANE('',#6306);
#5502=PLANE('',#6308);
#5503=PLANE('',#6309);
#5504=PLANE('',#6310);
#5505=PLANE('',#6311);
#5506=PLANE('',#6312);
#5507=PLANE('',#6313);
#5508=PLANE('',#6314);
#5509=PLANE('',#6315);
#5510=PLANE('',#6317);
#5511=PLANE('',#6319);
#5512=PLANE('',#6320);
#5513=PLANE('',#6321);
#5514=PLANE('',#6322);
#5515=PLANE('',#6323);
#5516=PLANE('',#6324);
#5517=PLANE('',#6325);
#5518=PLANE('',#6327);
#5519=PLANE('',#6328);
#5520=PLANE('',#6329);
#5521=PLANE('',#6330);
#5522=PLANE('',#6331);
#5523=PLANE('',#6332);
#5524=PLANE('',#6333);
#5525=PLANE('',#6334);
#5526=PLANE('',#6336);
#5527=PLANE('',#6338);
#5528=PLANE('',#6339);
#5529=PLANE('',#6340);
#5530=PLANE('',#6341);
#5531=PLANE('',#6342);
#5532=PLANE('',#6344);
#5533=PLANE('',#6345);
#5534=PLANE('',#6346);
#5535=PLANE('',#6347);
#5536=PLANE('',#6348);
#5537=PLANE('',#6349);
#5538=PLANE('',#6350);
#5539=PLANE('',#6351);
#5540=PLANE('',#6352);
#5541=PLANE('',#6353);
#5542=PLANE('',#6376);
#5543=PLANE('',#6377);
#5544=PLANE('',#6387);
#5545=PLANE('',#6396);
#5546=PLANE('',#6397);
#5547=PLANE('',#6398);
#5548=PLANE('',#6399);
#5549=PLANE('',#6400);
#5550=PLANE('',#6401);
#5551=PLANE('',#6402);
#5552=PLANE('',#6403);
#5553=PLANE('',#6404);
#5554=PLANE('',#6405);
#5555=PLANE('',#6406);
#5556=PLANE('',#6451);
#5557=PLANE('',#6452);
#5558=PLANE('',#6453);
#5559=PLANE('',#6466);
#5560=PLANE('',#6467);
#5561=PLANE('',#6468);
#5562=PLANE('',#6469);
#5563=PLANE('',#6470);
#5564=PLANE('',#6471);
#5565=PLANE('',#6472);
#5566=PLANE('',#6473);
#5567=PLANE('',#6474);
#5568=PLANE('',#6475);
#5569=PLANE('',#6476);
#5570=PLANE('',#6477);
#5571=PLANE('',#6478);
#5572=PLANE('',#6479);
#5573=PLANE('',#6480);
#5574=PLANE('',#6481);
#5575=PLANE('',#6482);
#5576=PLANE('',#6483);
#5577=PLANE('',#6484);
#5578=PLANE('',#6485);
#5579=PLANE('',#6486);
#5580=PLANE('',#6487);
#5581=PLANE('',#6488);
#5582=PLANE('',#6510);
#5583=PLANE('',#6511);
#5584=PLANE('',#6512);
#5585=PLANE('',#6513);
#5586=PLANE('',#6514);
#5587=PLANE('',#6515);
#5588=PLANE('',#6516);
#5589=PLANE('',#6517);
#5590=PLANE('',#6518);
#5591=PLANE('',#6519);
#5592=PLANE('',#6520);
#5593=PLANE('',#6521);
#5594=PLANE('',#6522);
#5595=PLANE('',#6523);
#5596=PLANE('',#6524);
#5597=PLANE('',#6525);
#5598=PLANE('',#6526);
#5599=PLANE('',#6527);
#5600=PLANE('',#6528);
#5601=PLANE('',#6529);
#5602=PLANE('',#6530);
#5603=PLANE('',#6531);
#5604=PLANE('',#6532);
#5605=PLANE('',#6533);
#5606=PLANE('',#6534);
#5607=PLANE('',#6535);
#5608=PLANE('',#6536);
#5609=PLANE('',#6537);
#5610=PLANE('',#6538);
#5611=PLANE('',#6539);
#5612=PLANE('',#6540);
#5613=PLANE('',#6541);
#5614=PLANE('',#6542);
#5615=PLANE('',#6543);
#5616=PLANE('',#6544);
#5617=PLANE('',#6545);
#5618=PLANE('',#6546);
#5619=PLANE('',#6547);
#5620=PLANE('',#6548);
#5621=PLANE('',#6549);
#5622=PLANE('',#6550);
#5623=PLANE('',#6551);
#5624=PLANE('',#6552);
#5625=PLANE('',#6553);
#5626=PLANE('',#6554);
#5627=PLANE('',#6555);
#5628=PLANE('',#6556);
#5629=PLANE('',#6560);
#5630=PLANE('',#6561);
#5631=PLANE('',#6562);
#5632=PLANE('',#6564);
#5633=PLANE('',#6565);
#5634=PLANE('',#6568);
#5635=PLANE('',#6571);
#5636=PLANE('',#6572);
#5637=PLANE('',#6577);
#5638=PLANE('',#6580);
#5639=PLANE('',#6582);
#5640=PLANE('',#6585);
#5641=PLANE('',#6586);
#5642=PLANE('',#6587);
#5643=PLANE('',#6588);
#5644=PLANE('',#6589);
#5645=PLANE('',#6590);
#5646=PLANE('',#6591);
#5647=PLANE('',#6592);
#5648=PLANE('',#6593);
#5649=PLANE('',#6594);
#5650=PLANE('',#6595);
#5651=PLANE('',#6596);
#5652=PLANE('',#6597);
#5653=PLANE('',#6598);
#5654=PLANE('',#6599);
#5655=PLANE('',#6600);
#5656=PLANE('',#6601);
#5657=PLANE('',#6602);
#5658=PLANE('',#6605);
#5659=PLANE('',#6608);
#5660=PLANE('',#6610);
#5661=PLANE('',#6612);
#5662=PLANE('',#6613);
#5663=PLANE('',#6614);
#5664=PLANE('',#6615);
#5665=PLANE('',#6616);
#5666=PLANE('',#6617);
#5667=PLANE('',#6618);
#5668=PLANE('',#6619);
#5669=PLANE('',#6621);
#5670=PLANE('',#6622);
#5671=PLANE('',#6623);
#5672=PLANE('',#6624);
#5673=PLANE('',#6625);
#5674=PLANE('',#6626);
#5675=PLANE('',#6627);
#5676=PLANE('',#6630);
#5677=PLANE('',#6633);
#5678=PLANE('',#6634);
#5679=PLANE('',#6635);
#5680=PLANE('',#6636);
#5681=PLANE('',#6637);
#5682=PLANE('',#6638);
#5683=PLANE('',#6639);
#5684=PLANE('',#6640);
#5685=PLANE('',#6641);
#5686=PLANE('',#6642);
#5687=PLANE('',#6643);
#5688=PLANE('',#6644);
#5689=PLANE('',#6645);
#5690=PLANE('',#6646);
#5691=PLANE('',#6647);
#5692=PLANE('',#6648);
#5693=PLANE('',#6649);
#5694=STYLED_ITEM('',(#11362),#5933);
#5695=STYLED_ITEM('',(#11362),#5934);
#5696=STYLED_ITEM('',(#11362),#5935);
#5697=STYLED_ITEM('',(#11362),#5936);
#5698=STYLED_ITEM('',(#11362),#5937);
#5699=STYLED_ITEM('',(#11362),#5938);
#5700=STYLED_ITEM('',(#11362),#5939);
#5701=STYLED_ITEM('',(#11362),#5940);
#5702=STYLED_ITEM('',(#11362),#5941);
#5703=STYLED_ITEM('',(#11362),#5942);
#5704=STYLED_ITEM('',(#11362),#5943);
#5705=STYLED_ITEM('',(#11362),#5944);
#5706=STYLED_ITEM('',(#11362),#5945);
#5707=STYLED_ITEM('',(#11362),#5946);
#5708=STYLED_ITEM('',(#11362),#5947);
#5709=STYLED_ITEM('',(#11362),#5948);
#5710=STYLED_ITEM('',(#11362),#5949);
#5711=STYLED_ITEM('',(#11361),#87);
#5712=STYLED_ITEM('',(#11362),#5950);
#5713=STYLED_ITEM('',(#11362),#5951);
#5714=STYLED_ITEM('',(#11362),#5952);
#5715=STYLED_ITEM('',(#11362),#5953);
#5716=STYLED_ITEM('',(#11362),#5954);
#5717=STYLED_ITEM('',(#11362),#5955);
#5718=STYLED_ITEM('',(#11362),#5956);
#5719=STYLED_ITEM('',(#11362),#5957);
#5720=STYLED_ITEM('',(#11362),#5958);
#5721=STYLED_ITEM('',(#11362),#5959);
#5722=STYLED_ITEM('',(#11362),#5960);
#5723=STYLED_ITEM('',(#11362),#5961);
#5724=STYLED_ITEM('',(#11362),#5962);
#5725=STYLED_ITEM('',(#11362),#5963);
#5726=STYLED_ITEM('',(#11362),#5964);
#5727=STYLED_ITEM('',(#11362),#5965);
#5728=STYLED_ITEM('',(#11362),#5966);
#5729=STYLED_ITEM('',(#11361),#88);
#5730=STYLED_ITEM('',(#11362),#5967);
#5731=STYLED_ITEM('',(#11362),#5968);
#5732=STYLED_ITEM('',(#11362),#5969);
#5733=STYLED_ITEM('',(#11362),#5970);
#5734=STYLED_ITEM('',(#11362),#5971);
#5735=STYLED_ITEM('',(#11362),#5972);
#5736=STYLED_ITEM('',(#11362),#5973);
#5737=STYLED_ITEM('',(#11362),#5974);
#5738=STYLED_ITEM('',(#11362),#5975);
#5739=STYLED_ITEM('',(#11362),#5976);
#5740=STYLED_ITEM('',(#11362),#5977);
#5741=STYLED_ITEM('',(#11362),#5978);
#5742=STYLED_ITEM('',(#11362),#5979);
#5743=STYLED_ITEM('',(#11362),#5980);
#5744=STYLED_ITEM('',(#11362),#5981);
#5745=STYLED_ITEM('',(#11361),#89);
#5746=STYLED_ITEM('',(#11362),#5982);
#5747=STYLED_ITEM('',(#11362),#5983);
#5748=STYLED_ITEM('',(#11362),#5984);
#5749=STYLED_ITEM('',(#11362),#5985);
#5750=STYLED_ITEM('',(#11362),#5986);
#5751=STYLED_ITEM('',(#11362),#5987);
#5752=STYLED_ITEM('',(#11362),#5988);
#5753=STYLED_ITEM('',(#11362),#5989);
#5754=STYLED_ITEM('',(#11362),#5990);
#5755=STYLED_ITEM('',(#11362),#5991);
#5756=STYLED_ITEM('',(#11362),#5992);
#5757=STYLED_ITEM('',(#11362),#5993);
#5758=STYLED_ITEM('',(#11362),#5994);
#5759=STYLED_ITEM('',(#11362),#5995);
#5760=STYLED_ITEM('',(#11362),#5996);
#5761=STYLED_ITEM('',(#11362),#5997);
#5762=STYLED_ITEM('',(#11362),#5998);
#5763=STYLED_ITEM('',(#11361),#90);
#5764=STYLED_ITEM('',(#11362),#5999);
#5765=STYLED_ITEM('',(#11362),#6000);
#5766=STYLED_ITEM('',(#11362),#6001);
#5767=STYLED_ITEM('',(#11362),#6002);
#5768=STYLED_ITEM('',(#11362),#6003);
#5769=STYLED_ITEM('',(#11362),#6004);
#5770=STYLED_ITEM('',(#11362),#6005);
#5771=STYLED_ITEM('',(#11362),#6006);
#5772=STYLED_ITEM('',(#11362),#6007);
#5773=STYLED_ITEM('',(#11362),#6008);
#5774=STYLED_ITEM('',(#11362),#6009);
#5775=STYLED_ITEM('',(#11362),#6010);
#5776=STYLED_ITEM('',(#11362),#6011);
#5777=STYLED_ITEM('',(#11362),#6012);
#5778=STYLED_ITEM('',(#11362),#6013);
#5779=STYLED_ITEM('',(#11362),#6014);
#5780=STYLED_ITEM('',(#11362),#6015);
#5781=STYLED_ITEM('',(#11361),#91);
#5782=STYLED_ITEM('',(#11363),#6034);
#5783=STYLED_ITEM('',(#11363),#6035);
#5784=STYLED_ITEM('',(#11363),#6036);
#5785=STYLED_ITEM('',(#11363),#6037);
#5786=STYLED_ITEM('',(#11363),#6038);
#5787=STYLED_ITEM('',(#11363),#6039);
#5788=STYLED_ITEM('',(#11363),#6040);
#5789=STYLED_ITEM('',(#11363),#6041);
#5790=STYLED_ITEM('',(#11363),#6042);
#5791=STYLED_ITEM('',(#11363),#6043);
#5792=STYLED_ITEM('',(#11363),#6044);
#5793=STYLED_ITEM('',(#11363),#6045);
#5794=STYLED_ITEM('',(#11363),#6046);
#5795=STYLED_ITEM('',(#11363),#6047);
#5796=STYLED_ITEM('',(#11363),#6048);
#5797=STYLED_ITEM('',(#11363),#6049);
#5798=STYLED_ITEM('',(#11363),#6050);
#5799=STYLED_ITEM('',(#11363),#6051);
#5800=STYLED_ITEM('',(#11363),#6062);
#5801=STYLED_ITEM('',(#11363),#6063);
#5802=STYLED_ITEM('',(#11363),#6064);
#5803=STYLED_ITEM('',(#11363),#6065);
#5804=STYLED_ITEM('',(#11364),#6067);
#5805=STYLED_ITEM('',(#11363),#6068);
#5806=STYLED_ITEM('',(#11364),#6070);
#5807=STYLED_ITEM('',(#11363),#6071);
#5808=STYLED_ITEM('',(#11364),#6073);
#5809=STYLED_ITEM('',(#11363),#6074);
#5810=STYLED_ITEM('',(#11364),#6075);
#5811=STYLED_ITEM('',(#11363),#6077);
#5812=STYLED_ITEM('',(#11364),#6079);
#5813=STYLED_ITEM('',(#11363),#6081);
#5814=STYLED_ITEM('',(#11363),#6082);
#5815=STYLED_ITEM('',(#11363),#6083);
#5816=STYLED_ITEM('',(#11363),#6084);
#5817=STYLED_ITEM('',(#11363),#6085);
#5818=STYLED_ITEM('',(#11363),#6086);
#5819=STYLED_ITEM('',(#11363),#6087);
#5820=STYLED_ITEM('',(#11363),#6088);
#5821=STYLED_ITEM('',(#11363),#6089);
#5822=STYLED_ITEM('',(#11363),#6090);
#5823=STYLED_ITEM('',(#11363),#6091);
#5824=STYLED_ITEM('',(#11363),#6092);
#5825=STYLED_ITEM('',(#11363),#6093);
#5826=STYLED_ITEM('',(#11363),#6094);
#5827=STYLED_ITEM('',(#11363),#6095);
#5828=STYLED_ITEM('',(#11363),#6096);
#5829=STYLED_ITEM('',(#11363),#6097);
#5830=STYLED_ITEM('',(#11363),#6098);
#5831=STYLED_ITEM('',(#11363),#6099);
#5832=STYLED_ITEM('',(#11363),#6100);
#5833=STYLED_ITEM('',(#11363),#6101);
#5834=STYLED_ITEM('',(#11363),#6102);
#5835=STYLED_ITEM('',(#11363),#6103);
#5836=STYLED_ITEM('',(#11363),#6104);
#5837=STYLED_ITEM('',(#11364),#6105);
#5838=STYLED_ITEM('',(#11363),#6112);
#5839=STYLED_ITEM('',(#11363),#6113);
#5840=STYLED_ITEM('',(#11363),#6114);
#5841=STYLED_ITEM('',(#11363),#6115);
#5842=STYLED_ITEM('',(#11363),#6116);
#5843=STYLED_ITEM('',(#11363),#6117);
#5844=STYLED_ITEM('',(#11363),#6118);
#5845=STYLED_ITEM('',(#11363),#6119);
#5846=STYLED_ITEM('',(#11363),#6120);
#5847=STYLED_ITEM('',(#11363),#6121);
#5848=STYLED_ITEM('',(#11363),#6122);
#5849=STYLED_ITEM('',(#11363),#6123);
#5850=STYLED_ITEM('',(#11363),#6124);
#5851=STYLED_ITEM('',(#11363),#6126);
#5852=STYLED_ITEM('',(#11363),#6127);
#5853=STYLED_ITEM('',(#11363),#6128);
#5854=STYLED_ITEM('',(#11363),#6129);
#5855=STYLED_ITEM('',(#11363),#6130);
#5856=STYLED_ITEM('',(#11363),#6131);
#5857=STYLED_ITEM('',(#11364),#6132);
#5858=STYLED_ITEM('',(#11364),#6133);
#5859=STYLED_ITEM('',(#11364),#6134);
#5860=STYLED_ITEM('',(#11364),#6135);
#5861=STYLED_ITEM('',(#11364),#6136);
#5862=STYLED_ITEM('',(#11364),#6137);
#5863=STYLED_ITEM('',(#11364),#6138);
#5864=STYLED_ITEM('',(#11364),#6139);
#5865=STYLED_ITEM('',(#11364),#6140);
#5866=STYLED_ITEM('',(#11364),#6141);
#5867=STYLED_ITEM('',(#11364),#6142);
#5868=STYLED_ITEM('',(#11364),#6143);
#5869=STYLED_ITEM('',(#11364),#6144);
#5870=STYLED_ITEM('',(#11364),#6145);
#5871=STYLED_ITEM('',(#11364),#6146);
#5872=STYLED_ITEM('',(#11364),#6147);
#5873=STYLED_ITEM('',(#11364),#6148);
#5874=STYLED_ITEM('',(#11364),#6149);
#5875=STYLED_ITEM('',(#11364),#6150);
#5876=STYLED_ITEM('',(#11364),#6151);
#5877=STYLED_ITEM('',(#11364),#6152);
#5878=STYLED_ITEM('',(#11364),#6153);
#5879=STYLED_ITEM('',(#11363),#6154);
#5880=STYLED_ITEM('',(#11363),#6155);
#5881=STYLED_ITEM('',(#11363),#6156);
#5882=STYLED_ITEM('',(#11363),#6157);
#5883=STYLED_ITEM('',(#11363),#6158);
#5884=STYLED_ITEM('',(#11363),#6159);
#5885=STYLED_ITEM('',(#11363),#6160);
#5886=STYLED_ITEM('',(#11363),#6161);
#5887=STYLED_ITEM('',(#11363),#6162);
#5888=STYLED_ITEM('',(#11363),#6163);
#5889=STYLED_ITEM('',(#11363),#6164);
#5890=STYLED_ITEM('',(#11364),#6180);
#5891=STYLED_ITEM('',(#11364),#6181);
#5892=STYLED_ITEM('',(#11364),#6182);
#5893=STYLED_ITEM('',(#11364),#6185);
#5894=STYLED_ITEM('',(#11364),#6187);
#5895=STYLED_ITEM('',(#11364),#6188);
#5896=STYLED_ITEM('',(#11363),#6189);
#5897=STYLED_ITEM('',(#11364),#6190);
#5898=STYLED_ITEM('',(#11363),#6191);
#5899=STYLED_ITEM('',(#11363),#6192);
#5900=STYLED_ITEM('',(#11364),#6194);
#5901=STYLED_ITEM('',(#11364),#6195);
#5902=STYLED_ITEM('',(#11363),#6196);
#5903=STYLED_ITEM('',(#11363),#6197);
#5904=STYLED_ITEM('',(#11363),#6198);
#5905=STYLED_ITEM('',(#11363),#6199);
#5906=STYLED_ITEM('',(#11363),#6205);
#5907=STYLED_ITEM('',(#11363),#6206);
#5908=STYLED_ITEM('',(#11363),#6207);
#5909=STYLED_ITEM('',(#11363),#6208);
#5910=STYLED_ITEM('',(#11363),#6209);
#5911=STYLED_ITEM('',(#11363),#6210);
#5912=STYLED_ITEM('',(#11363),#6211);
#5913=STYLED_ITEM('',(#11363),#6212);
#5914=STYLED_ITEM('',(#11364),#6213);
#5915=STYLED_ITEM('',(#11363),#6214);
#5916=STYLED_ITEM('',(#11363),#6215);
#5917=STYLED_ITEM('',(#11363),#6216);
#5918=STYLED_ITEM('',(#11363),#6217);
#5919=STYLED_ITEM('',(#11364),#6218);
#5920=STYLED_ITEM('',(#11364),#6219);
#5921=STYLED_ITEM('',(#11364),#6220);
#5922=STYLED_ITEM('',(#11364),#6221);
#5923=STYLED_ITEM('',(#11364),#6222);
#5924=STYLED_ITEM('',(#11364),#6231);
#5925=STYLED_ITEM('',(#11363),#6232);
#5926=STYLED_ITEM('',(#11363),#6236);
#5927=STYLED_ITEM('',(#11363),#6237);
#5928=STYLED_ITEM('',(#11363),#6238);
#5929=STYLED_ITEM('',(#11363),#6239);
#5930=STYLED_ITEM('',(#11363),#6240);
#5931=STYLED_ITEM('',(#11363),#6241);
#5932=STYLED_ITEM('',(#11361),#92);
#5933=ADVANCED_FACE('',(#252),#5464,.F.);
#5934=ADVANCED_FACE('',(#253),#5465,.F.);
#5935=ADVANCED_FACE('',(#254),#5466,.F.);
#5936=ADVANCED_FACE('',(#255),#5467,.F.);
#5937=ADVANCED_FACE('',(#256),#5468,.F.);
#5938=ADVANCED_FACE('',(#257),#5469,.F.);
#5939=ADVANCED_FACE('',(#258),#5470,.F.);
#5940=ADVANCED_FACE('',(#259),#5471,.F.);
#5941=ADVANCED_FACE('',(#260),#5472,.T.);
#5942=ADVANCED_FACE('',(#261),#5473,.F.);
#5943=ADVANCED_FACE('',(#262),#5474,.T.);
#5944=ADVANCED_FACE('',(#263),#5475,.T.);
#5945=ADVANCED_FACE('',(#264),#5476,.T.);
#5946=ADVANCED_FACE('',(#265),#5477,.F.);
#5947=ADVANCED_FACE('',(#266),#5478,.F.);
#5948=ADVANCED_FACE('',(#267),#5479,.F.);
#5949=ADVANCED_FACE('',(#268),#93,.T.);
#5950=ADVANCED_FACE('',(#269),#5480,.T.);
#5951=ADVANCED_FACE('',(#270),#5481,.T.);
#5952=ADVANCED_FACE('',(#271),#5482,.F.);
#5953=ADVANCED_FACE('',(#272),#5483,.F.);
#5954=ADVANCED_FACE('',(#273),#5484,.F.);
#5955=ADVANCED_FACE('',(#274),#5485,.T.);
#5956=ADVANCED_FACE('',(#275),#5486,.T.);
#5957=ADVANCED_FACE('',(#276),#5487,.T.);
#5958=ADVANCED_FACE('',(#277),#5488,.T.);
#5959=ADVANCED_FACE('',(#278),#5489,.F.);
#5960=ADVANCED_FACE('',(#279),#5490,.F.);
#5961=ADVANCED_FACE('',(#280),#5491,.F.);
#5962=ADVANCED_FACE('',(#281),#5492,.F.);
#5963=ADVANCED_FACE('',(#282),#5493,.T.);
#5964=ADVANCED_FACE('',(#283),#5494,.T.);
#5965=ADVANCED_FACE('',(#284),#5495,.T.);
#5966=ADVANCED_FACE('',(#285),#94,.T.);
#5967=ADVANCED_FACE('',(#286),#5496,.F.);
#5968=ADVANCED_FACE('',(#287),#5497,.F.);
#5969=ADVANCED_FACE('',(#288),#5498,.F.);
#5970=ADVANCED_FACE('',(#289),#5499,.T.);
#5971=ADVANCED_FACE('',(#290),#5500,.F.);
#5972=ADVANCED_FACE('',(#291),#5501,.F.);
#5973=ADVANCED_FACE('',(#292),#5502,.T.);
#5974=ADVANCED_FACE('',(#293),#5503,.F.);
#5975=ADVANCED_FACE('',(#294),#5504,.F.);
#5976=ADVANCED_FACE('',(#295),#5505,.F.);
#5977=ADVANCED_FACE('',(#296),#5506,.F.);
#5978=ADVANCED_FACE('',(#297),#5507,.T.);
#5979=ADVANCED_FACE('',(#298),#5508,.T.);
#5980=ADVANCED_FACE('',(#299),#5509,.T.);
#5981=ADVANCED_FACE('',(#300),#95,.T.);
#5982=ADVANCED_FACE('',(#301),#5510,.T.);
#5983=ADVANCED_FACE('',(#302),#5511,.T.);
#5984=ADVANCED_FACE('',(#303),#5512,.F.);
#5985=ADVANCED_FACE('',(#304),#5513,.F.);
#5986=ADVANCED_FACE('',(#305),#5514,.T.);
#5987=ADVANCED_FACE('',(#306),#5515,.T.);
#5988=ADVANCED_FACE('',(#307),#5516,.T.);
#5989=ADVANCED_FACE('',(#308),#5517,.T.);
#5990=ADVANCED_FACE('',(#309),#5518,.T.);
#5991=ADVANCED_FACE('',(#310),#5519,.F.);
#5992=ADVANCED_FACE('',(#311),#5520,.F.);
#5993=ADVANCED_FACE('',(#312),#5521,.F.);
#5994=ADVANCED_FACE('',(#313),#5522,.F.);
#5995=ADVANCED_FACE('',(#314),#5523,.T.);
#5996=ADVANCED_FACE('',(#315),#5524,.T.);
#5997=ADVANCED_FACE('',(#316),#5525,.T.);
#5998=ADVANCED_FACE('',(#317),#96,.T.);
#5999=ADVANCED_FACE('',(#318),#5526,.F.);
#6000=ADVANCED_FACE('',(#319),#5527,.F.);
#6001=ADVANCED_FACE('',(#320),#5528,.F.);
#6002=ADVANCED_FACE('',(#321),#5529,.F.);
#6003=ADVANCED_FACE('',(#322),#5530,.T.);
#6004=ADVANCED_FACE('',(#323),#5531,.F.);
#6005=ADVANCED_FACE('',(#324),#5532,.F.);
#6006=ADVANCED_FACE('',(#325),#5533,.F.);
#6007=ADVANCED_FACE('',(#326),#5534,.T.);
#6008=ADVANCED_FACE('',(#327),#5535,.F.);
#6009=ADVANCED_FACE('',(#328),#5536,.T.);
#6010=ADVANCED_FACE('',(#329),#5537,.T.);
#6011=ADVANCED_FACE('',(#330),#5538,.T.);
#6012=ADVANCED_FACE('',(#331),#5539,.F.);
#6013=ADVANCED_FACE('',(#332),#5540,.F.);
#6014=ADVANCED_FACE('',(#333),#5541,.F.);
#6015=ADVANCED_FACE('',(#334),#97,.T.);
#6016=ADVANCED_FACE('',(#335),#98,.T.);
#6017=ADVANCED_FACE('',(#336),#99,.T.);
#6018=ADVANCED_FACE('',(#337),#100,.T.);
#6019=ADVANCED_FACE('',(#338),#101,.T.);
#6020=ADVANCED_FACE('',(#339),#102,.T.);
#6021=ADVANCED_FACE('',(#340),#103,.T.);
#6022=ADVANCED_FACE('',(#341),#104,.T.);
#6023=ADVANCED_FACE('',(#342),#105,.T.);
#6024=ADVANCED_FACE('',(#343),#106,.T.);
#6025=ADVANCED_FACE('',(#344),#107,.T.);
#6026=ADVANCED_FACE('',(#345),#108,.T.);
#6027=ADVANCED_FACE('',(#346),#109,.T.);
#6028=ADVANCED_FACE('',(#347),#110,.T.);
#6029=ADVANCED_FACE('',(#348),#111,.T.);
#6030=ADVANCED_FACE('',(#349),#112,.T.);
#6031=ADVANCED_FACE('',(#350),#36,.T.);
#6032=ADVANCED_FACE('',(#351),#5542,.T.);
#6033=ADVANCED_FACE('',(#352),#5543,.T.);
#6034=ADVANCED_FACE('',(#353),#113,.F.);
#6035=ADVANCED_FACE('',(#354),#114,.F.);
#6036=ADVANCED_FACE('',(#355),#115,.F.);
#6037=ADVANCED_FACE('',(#356),#116,.F.);
#6038=ADVANCED_FACE('',(#357),#18,.T.);
#6039=ADVANCED_FACE('',(#358),#19,.T.);
#6040=ADVANCED_FACE('',(#359),#20,.T.);
#6041=ADVANCED_FACE('',(#360),#21,.T.);
#6042=ADVANCED_FACE('',(#361),#5544,.F.);
#6043=ADVANCED_FACE('',(#362),#117,.F.);
#6044=ADVANCED_FACE('',(#363),#118,.F.);
#6045=ADVANCED_FACE('',(#364),#119,.F.);
#6046=ADVANCED_FACE('',(#365),#120,.F.);
#6047=ADVANCED_FACE('',(#366),#22,.T.);
#6048=ADVANCED_FACE('',(#367),#23,.T.);
#6049=ADVANCED_FACE('',(#368),#24,.T.);
#6050=ADVANCED_FACE('',(#369),#25,.T.);
#6051=ADVANCED_FACE('',(#370),#5545,.F.);
#6052=ADVANCED_FACE('',(#371),#5546,.F.);
#6053=ADVANCED_FACE('',(#372),#5547,.T.);
#6054=ADVANCED_FACE('',(#373),#5548,.T.);
#6055=ADVANCED_FACE('',(#374),#5549,.T.);
#6056=ADVANCED_FACE('',(#375),#5550,.T.);
#6057=ADVANCED_FACE('',(#376),#5551,.F.);
#6058=ADVANCED_FACE('',(#377),#5552,.F.);
#6059=ADVANCED_FACE('',(#378),#5553,.F.);
#6060=ADVANCED_FACE('',(#379),#5554,.F.);
#6061=ADVANCED_FACE('',(#380),#5555,.F.);
#6062=ADVANCED_FACE('',(#381),#121,.T.);
#6063=ADVANCED_FACE('',(#382),#122,.T.);
#6064=ADVANCED_FACE('',(#383),#123,.T.);
#6065=ADVANCED_FACE('',(#384),#124,.T.);
#6066=ADVANCED_FACE('',(#385),#125,.T.);
#6067=ADVANCED_FACE('',(#386),#126,.T.);
#6068=ADVANCED_FACE('',(#387),#127,.T.);
#6069=ADVANCED_FACE('',(#388),#128,.T.);
#6070=ADVANCED_FACE('',(#389),#129,.T.);
#6071=ADVANCED_FACE('',(#390),#130,.T.);
#6072=ADVANCED_FACE('',(#391),#131,.T.);
#6073=ADVANCED_FACE('',(#392),#132,.T.);
#6074=ADVANCED_FACE('',(#393),#133,.T.);
#6075=ADVANCED_FACE('',(#394),#134,.T.);
#6076=ADVANCED_FACE('',(#395),#135,.T.);
#6077=ADVANCED_FACE('',(#396),#136,.T.);
#6078=ADVANCED_FACE('',(#397),#5556,.F.);
#6079=ADVANCED_FACE('',(#398),#5557,.F.);
#6080=ADVANCED_FACE('',(#399),#5558,.T.);
#6081=ADVANCED_FACE('',(#400),#137,.T.);
#6082=ADVANCED_FACE('',(#401),#138,.F.);
#6083=ADVANCED_FACE('',(#402),#139,.T.);
#6084=ADVANCED_FACE('',(#403),#140,.T.);
#6085=ADVANCED_FACE('',(#404),#5559,.T.);
#6086=ADVANCED_FACE('',(#405),#5560,.T.);
#6087=ADVANCED_FACE('',(#406),#5561,.T.);
#6088=ADVANCED_FACE('',(#407),#5562,.T.);
#6089=ADVANCED_FACE('',(#408),#5563,.T.);
#6090=ADVANCED_FACE('',(#409),#5564,.T.);
#6091=ADVANCED_FACE('',(#410),#5565,.T.);
#6092=ADVANCED_FACE('',(#411),#5566,.T.);
#6093=ADVANCED_FACE('',(#412),#5567,.T.);
#6094=ADVANCED_FACE('',(#413),#5568,.T.);
#6095=ADVANCED_FACE('',(#414),#5569,.T.);
#6096=ADVANCED_FACE('',(#415),#5570,.T.);
#6097=ADVANCED_FACE('',(#416),#5571,.T.);
#6098=ADVANCED_FACE('',(#417),#5572,.T.);
#6099=ADVANCED_FACE('',(#418),#5573,.T.);
#6100=ADVANCED_FACE('',(#419),#5574,.T.);
#6101=ADVANCED_FACE('',(#420),#5575,.T.);
#6102=ADVANCED_FACE('',(#421),#5576,.F.);
#6103=ADVANCED_FACE('',(#422),#5577,.T.);
#6104=ADVANCED_FACE('',(#423),#5578,.T.);
#6105=ADVANCED_FACE('',(#424),#5579,.F.);
#6106=ADVANCED_FACE('',(#425),#5580,.F.);
#6107=ADVANCED_FACE('',(#426),#5581,.T.);
#6108=ADVANCED_FACE('',(#427),#141,.T.);
#6109=ADVANCED_FACE('',(#428),#142,.T.);
#6110=ADVANCED_FACE('',(#429),#143,.T.);
#6111=ADVANCED_FACE('',(#430),#144,.T.);
#6112=ADVANCED_FACE('',(#431),#145,.T.);
#6113=ADVANCED_FACE('',(#432),#146,.F.);
#6114=ADVANCED_FACE('',(#433),#147,.T.);
#6115=ADVANCED_FACE('',(#434),#5582,.F.);
#6116=ADVANCED_FACE('',(#435),#5583,.F.);
#6117=ADVANCED_FACE('',(#436),#5584,.F.);
#6118=ADVANCED_FACE('',(#437),#5585,.F.);
#6119=ADVANCED_FACE('',(#438),#5586,.F.);
#6120=ADVANCED_FACE('',(#439),#5587,.F.);
#6121=ADVANCED_FACE('',(#440),#5588,.F.);
#6122=ADVANCED_FACE('',(#441),#5589,.F.);
#6123=ADVANCED_FACE('',(#442),#5590,.F.);
#6124=ADVANCED_FACE('',(#443),#5591,.F.);
#6125=ADVANCED_FACE('',(#444),#5592,.F.);
#6126=ADVANCED_FACE('',(#445),#5593,.T.);
#6127=ADVANCED_FACE('',(#446),#5594,.F.);
#6128=ADVANCED_FACE('',(#447),#5595,.F.);
#6129=ADVANCED_FACE('',(#448),#5596,.T.);
#6130=ADVANCED_FACE('',(#449),#5597,.F.);
#6131=ADVANCED_FACE('',(#450),#5598,.F.);
#6132=ADVANCED_FACE('',(#451),#5599,.T.);
#6133=ADVANCED_FACE('',(#452),#5600,.T.);
#6134=ADVANCED_FACE('',(#453),#5601,.T.);
#6135=ADVANCED_FACE('',(#454),#5602,.T.);
#6136=ADVANCED_FACE('',(#455),#5603,.T.);
#6137=ADVANCED_FACE('',(#456),#5604,.F.);
#6138=ADVANCED_FACE('',(#457),#5605,.F.);
#6139=ADVANCED_FACE('',(#458),#5606,.F.);
#6140=ADVANCED_FACE('',(#459),#5607,.T.);
#6141=ADVANCED_FACE('',(#460),#5608,.T.);
#6142=ADVANCED_FACE('',(#461),#5609,.T.);
#6143=ADVANCED_FACE('',(#462),#5610,.F.);
#6144=ADVANCED_FACE('',(#463),#5611,.F.);
#6145=ADVANCED_FACE('',(#464),#5612,.F.);
#6146=ADVANCED_FACE('',(#465),#5613,.T.);
#6147=ADVANCED_FACE('',(#466),#5614,.T.);
#6148=ADVANCED_FACE('',(#467),#5615,.T.);
#6149=ADVANCED_FACE('',(#468),#5616,.T.);
#6150=ADVANCED_FACE('',(#469),#5617,.T.);
#6151=ADVANCED_FACE('',(#470),#5618,.F.);
#6152=ADVANCED_FACE('',(#471),#5619,.F.);
#6153=ADVANCED_FACE('',(#472),#5620,.F.);
#6154=ADVANCED_FACE('',(#473),#5621,.F.);
#6155=ADVANCED_FACE('',(#474),#5622,.F.);
#6156=ADVANCED_FACE('',(#475),#5623,.F.);
#6157=ADVANCED_FACE('',(#476),#5624,.F.);
#6158=ADVANCED_FACE('',(#477),#5625,.T.);
#6159=ADVANCED_FACE('',(#478),#5626,.T.);
#6160=ADVANCED_FACE('',(#479),#5627,.T.);
#6161=ADVANCED_FACE('',(#480),#5628,.T.);
#6162=ADVANCED_FACE('',(#481),#148,.F.);
#6163=ADVANCED_FACE('',(#482),#5629,.F.);
#6164=ADVANCED_FACE('',(#483),#5630,.F.);
#6165=ADVANCED_FACE('',(#484),#5631,.T.);
#6166=ADVANCED_FACE('',(#485),#5632,.T.);
#6167=ADVANCED_FACE('',(#486),#5633,.T.);
#6168=ADVANCED_FACE('',(#487),#5634,.F.);
#6169=ADVANCED_FACE('',(#488),#149,.T.);
#6170=ADVANCED_FACE('',(#489),#5635,.F.);
#6171=ADVANCED_FACE('',(#490,#13),#5636,.F.);
#6172=ADVANCED_FACE('',(#491),#26,.T.);
#6173=ADVANCED_FACE('',(#492),#150,.T.);
#6174=ADVANCED_FACE('',(#493),#27,.T.);
#6175=ADVANCED_FACE('',(#494),#5637,.F.);
#6176=ADVANCED_FACE('',(#495),#151,.F.);
#6177=ADVANCED_FACE('',(#496,#14),#5638,.T.);
#6178=ADVANCED_FACE('',(#497,#15),#5639,.T.);
#6179=ADVANCED_FACE('',(#498),#5640,.F.);
#6180=ADVANCED_FACE('',(#499),#5641,.F.);
#6181=ADVANCED_FACE('',(#500),#5642,.F.);
#6182=ADVANCED_FACE('',(#501),#5643,.F.);
#6183=ADVANCED_FACE('',(#502),#5644,.F.);
#6184=ADVANCED_FACE('',(#503),#5645,.F.);
#6185=ADVANCED_FACE('',(#504),#5646,.F.);
#6186=ADVANCED_FACE('',(#505),#5647,.F.);
#6187=ADVANCED_FACE('',(#506),#5648,.F.);
#6188=ADVANCED_FACE('',(#507),#5649,.F.);
#6189=ADVANCED_FACE('',(#508),#5650,.T.);
#6190=ADVANCED_FACE('',(#509),#5651,.F.);
#6191=ADVANCED_FACE('',(#510),#5652,.T.);
#6192=ADVANCED_FACE('',(#511),#5653,.F.);
#6193=ADVANCED_FACE('',(#512),#5654,.F.);
#6194=ADVANCED_FACE('',(#513),#5655,.T.);
#6195=ADVANCED_FACE('',(#514),#5656,.F.);
#6196=ADVANCED_FACE('',(#515),#5657,.T.);
#6197=ADVANCED_FACE('',(#516),#5658,.F.);
#6198=ADVANCED_FACE('',(#517),#5659,.F.);
#6199=ADVANCED_FACE('',(#518),#5660,.F.);
#6200=ADVANCED_FACE('',(#519),#5661,.F.);
#6201=ADVANCED_FACE('',(#520),#5662,.F.);
#6202=ADVANCED_FACE('',(#521),#5663,.F.);
#6203=ADVANCED_FACE('',(#522),#5664,.F.);
#6204=ADVANCED_FACE('',(#523),#5665,.F.);
#6205=ADVANCED_FACE('',(#524),#5666,.T.);
#6206=ADVANCED_FACE('',(#525),#5667,.F.);
#6207=ADVANCED_FACE('',(#526),#5668,.F.);
#6208=ADVANCED_FACE('',(#527),#5669,.F.);
#6209=ADVANCED_FACE('',(#528),#5670,.F.);
#6210=ADVANCED_FACE('',(#529),#5671,.T.);
#6211=ADVANCED_FACE('',(#530,#16),#5672,.F.);
#6212=ADVANCED_FACE('',(#531),#5673,.T.);
#6213=ADVANCED_FACE('',(#532),#5674,.T.);
#6214=ADVANCED_FACE('',(#533),#5675,.T.);
#6215=ADVANCED_FACE('',(#534),#5676,.F.);
#6216=ADVANCED_FACE('',(#535),#5677,.T.);
#6217=ADVANCED_FACE('',(#536),#5678,.T.);
#6218=ADVANCED_FACE('',(#537),#5679,.F.);
#6219=ADVANCED_FACE('',(#538),#5680,.F.);
#6220=ADVANCED_FACE('',(#539),#5681,.F.);
#6221=ADVANCED_FACE('',(#540),#5682,.F.);
#6222=ADVANCED_FACE('',(#541),#5683,.F.);
#6223=ADVANCED_FACE('',(#542),#5684,.T.);
#6224=ADVANCED_FACE('',(#543),#5685,.F.);
#6225=ADVANCED_FACE('',(#544),#5686,.F.);
#6226=ADVANCED_FACE('',(#545),#5687,.T.);
#6227=ADVANCED_FACE('',(#546),#5688,.T.);
#6228=ADVANCED_FACE('',(#547),#5689,.F.);
#6229=ADVANCED_FACE('',(#548),#5690,.F.);
#6230=ADVANCED_FACE('',(#549),#5691,.F.);
#6231=ADVANCED_FACE('',(#550),#5692,.F.);
#6232=ADVANCED_FACE('',(#551,#17),#5693,.F.);
#6233=ADVANCED_FACE('',(#552),#152,.T.);
#6234=ADVANCED_FACE('',(#553),#153,.T.);
#6235=ADVANCED_FACE('',(#554),#154,.T.);
#6236=ADVANCED_FACE('',(#555),#155,.F.);
#6237=ADVANCED_FACE('',(#556),#156,.T.);
#6238=ADVANCED_FACE('',(#557),#157,.F.);
#6239=ADVANCED_FACE('',(#558),#158,.T.);
#6240=ADVANCED_FACE('',(#559),#159,.F.);
#6241=ADVANCED_FACE('',(#560),#160,.T.);
#6242=ADVANCED_FACE('',(#561),#161,.T.);
#6243=CLOSED_SHELL('',(#5933,#5934,#5935,#5936,#5937,#5938,#5939,#5940,
#5941,#5942,#5943,#5944,#5945,#5946,#5947,#5948,#5949));
#6244=CLOSED_SHELL('',(#5950,#5951,#5952,#5953,#5954,#5955,#5956,#5957,
#5958,#5959,#5960,#5961,#5962,#5963,#5964,#5965,#5966));
#6245=CLOSED_SHELL('',(#5967,#5968,#5969,#5970,#5971,#5972,#5973,#5974,
#5975,#5976,#5977,#5978,#5979,#5980,#5981));
#6246=CLOSED_SHELL('',(#5982,#5983,#5984,#5985,#5986,#5987,#5988,#5989,
#5990,#5991,#5992,#5993,#5994,#5995,#5996,#5997,#5998));
#6247=CLOSED_SHELL('',(#5999,#6000,#6001,#6002,#6003,#6004,#6005,#6006,
#6007,#6008,#6009,#6010,#6011,#6012,#6013,#6014,#6015));
#6248=CLOSED_SHELL('',(#6016,#6017,#6018,#6019,#6020,#6021,#6022,#6023,
#6024,#6025,#6026,#6027,#6028,#6029,#6030,#6031,#6032,#6033,#6034,#6035,
#6036,#6037,#6038,#6039,#6040,#6041,#6042,#6043,#6044,#6045,#6046,#6047,
#6048,#6049,#6050,#6051,#6052,#6053,#6054,#6055,#6056,#6057,#6058,#6059,
#6060,#6061,#6062,#6063,#6064,#6065,#6066,#6067,#6068,#6069,#6070,#6071,
#6072,#6073,#6074,#6075,#6076,#6077,#6078,#6079,#6080,#6081,#6082,#6083,
#6084,#6085,#6086,#6087,#6088,#6089,#6090,#6091,#6092,#6093,#6094,#6095,
#6096,#6097,#6098,#6099,#6100,#6101,#6102,#6103,#6104,#6105,#6106,#6107,
#6108,#6109,#6110,#6111,#6112,#6113,#6114,#6115,#6116,#6117,#6118,#6119,
#6120,#6121,#6122,#6123,#6124,#6125,#6126,#6127,#6128,#6129,#6130,#6131,
#6132,#6133,#6134,#6135,#6136,#6137,#6138,#6139,#6140,#6141,#6142,#6143,
#6144,#6145,#6146,#6147,#6148,#6149,#6150,#6151,#6152,#6153,#6154,#6155,
#6156,#6157,#6158,#6159,#6160,#6161,#6162,#6163,#6164,#6165,#6166,#6167,
#6168,#6169,#6170,#6171,#6172,#6173,#6174,#6175,#6176,#6177,#6178,#6179,
#6180,#6181,#6182,#6183,#6184,#6185,#6186,#6187,#6188,#6189,#6190,#6191,
#6192,#6193,#6194,#6195,#6196,#6197,#6198,#6199,#6200,#6201,#6202,#6203,
#6204,#6205,#6206,#6207,#6208,#6209,#6210,#6211,#6212,#6213,#6214,#6215,
#6216,#6217,#6218,#6219,#6220,#6221,#6222,#6223,#6224,#6225,#6226,#6227,
#6228,#6229,#6230,#6231,#6232,#6233,#6234,#6235,#6236,#6237,#6238,#6239,
#6240,#6241,#6242));
#6249=DERIVED_UNIT_ELEMENT(#6251,1.);
#6250=DERIVED_UNIT_ELEMENT(#11346,-3.);
#6251=(
MASS_UNIT()
NAMED_UNIT(*)
SI_UNIT(.KILO.,.GRAM.)
);
#6252=DERIVED_UNIT((#6249,#6250));
#6253=MEASURE_REPRESENTATION_ITEM('density measure',
POSITIVE_RATIO_MEASURE(1060.),#6252);
#6254=PROPERTY_DEFINITION_REPRESENTATION(#6259,#6256);
#6255=PROPERTY_DEFINITION_REPRESENTATION(#6260,#6257);
#6256=REPRESENTATION('material name',(#6258),#11343);
#6257=REPRESENTATION('density',(#6253),#11343);
#6258=DESCRIPTIVE_REPRESENTATION_ITEM('ABS Plastic','ABS Plastic');
#6259=PROPERTY_DEFINITION('material property','material name',#11353);
#6260=PROPERTY_DEFINITION('material property','density of part',#11353);
#6261=AXIS2_PLACEMENT_3D('',#8174,#6660,#6661);
#6262=AXIS2_PLACEMENT_3D('',#8175,#6662,#6663);
#6263=AXIS2_PLACEMENT_3D('',#8196,#6674,#6675);
#6264=AXIS2_PLACEMENT_3D('',#8198,#6676,#6677);
#6265=AXIS2_PLACEMENT_3D('',#8208,#6683,#6684);
#6266=AXIS2_PLACEMENT_3D('',#8226,#6694,#6695);
#6267=AXIS2_PLACEMENT_3D('',#8229,#6698,#6699);
#6268=AXIS2_PLACEMENT_3D('',#8235,#6703,#6704);
#6269=AXIS2_PLACEMENT_3D('',#8241,#6708,#6709);
#6270=AXIS2_PLACEMENT_3D('',#8247,#6713,#6714);
#6271=AXIS2_PLACEMENT_3D('',#8250,#6716,#6717);
#6272=AXIS2_PLACEMENT_3D('',#8253,#6720,#6721);
#6273=AXIS2_PLACEMENT_3D('',#8254,#6722,#6723);
#6274=AXIS2_PLACEMENT_3D('',#8256,#6725,#6726);
#6275=AXIS2_PLACEMENT_3D('',#8259,#6729,#6730);
#6276=AXIS2_PLACEMENT_3D('',#8260,#6731,#6732);
#6277=AXIS2_PLACEMENT_3D('',#8261,#6733,#6734);
#6278=AXIS2_PLACEMENT_3D('',#8263,#6736,#6737);
#6279=AXIS2_PLACEMENT_3D('',#8265,#6739,#6740);
#6280=AXIS2_PLACEMENT_3D('',#8266,#6741,#6742);
#6281=AXIS2_PLACEMENT_3D('',#8267,#6743,#6744);
#6282=AXIS2_PLACEMENT_3D('',#8272,#6746,#6747);
#6283=AXIS2_PLACEMENT_3D('',#8282,#6753,#6754);
#6284=AXIS2_PLACEMENT_3D('',#8300,#6764,#6765);
#6285=AXIS2_PLACEMENT_3D('',#8318,#6775,#6776);
#6286=AXIS2_PLACEMENT_3D('',#8321,#6779,#6780);
#6287=AXIS2_PLACEMENT_3D('',#8327,#6784,#6785);
#6288=AXIS2_PLACEMENT_3D('',#8333,#6789,#6790);
#6289=AXIS2_PLACEMENT_3D('',#8339,#6794,#6795);
#6290=AXIS2_PLACEMENT_3D('',#8342,#6797,#6798);
#6291=AXIS2_PLACEMENT_3D('',#8345,#6801,#6802);
#6292=AXIS2_PLACEMENT_3D('',#8346,#6803,#6804);
#6293=AXIS2_PLACEMENT_3D('',#8348,#6806,#6807);
#6294=AXIS2_PLACEMENT_3D('',#8350,#6809,#6810);
#6295=AXIS2_PLACEMENT_3D('',#8352,#6812,#6813);
#6296=AXIS2_PLACEMENT_3D('',#8353,#6814,#6815);
#6297=AXIS2_PLACEMENT_3D('',#8356,#6818,#6819);
#6298=AXIS2_PLACEMENT_3D('',#8357,#6820,#6821);
#6299=AXIS2_PLACEMENT_3D('',#8358,#6822,#6823);
#6300=AXIS2_PLACEMENT_3D('',#8359,#6824,#6825);
#6301=AXIS2_PLACEMENT_3D('',#8380,#6836,#6837);
#6302=AXIS2_PLACEMENT_3D('',#8382,#6838,#6839);
#6303=AXIS2_PLACEMENT_3D('',#8392,#6845,#6846);
#6304=AXIS2_PLACEMENT_3D('',#8410,#6856,#6857);
#6305=AXIS2_PLACEMENT_3D('',#8413,#6860,#6861);
#6306=AXIS2_PLACEMENT_3D('',#8419,#6865,#6866);
#6307=AXIS2_PLACEMENT_3D('',#8422,#6868,#6869);
#6308=AXIS2_PLACEMENT_3D('',#8425,#6872,#6873);
#6309=AXIS2_PLACEMENT_3D('',#8426,#6874,#6875);
#6310=AXIS2_PLACEMENT_3D('',#8428,#6877,#6878);
#6311=AXIS2_PLACEMENT_3D('',#8430,#6880,#6881);
#6312=AXIS2_PLACEMENT_3D('',#8432,#6883,#6884);
#6313=AXIS2_PLACEMENT_3D('',#8433,#6885,#6886);
#6314=AXIS2_PLACEMENT_3D('',#8436,#6889,#6890);
#6315=AXIS2_PLACEMENT_3D('',#8437,#6891,#6892);
#6316=AXIS2_PLACEMENT_3D('',#8438,#6893,#6894);
#6317=AXIS2_PLACEMENT_3D('',#8439,#6895,#6896);
#6318=AXIS2_PLACEMENT_3D('',#8444,#6898,#6899);
#6319=AXIS2_PLACEMENT_3D('',#8454,#6905,#6906);
#6320=AXIS2_PLACEMENT_3D('',#8472,#6916,#6917);
#6321=AXIS2_PLACEMENT_3D('',#8490,#6927,#6928);
#6322=AXIS2_PLACEMENT_3D('',#8493,#6931,#6932);
#6323=AXIS2_PLACEMENT_3D('',#8502,#6937,#6938);
#6324=AXIS2_PLACEMENT_3D('',#8508,#6942,#6943);
#6325=AXIS2_PLACEMENT_3D('',#8511,#6946,#6947);
#6326=AXIS2_PLACEMENT_3D('',#8513,#6948,#6949);
#6327=AXIS2_PLACEMENT_3D('',#8517,#6953,#6954);
#6328=AXIS2_PLACEMENT_3D('',#8518,#6955,#6956);
#6329=AXIS2_PLACEMENT_3D('',#8520,#6958,#6959);
#6330=AXIS2_PLACEMENT_3D('',#8522,#6961,#6962);
#6331=AXIS2_PLACEMENT_3D('',#8524,#6964,#6965);
#6332=AXIS2_PLACEMENT_3D('',#8525,#6966,#6967);
#6333=AXIS2_PLACEMENT_3D('',#8527,#6969,#6970);
#6334=AXIS2_PLACEMENT_3D('',#8529,#6972,#6973);
#6335=AXIS2_PLACEMENT_3D('',#8530,#6974,#6975);
#6336=AXIS2_PLACEMENT_3D('',#8531,#6976,#6977);
#6337=AXIS2_PLACEMENT_3D('',#8536,#6979,#6980);
#6338=AXIS2_PLACEMENT_3D('',#8546,#6986,#6987);
#6339=AXIS2_PLACEMENT_3D('',#8564,#6997,#6998);
#6340=AXIS2_PLACEMENT_3D('',#8582,#7008,#7009);
#6341=AXIS2_PLACEMENT_3D('',#8585,#7012,#7013);
#6342=AXIS2_PLACEMENT_3D('',#8591,#7017,#7018);
#6343=AXIS2_PLACEMENT_3D('',#8593,#7019,#7020);
#6344=AXIS2_PLACEMENT_3D('',#8600,#7025,#7026);
#6345=AXIS2_PLACEMENT_3D('',#8606,#7030,#7031);
#6346=AXIS2_PLACEMENT_3D('',#8609,#7034,#7035);
#6347=AXIS2_PLACEMENT_3D('',#8610,#7036,#7037);
#6348=AXIS2_PLACEMENT_3D('',#8612,#7039,#7040);
#6349=AXIS2_PLACEMENT_3D('',#8614,#7042,#7043);
#6350=AXIS2_PLACEMENT_3D('',#8616,#7045,#7046);
#6351=AXIS2_PLACEMENT_3D('',#8617,#7047,#7048);
#6352=AXIS2_PLACEMENT_3D('',#8619,#7050,#7051);
#6353=AXIS2_PLACEMENT_3D('',#8621,#7053,#7054);
#6354=AXIS2_PLACEMENT_3D('',#8622,#7055,#7056);
#6355=AXIS2_PLACEMENT_3D('',#8623,#7057,#7058);
#6356=AXIS2_PLACEMENT_3D('',#8657,#7060,#7061);
#6357=AXIS2_PLACEMENT_3D('',#8682,#7062,#7063);
#6358=AXIS2_PLACEMENT_3D('',#8758,#7065,#7066);
#6359=AXIS2_PLACEMENT_3D('',#8834,#7068,#7069);
#6360=AXIS2_PLACEMENT_3D('',#8910,#7071,#7072);
#6361=AXIS2_PLACEMENT_3D('',#8986,#7074,#7075);
#6362=AXIS2_PLACEMENT_3D('',#9062,#7077,#7078);
#6363=AXIS2_PLACEMENT_3D('',#9138,#7080,#7081);
#6364=AXIS2_PLACEMENT_3D('',#9163,#7084,#7085);
#6365=AXIS2_PLACEMENT_3D('',#9201,#7087,#7088);
#6366=AXIS2_PLACEMENT_3D('',#9239,#7090,#7091);
#6367=AXIS2_PLACEMENT_3D('',#9277,#7093,#7094);
#6368=AXIS2_PLACEMENT_3D('',#9315,#7096,#7097);
#6369=AXIS2_PLACEMENT_3D('',#9353,#7099,#7100);
#6370=AXIS2_PLACEMENT_3D('',#9391,#7102,#7103);
#6371=AXIS2_PLACEMENT_3D('',#9396,#7105,#7106);
#6372=AXIS2_PLACEMENT_3D('',#9429,#7107,#7108);
#6373=AXIS2_PLACEMENT_3D('',#9432,#7109,#7110);
#6374=AXIS2_PLACEMENT_3D('',#9438,#7111,#7112);
#6375=AXIS2_PLACEMENT_3D('',#9440,#7113,#7114);
#6376=AXIS2_PLACEMENT_3D('',#9444,#7115,#7116);
#6377=AXIS2_PLACEMENT_3D('',#9446,#7118,#7119);
#6378=AXIS2_PLACEMENT_3D('',#9449,#7120,#7121);
#6379=AXIS2_PLACEMENT_3D('',#9451,#7123,#7124);
#6380=AXIS2_PLACEMENT_3D('',#9454,#7125,#7126);
#6381=AXIS2_PLACEMENT_3D('',#9458,#7128,#7129);
#6382=AXIS2_PLACEMENT_3D('',#9460,#7131,#7132);
#6383=AXIS2_PLACEMENT_3D('',#9463,#7133,#7134);
#6384=AXIS2_PLACEMENT_3D('',#9466,#7137,#7138);
#6385=AXIS2_PLACEMENT_3D('',#9469,#7139,#7140);
#6386=AXIS2_PLACEMENT_3D('',#9472,#7143,#7144);
#6387=AXIS2_PLACEMENT_3D('',#9539,#7151,#7152);
#6388=AXIS2_PLACEMENT_3D('',#9540,#7153,#7154);
#6389=AXIS2_PLACEMENT_3D('',#9543,#7155,#7156);
#6390=AXIS2_PLACEMENT_3D('',#9547,#7158,#7159);
#6391=AXIS2_PLACEMENT_3D('',#9549,#7161,#7162);
#6392=AXIS2_PLACEMENT_3D('',#9552,#7163,#7164);
#6393=AXIS2_PLACEMENT_3D('',#9555,#7167,#7168);
#6394=AXIS2_PLACEMENT_3D('',#9558,#7169,#7170);
#6395=AXIS2_PLACEMENT_3D('',#9561,#7173,#7174);
#6396=AXIS2_PLACEMENT_3D('',#9628,#7181,#7182);
#6397=AXIS2_PLACEMENT_3D('',#9629,#7183,#7184);
#6398=AXIS2_PLACEMENT_3D('',#9638,#7189,#7190);
#6399=AXIS2_PLACEMENT_3D('',#9648,#7196,#7197);
#6400=AXIS2_PLACEMENT_3D('',#9652,#7200,#7201);
#6401=AXIS2_PLACEMENT_3D('',#9660,#7206,#7207);
#6402=AXIS2_PLACEMENT_3D('',#9662,#7209,#7210);
#6403=AXIS2_PLACEMENT_3D('',#9671,#7215,#7216);
#6404=AXIS2_PLACEMENT_3D('',#9681,#7222,#7223);
#6405=AXIS2_PLACEMENT_3D('',#9685,#7226,#7227);
#6406=AXIS2_PLACEMENT_3D('',#9693,#7232,#7233);
#6407=AXIS2_PLACEMENT_3D('',#9695,#7235,#7236);
#6408=AXIS2_PLACEMENT_3D('',#9698,#7237,#7238);
#6409=AXIS2_PLACEMENT_3D('',#9709,#7241,#7242);
#6410=AXIS2_PLACEMENT_3D('',#9721,#7244,#7245);
#6411=AXIS2_PLACEMENT_3D('',#9723,#7247,#7248);
#6412=AXIS2_PLACEMENT_3D('',#9735,#7250,#7251);
#6413=AXIS2_PLACEMENT_3D('',#9737,#7253,#7254);
#6414=AXIS2_PLACEMENT_3D('',#9740,#7255,#7256);
#6415=AXIS2_PLACEMENT_3D('',#9751,#7259,#7260);
#6416=AXIS2_PLACEMENT_3D('',#9754,#7261,#7262);
#6417=AXIS2_PLACEMENT_3D('',#9758,#7264,#7265);
#6418=AXIS2_PLACEMENT_3D('',#9760,#7267,#7268);
#6419=AXIS2_PLACEMENT_3D('',#9763,#7269,#7270);
#6420=AXIS2_PLACEMENT_3D('',#9767,#7272,#7273);
#6421=AXIS2_PLACEMENT_3D('',#9769,#7275,#7276);
#6422=AXIS2_PLACEMENT_3D('',#9771,#7277,#7278);
#6423=AXIS2_PLACEMENT_3D('',#9775,#7280,#7281);
#6424=AXIS2_PLACEMENT_3D('',#9777,#7283,#7284);
#6425=AXIS2_PLACEMENT_3D('',#9780,#7285,#7286);
#6426=AXIS2_PLACEMENT_3D('',#9784,#7288,#7289);
#6427=AXIS2_PLACEMENT_3D('',#9786,#7291,#7292);
#6428=AXIS2_PLACEMENT_3D('',#9789,#7293,#7294);
#6429=AXIS2_PLACEMENT_3D('',#9793,#7296,#7297);
#6430=AXIS2_PLACEMENT_3D('',#9795,#7299,#7300);
#6431=AXIS2_PLACEMENT_3D('',#9799,#7302,#7303);
#6432=AXIS2_PLACEMENT_3D('',#9802,#7305,#7306);
#6433=AXIS2_PLACEMENT_3D('',#9803,#7307,#7308);
#6434=AXIS2_PLACEMENT_3D('',#9806,#7309,#7310);
#6435=AXIS2_PLACEMENT_3D('',#9810,#7312,#7313);
#6436=AXIS2_PLACEMENT_3D('',#9812,#7315,#7316);
#6437=AXIS2_PLACEMENT_3D('',#9815,#7317,#7318);
#6438=AXIS2_PLACEMENT_3D('',#9819,#7320,#7321);
#6439=AXIS2_PLACEMENT_3D('',#9821,#7323,#7324);
#6440=AXIS2_PLACEMENT_3D('',#9823,#7325,#7326);
#6441=AXIS2_PLACEMENT_3D('',#9827,#7328,#7329);
#6442=AXIS2_PLACEMENT_3D('',#9829,#7331,#7332);
#6443=AXIS2_PLACEMENT_3D('',#9832,#7333,#7334);
#6444=AXIS2_PLACEMENT_3D('',#9836,#7336,#7337);
#6445=AXIS2_PLACEMENT_3D('',#9838,#7339,#7340);
#6446=AXIS2_PLACEMENT_3D('',#9841,#7341,#7342);
#6447=AXIS2_PLACEMENT_3D('',#9845,#7344,#7345);
#6448=AXIS2_PLACEMENT_3D('',#9847,#7347,#7348);
#6449=AXIS2_PLACEMENT_3D('',#9851,#7350,#7351);
#6450=AXIS2_PLACEMENT_3D('',#9854,#7353,#7354);
#6451=AXIS2_PLACEMENT_3D('',#9855,#7355,#7356);
#6452=AXIS2_PLACEMENT_3D('',#9866,#7363,#7364);
#6453=AXIS2_PLACEMENT_3D('',#9877,#7371,#7372);
#6454=AXIS2_PLACEMENT_3D('',#9880,#7375,#7376);
#6455=AXIS2_PLACEMENT_3D('',#9885,#7378,#7379);
#6456=AXIS2_PLACEMENT_3D('',#9888,#7381,#7382);
#6457=AXIS2_PLACEMENT_3D('',#9889,#7383,#7384);
#6458=AXIS2_PLACEMENT_3D('',#9892,#7385,#7386);
#6459=AXIS2_PLACEMENT_3D('',#9896,#7388,#7389);
#6460=AXIS2_PLACEMENT_3D('',#9898,#7391,#7392);
#6461=AXIS2_PLACEMENT_3D('',#9901,#7393,#7394);
#6462=AXIS2_PLACEMENT_3D('',#9905,#7396,#7397);
#6463=AXIS2_PLACEMENT_3D('',#9907,#7399,#7400);
#6464=AXIS2_PLACEMENT_3D('',#9910,#7401,#7402);
#6465=AXIS2_PLACEMENT_3D('',#9914,#7404,#7405);
#6466=AXIS2_PLACEMENT_3D('',#9916,#7407,#7408);
#6467=AXIS2_PLACEMENT_3D('',#9919,#7411,#7412);
#6468=AXIS2_PLACEMENT_3D('',#9922,#7415,#7416);
#6469=AXIS2_PLACEMENT_3D('',#9931,#7421,#7422);
#6470=AXIS2_PLACEMENT_3D('',#9940,#7427,#7428);
#6471=AXIS2_PLACEMENT_3D('',#9946,#7432,#7433);
#6472=AXIS2_PLACEMENT_3D('',#9955,#7438,#7439);
#6473=AXIS2_PLACEMENT_3D('',#9961,#7443,#7444);
#6474=AXIS2_PLACEMENT_3D('',#9967,#7448,#7449);
#6475=AXIS2_PLACEMENT_3D('',#9973,#7453,#7454);
#6476=AXIS2_PLACEMENT_3D('',#9979,#7458,#7459);
#6477=AXIS2_PLACEMENT_3D('',#9986,#7464,#7465);
#6478=AXIS2_PLACEMENT_3D('',#9995,#7470,#7471);
#6479=AXIS2_PLACEMENT_3D('',#10005,#7477,#7478);
#6480=AXIS2_PLACEMENT_3D('',#10009,#7481,#7482);
#6481=AXIS2_PLACEMENT_3D('',#10018,#7487,#7488);
#6482=AXIS2_PLACEMENT_3D('',#10024,#7492,#7493);
#6483=AXIS2_PLACEMENT_3D('',#10029,#7497,#7498);
#6484=AXIS2_PLACEMENT_3D('',#10038,#7503,#7504);
#6485=AXIS2_PLACEMENT_3D('',#10046,#7509,#7510);
#6486=AXIS2_PLACEMENT_3D('',#10054,#7515,#7516);
#6487=AXIS2_PLACEMENT_3D('',#10065,#7523,#7524);
#6488=AXIS2_PLACEMENT_3D('',#10076,#7531,#7532);
#6489=AXIS2_PLACEMENT_3D('',#10079,#7535,#7536);
#6490=AXIS2_PLACEMENT_3D('',#10082,#7537,#7538);
#6491=AXIS2_PLACEMENT_3D('',#10086,#7540,#7541);
#6492=AXIS2_PLACEMENT_3D('',#10088,#7543,#7544);
#6493=AXIS2_PLACEMENT_3D('',#10091,#7545,#7546);
#6494=AXIS2_PLACEMENT_3D('',#10095,#7548,#7549);
#6495=AXIS2_PLACEMENT_3D('',#10097,#7551,#7552);
#6496=AXIS2_PLACEMENT_3D('',#10100,#7553,#7554);
#6497=AXIS2_PLACEMENT_3D('',#10104,#7556,#7557);
#6498=AXIS2_PLACEMENT_3D('',#10106,#7559,#7560);
#6499=AXIS2_PLACEMENT_3D('',#10109,#7561,#7562);
#6500=AXIS2_PLACEMENT_3D('',#10113,#7564,#7565);
#6501=AXIS2_PLACEMENT_3D('',#10115,#7567,#7568);
#6502=AXIS2_PLACEMENT_3D('',#10118,#7569,#7570);
#6503=AXIS2_PLACEMENT_3D('',#10122,#7572,#7573);
#6504=AXIS2_PLACEMENT_3D('',#10124,#7575,#7576);
#6505=AXIS2_PLACEMENT_3D('',#10127,#7577,#7578);
#6506=AXIS2_PLACEMENT_3D('',#10131,#7580,#7581);
#6507=AXIS2_PLACEMENT_3D('',#10133,#7583,#7584);
#6508=AXIS2_PLACEMENT_3D('',#10136,#7585,#7586);
#6509=AXIS2_PLACEMENT_3D('',#10140,#7588,#7589);
#6510=AXIS2_PLACEMENT_3D('',#10142,#7591,#7592);
#6511=AXIS2_PLACEMENT_3D('',#10148,#7596,#7597);
#6512=AXIS2_PLACEMENT_3D('',#10157,#7602,#7603);
#6513=AXIS2_PLACEMENT_3D('',#10163,#7607,#7608);
#6514=AXIS2_PLACEMENT_3D('',#10172,#7613,#7614);
#6515=AXIS2_PLACEMENT_3D('',#10175,#7617,#7618);
#6516=AXIS2_PLACEMENT_3D('',#10178,#7621,#7622);
#6517=AXIS2_PLACEMENT_3D('',#10187,#7627,#7628);
#6518=AXIS2_PLACEMENT_3D('',#10193,#7632,#7633);
#6519=AXIS2_PLACEMENT_3D('',#10199,#7637,#7638);
#6520=AXIS2_PLACEMENT_3D('',#10205,#7642,#7643);
#6521=AXIS2_PLACEMENT_3D('',#10212,#7648,#7649);
#6522=AXIS2_PLACEMENT_3D('',#10215,#7652,#7653);
#6523=AXIS2_PLACEMENT_3D('',#10221,#7657,#7658);
#6524=AXIS2_PLACEMENT_3D('',#10229,#7663,#7664);
#6525=AXIS2_PLACEMENT_3D('',#10232,#7667,#7668);
#6526=AXIS2_PLACEMENT_3D('',#10239,#7673,#7674);
#6527=AXIS2_PLACEMENT_3D('',#10243,#7677,#7678);
#6528=AXIS2_PLACEMENT_3D('',#10254,#7684,#7685);
#6529=AXIS2_PLACEMENT_3D('',#10260,#7689,#7690);
#6530=AXIS2_PLACEMENT_3D('',#10264,#7693,#7694);
#6531=AXIS2_PLACEMENT_3D('',#10268,#7697,#7698);
#6532=AXIS2_PLACEMENT_3D('',#10279,#7704,#7705);
#6533=AXIS2_PLACEMENT_3D('',#10285,#7709,#7710);
#6534=AXIS2_PLACEMENT_3D('',#10291,#7714,#7715);
#6535=AXIS2_PLACEMENT_3D('',#10293,#7717,#7718);
#6536=AXIS2_PLACEMENT_3D('',#10302,#7723,#7724);
#6537=AXIS2_PLACEMENT_3D('',#10308,#7728,#7729);
#6538=AXIS2_PLACEMENT_3D('',#10314,#7733,#7734);
#6539=AXIS2_PLACEMENT_3D('',#10323,#7739,#7740);
#6540=AXIS2_PLACEMENT_3D('',#10332,#7745,#7746);
#6541=AXIS2_PLACEMENT_3D('',#10335,#7749,#7750);
#6542=AXIS2_PLACEMENT_3D('',#10346,#7756,#7757);
#6543=AXIS2_PLACEMENT_3D('',#10352,#7761,#7762);
#6544=AXIS2_PLACEMENT_3D('',#10356,#7765,#7766);
#6545=AXIS2_PLACEMENT_3D('',#10360,#7769,#7770);
#6546=AXIS2_PLACEMENT_3D('',#10371,#7776,#7777);
#6547=AXIS2_PLACEMENT_3D('',#10377,#7781,#7782);
#6548=AXIS2_PLACEMENT_3D('',#10383,#7786,#7787);
#6549=AXIS2_PLACEMENT_3D('',#10385,#7789,#7790);
#6550=AXIS2_PLACEMENT_3D('',#10394,#7795,#7796);
#6551=AXIS2_PLACEMENT_3D('',#10398,#7799,#7800);
#6552=AXIS2_PLACEMENT_3D('',#10406,#7805,#7806);
#6553=AXIS2_PLACEMENT_3D('',#10412,#7810,#7811);
#6554=AXIS2_PLACEMENT_3D('',#10423,#7818,#7819);
#6555=AXIS2_PLACEMENT_3D('',#10434,#7826,#7827);
#6556=AXIS2_PLACEMENT_3D('',#10445,#7834,#7835);
#6557=AXIS2_PLACEMENT_3D('',#10456,#7842,#7843);
#6558=AXIS2_PLACEMENT_3D('',#10457,#7844,#7845);
#6559=AXIS2_PLACEMENT_3D('',#10458,#7846,#7847);
#6560=AXIS2_PLACEMENT_3D('',#10459,#7848,#7849);
#6561=AXIS2_PLACEMENT_3D('',#10462,#7852,#7853);
#6562=AXIS2_PLACEMENT_3D('',#10465,#7856,#7857);
#6563=AXIS2_PLACEMENT_3D('',#10471,#7860,#7861);
#6564=AXIS2_PLACEMENT_3D('',#10475,#7864,#7865);
#6565=AXIS2_PLACEMENT_3D('',#10478,#7868,#7869);
#6566=AXIS2_PLACEMENT_3D('',#10479,#7870,#7871);
#6567=AXIS2_PLACEMENT_3D('',#10485,#7874,#7875);
#6568=AXIS2_PLACEMENT_3D('',#10489,#7878,#7879);
#6569=AXIS2_PLACEMENT_3D('',#10492,#7882,#7883);
#6570=AXIS2_PLACEMENT_3D('',#10495,#7884,#7885);
#6571=AXIS2_PLACEMENT_3D('',#10499,#7889,#7890);
#6572=AXIS2_PLACEMENT_3D('',#10502,#7893,#7894);
#6573=AXIS2_PLACEMENT_3D('',#10504,#7895,#7896);
#6574=AXIS2_PLACEMENT_3D('',#10506,#7897,#7898);
#6575=AXIS2_PLACEMENT_3D('',#10834,#7900,#7901);
#6576=AXIS2_PLACEMENT_3D('',#10835,#7902,#7903);
#6577=AXIS2_PLACEMENT_3D('',#11124,#7905,#7906);
#6578=AXIS2_PLACEMENT_3D('',#11126,#7908,#7909);
#6579=AXIS2_PLACEMENT_3D('',#11127,#7910,#7911);
#6580=AXIS2_PLACEMENT_3D('',#11128,#7912,#7913);
#6581=AXIS2_PLACEMENT_3D('',#11130,#7914,#7915);
#6582=AXIS2_PLACEMENT_3D('',#11131,#7916,#7917);
#6583=AXIS2_PLACEMENT_3D('',#11134,#7918,#7919);
#6584=AXIS2_PLACEMENT_3D('',#11145,#7926,#7927);
#6585=AXIS2_PLACEMENT_3D('',#11146,#7928,#7929);
#6586=AXIS2_PLACEMENT_3D('',#11152,#7933,#7934);
#6587=AXIS2_PLACEMENT_3D('',#11157,#7938,#7939);
#6588=AXIS2_PLACEMENT_3D('',#11163,#7943,#7944);
#6589=AXIS2_PLACEMENT_3D('',#11168,#7948,#7949);
#6590=AXIS2_PLACEMENT_3D('',#11170,#7951,#7952);
#6591=AXIS2_PLACEMENT_3D('',#11172,#7954,#7955);
#6592=AXIS2_PLACEMENT_3D('',#11174,#7957,#7958);
#6593=AXIS2_PLACEMENT_3D('',#11176,#7960,#7961);
#6594=AXIS2_PLACEMENT_3D('',#11178,#7963,#7964);
#6595=AXIS2_PLACEMENT_3D('',#11180,#7966,#7967);
#6596=AXIS2_PLACEMENT_3D('',#11196,#7979,#7980);
#6597=AXIS2_PLACEMENT_3D('',#11208,#7990,#7991);
#6598=AXIS2_PLACEMENT_3D('',#11211,#7994,#7995);
#6599=AXIS2_PLACEMENT_3D('',#11213,#7997,#7998);
#6600=AXIS2_PLACEMENT_3D('',#11216,#8001,#8002);
#6601=AXIS2_PLACEMENT_3D('',#11223,#8007,#8008);
#6602=AXIS2_PLACEMENT_3D('',#11229,#8014,#8015);
#6603=AXIS2_PLACEMENT_3D('',#11236,#8019,#8020);
#6604=AXIS2_PLACEMENT_3D('',#11237,#8021,#8022);
#6605=AXIS2_PLACEMENT_3D('',#11238,#8023,#8024);
#6606=AXIS2_PLACEMENT_3D('',#11239,#8025,#8026);
#6607=AXIS2_PLACEMENT_3D('',#11241,#8027,#8028);
#6608=AXIS2_PLACEMENT_3D('',#11247,#8032,#8033);
#6609=AXIS2_PLACEMENT_3D('',#11248,#8034,#8035);
#6610=AXIS2_PLACEMENT_3D('',#11249,#8036,#8037);
#6611=AXIS2_PLACEMENT_3D('',#11250,#8038,#8039);
#6612=AXIS2_PLACEMENT_3D('',#11252,#8041,#8042);
#6613=AXIS2_PLACEMENT_3D('',#11254,#8044,#8045);
#6614=AXIS2_PLACEMENT_3D('',#11257,#8048,#8049);
#6615=AXIS2_PLACEMENT_3D('',#11258,#8050,#8051);
#6616=AXIS2_PLACEMENT_3D('',#11259,#8052,#8053);
#6617=AXIS2_PLACEMENT_3D('',#11260,#8054,#8055);
#6618=AXIS2_PLACEMENT_3D('',#11265,#8060,#8061);
#6619=AXIS2_PLACEMENT_3D('',#11266,#8062,#8063);
#6620=AXIS2_PLACEMENT_3D('',#11267,#8064,#8065);
#6621=AXIS2_PLACEMENT_3D('',#11268,#8066,#8067);
#6622=AXIS2_PLACEMENT_3D('',#11270,#8069,#8070);
#6623=AXIS2_PLACEMENT_3D('',#11272,#8072,#8073);
#6624=AXIS2_PLACEMENT_3D('',#11274,#8075,#8076);
#6625=AXIS2_PLACEMENT_3D('',#11276,#8078,#8079);
#6626=AXIS2_PLACEMENT_3D('',#11278,#8081,#8082);
#6627=AXIS2_PLACEMENT_3D('',#11285,#8087,#8088);
#6628=AXIS2_PLACEMENT_3D('',#11286,#8089,#8090);
#6629=AXIS2_PLACEMENT_3D('',#11291,#8094,#8095);
#6630=AXIS2_PLACEMENT_3D('',#11292,#8096,#8097);
#6631=AXIS2_PLACEMENT_3D('',#11293,#8098,#8099);
#6632=AXIS2_PLACEMENT_3D('',#11295,#8100,#8101);
#6633=AXIS2_PLACEMENT_3D('',#11299,#8105,#8106);
#6634=AXIS2_PLACEMENT_3D('',#11300,#8107,#8108);
#6635=AXIS2_PLACEMENT_3D('',#11302,#8110,#8111);
#6636=AXIS2_PLACEMENT_3D('',#11304,#8113,#8114);
#6637=AXIS2_PLACEMENT_3D('',#11307,#8117,#8118);
#6638=AXIS2_PLACEMENT_3D('',#11308,#8119,#8120);
#6639=AXIS2_PLACEMENT_3D('',#11309,#8121,#8122);
#6640=AXIS2_PLACEMENT_3D('',#11310,#8123,#8124);
#6641=AXIS2_PLACEMENT_3D('',#11313,#8127,#8128);
#6642=AXIS2_PLACEMENT_3D('',#11315,#8130,#8131);
#6643=AXIS2_PLACEMENT_3D('',#11316,#8132,#8133);
#6644=AXIS2_PLACEMENT_3D('',#11319,#8136,#8137);
#6645=AXIS2_PLACEMENT_3D('',#11322,#8140,#8141);
#6646=AXIS2_PLACEMENT_3D('',#11324,#8143,#8144);
#6647=AXIS2_PLACEMENT_3D('',#11326,#8146,#8147);
#6648=AXIS2_PLACEMENT_3D('',#11327,#8148,#8149);
#6649=AXIS2_PLACEMENT_3D('',#11328,#8150,#8151);
#6650=AXIS2_PLACEMENT_3D('',#11329,#8152,#8153);
#6651=AXIS2_PLACEMENT_3D('',#11330,#8154,#8155);
#6652=AXIS2_PLACEMENT_3D('',#11332,#8157,#8158);
#6653=AXIS2_PLACEMENT_3D('',#11333,#8159,#8160);
#6654=AXIS2_PLACEMENT_3D('',#11334,#8161,#8162);
#6655=AXIS2_PLACEMENT_3D('',#11335,#8163,#8164);
#6656=AXIS2_PLACEMENT_3D('',#11336,#8165,#8166);
#6657=AXIS2_PLACEMENT_3D('',#11337,#8167,#8168);
#6658=AXIS2_PLACEMENT_3D('',#11338,#8169,#8170);
#6659=AXIS2_PLACEMENT_3D('',#11339,#8171,#8172);
#6660=DIRECTION('axis',(0.,0.,1.));
#6661=DIRECTION('refdir',(1.,0.,0.));
#6662=DIRECTION('center_axis',(1.,-2.22044604925031E-16,4.93038065763132E-32));
#6663=DIRECTION('ref_axis',(2.22044604925031E-16,1.,-2.22044604925031E-16));
#6664=DIRECTION('',(0.,2.22044604925031E-16,1.));
#6665=DIRECTION('',(2.22044604925031E-16,1.,-2.22044604925031E-16));
#6666=DIRECTION('',(0.,2.22044604925031E-16,1.));
#6667=DIRECTION('',(-1.55431223447522E-16,-0.7,-0.714142842854285));
#6668=DIRECTION('',(0.,-2.22044604925031E-16,-1.));
#6669=DIRECTION('',(-9.93013661298913E-17,-0.44721359549996,-0.894427190999915));
#6670=DIRECTION('',(2.22044604925031E-16,1.,-2.22044604925031E-16));
#6671=DIRECTION('',(9.93013661298913E-17,0.447213595499959,-0.894427190999915));
#6672=DIRECTION('',(0.,-2.22044604925031E-16,-1.));
#6673=DIRECTION('',(1.55431223447522E-16,0.699999999999999,-0.714142842854286));
#6674=DIRECTION('center_axis',(6.45317133063373E-16,-1.,2.22044604925031E-16));
#6675=DIRECTION('ref_axis',(1.,6.45317133063373E-16,-1.23259516440783E-31));
#6676=DIRECTION('center_axis',(-6.45317133063373E-16,1.,-2.22044604925031E-16));
#6677=DIRECTION('ref_axis',(1.,6.45317133063373E-16,-1.54074395550979E-31));
#6678=DIRECTION('',(1.,6.45317133063373E-16,-1.26217744835362E-31));
#6679=DIRECTION('',(0.,2.22044604925031E-16,1.));
#6680=DIRECTION('',(1.,6.45317133063373E-16,-1.26217744835362E-31));
#6681=DIRECTION('',(0.,2.22044604925031E-16,1.));
#6682=DIRECTION('',(-1.,2.22044604925031E-16,-6.31088724176809E-32));
#6683=DIRECTION('center_axis',(-1.,2.22044604925031E-16,-4.93038065763132E-32));
#6684=DIRECTION('ref_axis',(-2.22044604925031E-16,-1.,2.22044604925031E-16));
#6685=DIRECTION('',(0.,2.22044604925031E-16,1.));
#6686=DIRECTION('',(-9.93013661298912E-17,-0.447213595499959,0.894427190999915));
#6687=DIRECTION('',(-2.22044604925031E-16,-1.,2.22044604925031E-16));
#6688=DIRECTION('',(9.93013661298913E-17,0.44721359549996,0.894427190999915));
#6689=DIRECTION('',(0.,2.22044604925031E-16,1.));
#6690=DIRECTION('',(1.55431223447522E-16,0.7,0.714142842854285));
#6691=DIRECTION('',(-2.22044604925031E-16,-1.,2.22044604925031E-16));
#6692=DIRECTION('',(0.,2.22044604925031E-16,1.));
#6693=DIRECTION('',(-1.55431223447522E-16,-0.699999999999999,0.714142842854286));
#6694=DIRECTION('center_axis',(0.,2.22044604925031E-16,1.));
#6695=DIRECTION('ref_axis',(1.,-2.22044604925031E-16,6.16297582203915E-32));
#6696=DIRECTION('',(-1.,2.22044604925031E-16,-6.31088724176809E-32));
#6697=DIRECTION('',(-1.,2.22044604925031E-16,-6.31088724176809E-32));
#6698=DIRECTION('center_axis',(0.92533848457264,-0.379142043261903,8.41864452065583E-17));
#6699=DIRECTION('ref_axis',(0.379142043261903,0.92533848457264,-2.05466418228859E-16));
#6700=DIRECTION('',(0.379142043261903,0.92533848457264,-2.05466418228859E-16));
#6701=DIRECTION('',(0.,2.22044604925031E-16,1.));
#6702=DIRECTION('',(0.379142043261903,0.92533848457264,-2.05466418228859E-16));
#6703=DIRECTION('center_axis',(-2.22044604925031E-16,-1.,2.22044604925031E-16));
#6704=DIRECTION('ref_axis',(1.,-2.22044604925031E-16,6.16297582203915E-32));
#6705=DIRECTION('',(1.,-2.22044604925031E-16,6.31088724176809E-32));
#6706=DIRECTION('',(0.,2.22044604925031E-16,1.));
#6707=DIRECTION('',(1.,-2.22044604925031E-16,6.31088724176809E-32));
#6708=DIRECTION('center_axis',(-1.,2.22044604925031E-16,-4.93038065763132E-32));
#6709=DIRECTION('ref_axis',(-2.22044604925031E-16,-1.,2.22044604925031E-16));
#6710=DIRECTION('',(-2.22044604925031E-16,-1.,2.22044604925031E-16));
#6711=DIRECTION('',(0.,2.22044604925031E-16,1.));
#6712=DIRECTION('',(-2.22044604925031E-16,-1.,2.22044604925031E-16));
#6713=DIRECTION('center_axis',(7.74843152602973E-17,1.,-2.22044604925031E-16));
#6714=DIRECTION('ref_axis',(-1.,7.74843152602973E-17,-3.08148791101958E-32));
#6715=DIRECTION('',(-1.,7.74843152602973E-17,-3.15544362088405E-32));
#6716=DIRECTION('center_axis',(-7.74843152602973E-17,-1.,2.22044604925031E-16));
#6717=DIRECTION('ref_axis',(-1.,7.74843152602973E-17,-2.54481215586362E-63));
#6718=DIRECTION('',(-1.,2.22044604925031E-16,-6.31088724176809E-32));
#6719=DIRECTION('',(-1.,7.74843152602973E-17,-3.15544362088405E-32));
#6720=DIRECTION('center_axis',(0.,-2.22044604925031E-16,-1.));
#6721=DIRECTION('ref_axis',(-1.,2.22044604925031E-16,-6.16297582203915E-32));
#6722=DIRECTION('center_axis',(0.,-2.22044604925031E-16,-1.));
#6723=DIRECTION('ref_axis',(-1.,2.22044604925031E-16,-6.16297582203915E-32));
#6724=DIRECTION('',(-2.22044604925031E-16,-1.,2.22044604925031E-16));
#6725=DIRECTION('center_axis',(2.22044604925031E-16,1.,-2.22044604925031E-16));
#6726=DIRECTION('ref_axis',(-1.,2.22044604925031E-16,-6.16297582203915E-32));
#6727=DIRECTION('',(-1.,2.22044604925031E-16,-6.31088724176809E-32));
#6728=DIRECTION('',(-1.,2.22044604925031E-16,-6.31088724176809E-32));
#6729=DIRECTION('center_axis',(1.58571565401618E-16,0.714142842854285,-0.700000000000001));
#6730=DIRECTION('ref_axis',(1.55431223447522E-16,0.700000000000001,0.714142842854285));
#6731=DIRECTION('center_axis',(1.98602732259782E-16,0.894427190999915,-0.44721359549996));
#6732=DIRECTION('ref_axis',(9.93013661298913E-17,0.44721359549996,0.894427190999915));
#6733=DIRECTION('center_axis',(1.98602732259782E-16,0.894427190999915,0.447213595499959));
#6734=DIRECTION('ref_axis',(-9.93013661298913E-17,-0.447213595499959,0.894427190999915));
#6735=DIRECTION('',(-1.,2.22044604925031E-16,-6.31088724176809E-32));
#6736=DIRECTION('center_axis',(2.22044604925031E-16,1.,-2.22044604925031E-16));
#6737=DIRECTION('ref_axis',(-1.,2.22044604925031E-16,-6.16297582203915E-32));
#6738=DIRECTION('',(-1.,2.22044604925031E-16,-6.31088724176809E-32));
#6739=DIRECTION('center_axis',(1.58571565401619E-16,0.714142842854286,0.699999999999999));
#6740=DIRECTION('ref_axis',(-1.55431223447522E-16,-0.699999999999999,0.714142842854286));
#6741=DIRECTION('center_axis',(2.22044604925031E-16,1.,-2.22044604925031E-16));
#6742=DIRECTION('ref_axis',(-1.,2.22044604925031E-16,-3.85185988877448E-32));
#6743=DIRECTION('center_axis',(3.66604894589765E-16,1.,-2.22044604925031E-16));
#6744=DIRECTION('ref_axis',(-1.,3.66604894589765E-16,-9.24446373305873E-32));
#6745=DIRECTION('',(0.,2.22044604925031E-16,1.));
#6746=DIRECTION('center_axis',(3.66604894589765E-16,1.,-2.22044604925031E-16));
#6747=DIRECTION('ref_axis',(-1.,3.66604894589765E-16,-7.70371977754896E-32));
#6748=DIRECTION('',(-1.,3.66604894589765E-16,-9.46633086265214E-32));
#6749=DIRECTION('',(0.,2.22044604925031E-16,1.));
#6750=DIRECTION('',(-1.,3.66604894589765E-16,-9.46633086265214E-32));
#6751=DIRECTION('',(0.,2.22044604925031E-16,1.));
#6752=DIRECTION('',(-1.,2.22044604925031E-16,-6.31088724176809E-32));
#6753=DIRECTION('center_axis',(-1.,2.22044604925031E-16,-4.93038065763132E-32));
#6754=DIRECTION('ref_axis',(-2.22044604925031E-16,-1.,2.22044604925031E-16));
#6755=DIRECTION('',(0.,2.22044604925031E-16,1.));
#6756=DIRECTION('',(2.22044604925031E-16,1.,-2.22044604925031E-16));
#6757=DIRECTION('',(-1.55431223447522E-16,-0.7,-0.714142842854285));
#6758=DIRECTION('',(0.,-2.22044604925031E-16,-1.));
#6759=DIRECTION('',(-9.93013661298913E-17,-0.44721359549996,-0.894427190999915));
#6760=DIRECTION('',(2.22044604925031E-16,1.,-2.22044604925031E-16));
#6761=DIRECTION('',(9.93013661298913E-17,0.447213595499959,-0.894427190999915));
#6762=DIRECTION('',(0.,-2.22044604925031E-16,-1.));
#6763=DIRECTION('',(1.55431223447522E-16,0.699999999999999,-0.714142842854286));
#6764=DIRECTION('center_axis',(-1.,2.22044604925031E-16,-4.93038065763132E-32));
#6765=DIRECTION('ref_axis',(-2.22044604925031E-16,-1.,2.22044604925031E-16));
#6766=DIRECTION('',(1.55431223447522E-16,0.7,0.714142842854285));
#6767=DIRECTION('',(-2.22044604925031E-16,-1.,2.22044604925031E-16));
#6768=DIRECTION('',(0.,2.22044604925031E-16,1.));
#6769=DIRECTION('',(-1.55431223447522E-16,-0.699999999999999,0.714142842854286));
#6770=DIRECTION('',(0.,2.22044604925031E-16,1.));
#6771=DIRECTION('',(-9.93013661298912E-17,-0.447213595499959,0.894427190999915));
#6772=DIRECTION('',(-2.22044604925031E-16,-1.,2.22044604925031E-16));
#6773=DIRECTION('',(9.93013661298913E-17,0.44721359549996,0.894427190999915));
#6774=DIRECTION('',(0.,2.22044604925031E-16,1.));
#6775=DIRECTION('center_axis',(0.,2.22044604925031E-16,1.));
#6776=DIRECTION('ref_axis',(1.,-2.22044604925031E-16,6.16297582203915E-32));
#6777=DIRECTION('',(-1.,2.22044604925031E-16,-6.31088724176809E-32));
#6778=DIRECTION('',(-1.,2.22044604925031E-16,-6.31088724176809E-32));
#6779=DIRECTION('center_axis',(-1.,2.22044604925031E-16,-4.93038065763132E-32));
#6780=DIRECTION('ref_axis',(-2.22044604925031E-16,-1.,2.22044604925031E-16));
#6781=DIRECTION('',(-2.22044604925031E-16,-1.,2.22044604925031E-16));
#6782=DIRECTION('',(0.,2.22044604925031E-16,1.));
#6783=DIRECTION('',(-2.22044604925031E-16,-1.,2.22044604925031E-16));
#6784=DIRECTION('center_axis',(-2.22044604925031E-16,-1.,2.22044604925031E-16));
#6785=DIRECTION('ref_axis',(1.,-2.22044604925031E-16,6.16297582203915E-32));
#6786=DIRECTION('',(1.,-2.22044604925031E-16,6.31088724176809E-32));
#6787=DIRECTION('',(0.,2.22044604925031E-16,1.));
#6788=DIRECTION('',(1.,-2.22044604925031E-16,6.31088724176809E-32));
#6789=DIRECTION('center_axis',(-0.92533848457264,-0.379142043261902,8.41864452065582E-17));
#6790=DIRECTION('ref_axis',(0.379142043261902,-0.92533848457264,2.05466418228859E-16));
#6791=DIRECTION('',(0.379142043261902,-0.92533848457264,2.05466418228859E-16));
#6792=DIRECTION('',(0.,2.22044604925031E-16,1.));
#6793=DIRECTION('',(0.379142043261902,-0.92533848457264,2.05466418228859E-16));
#6794=DIRECTION('center_axis',(-1.08940634291344E-15,-1.,2.22044604925031E-16));
#6795=DIRECTION('ref_axis',(1.,-1.08940634291344E-15,2.46519032881566E-31));
#6796=DIRECTION('',(1.,-1.08940634291344E-15,2.52435489670724E-31));
#6797=DIRECTION('center_axis',(-1.08940634291344E-15,-1.,2.22044604925031E-16));
#6798=DIRECTION('ref_axis',(1.,-1.08940634291344E-15,2.31111593326469E-31));
#6799=DIRECTION('',(-1.,2.22044604925031E-16,-6.31088724176809E-32));
#6800=DIRECTION('',(1.,-1.08940634291344E-15,2.52435489670724E-31));
#6801=DIRECTION('center_axis',(0.,-2.22044604925031E-16,-1.));
#6802=DIRECTION('ref_axis',(-1.,2.22044604925031E-16,-6.16297582203915E-32));
#6803=DIRECTION('center_axis',(0.,-2.22044604925031E-16,-1.));
#6804=DIRECTION('ref_axis',(-1.,2.22044604925031E-16,-6.16297582203915E-32));
#6805=DIRECTION('',(-2.22044604925031E-16,-1.,2.22044604925031E-16));
#6806=DIRECTION('center_axis',(1.98602732259782E-16,0.894427190999915,0.447213595499959));
#6807=DIRECTION('ref_axis',(-9.93013661298913E-17,-0.447213595499959,0.894427190999915));
#6808=DIRECTION('',(-1.,2.22044604925031E-16,-6.31088724176809E-32));
#6809=DIRECTION('center_axis',(2.22044604925031E-16,1.,-2.22044604925031E-16));
#6810=DIRECTION('ref_axis',(-1.,2.22044604925031E-16,-6.16297582203915E-32));
#6811=DIRECTION('',(-1.,2.22044604925031E-16,-6.31088724176809E-32));
#6812=DIRECTION('center_axis',(1.58571565401619E-16,0.714142842854286,0.699999999999999));
#6813=DIRECTION('ref_axis',(-1.55431223447522E-16,-0.699999999999999,0.714142842854286));
#6814=DIRECTION('center_axis',(2.22044604925031E-16,1.,-2.22044604925031E-16));
#6815=DIRECTION('ref_axis',(-1.,2.22044604925031E-16,-6.16297582203915E-32));
#6816=DIRECTION('',(-1.,2.22044604925031E-16,-6.31088724176809E-32));
#6817=DIRECTION('',(-1.,2.22044604925031E-16,-6.31088724176809E-32));
#6818=DIRECTION('center_axis',(1.58571565401618E-16,0.714142842854285,-0.700000000000001));
#6819=DIRECTION('ref_axis',(1.55431223447522E-16,0.700000000000001,0.714142842854285));
#6820=DIRECTION('center_axis',(1.98602732259782E-16,0.894427190999915,-0.44721359549996));
#6821=DIRECTION('ref_axis',(9.93013661298913E-17,0.44721359549996,0.894427190999915));
#6822=DIRECTION('center_axis',(2.22044604925031E-16,1.,-2.22044604925031E-16));
#6823=DIRECTION('ref_axis',(-1.,2.22044604925031E-16,-3.85185988877448E-32));
#6824=DIRECTION('center_axis',(1.,-2.22044604925031E-16,4.93038065763132E-32));
#6825=DIRECTION('ref_axis',(2.22044604925031E-16,1.,-2.22044604925031E-16));
#6826=DIRECTION('',(0.,2.22044604925031E-16,1.));
#6827=DIRECTION('',(2.22044604925031E-16,1.,-2.22044604925031E-16));
#6828=DIRECTION('',(0.,2.22044604925031E-16,1.));
#6829=DIRECTION('',(-1.55431223447522E-16,-0.7,-0.714142842854285));
#6830=DIRECTION('',(0.,-2.22044604925031E-16,-1.));
#6831=DIRECTION('',(-9.93013661298913E-17,-0.44721359549996,-0.894427190999915));
#6832=DIRECTION('',(2.22044604925031E-16,1.,-2.22044604925031E-16));
#6833=DIRECTION('',(9.93013661298913E-17,0.447213595499959,-0.894427190999915));
#6834=DIRECTION('',(0.,-2.22044604925031E-16,-1.));
#6835=DIRECTION('',(1.55431223447522E-16,0.699999999999999,-0.714142842854286));
#6836=DIRECTION('center_axis',(-3.66604894589765E-16,-1.,2.22044604925031E-16));
#6837=DIRECTION('ref_axis',(1.,-3.66604894589765E-16,9.24446373305873E-32));
#6838=DIRECTION('center_axis',(3.66604894589765E-16,1.,-2.22044604925031E-16));
#6839=DIRECTION('ref_axis',(1.,-3.66604894589765E-16,7.70371977754896E-32));
#6840=DIRECTION('',(1.,-3.66604894589765E-16,9.46633086265214E-32));
#6841=DIRECTION('',(0.,2.22044604925031E-16,1.));
#6842=DIRECTION('',(1.,-3.66604894589765E-16,9.46633086265214E-32));
#6843=DIRECTION('',(0.,2.22044604925031E-16,1.));
#6844=DIRECTION('',(-1.,2.22044604925031E-16,-6.31088724176809E-32));
#6845=DIRECTION('center_axis',(-1.,2.22044604925031E-16,-4.93038065763132E-32));
#6846=DIRECTION('ref_axis',(-2.22044604925031E-16,-1.,2.22044604925031E-16));
#6847=DIRECTION('',(1.55431223447522E-16,0.7,0.714142842854285));
#6848=DIRECTION('',(-2.22044604925031E-16,-1.,2.22044604925031E-16));
#6849=DIRECTION('',(0.,2.22044604925031E-16,1.));
#6850=DIRECTION('',(-1.55431223447522E-16,-0.699999999999999,0.714142842854286));
#6851=DIRECTION('',(0.,2.22044604925031E-16,1.));
#6852=DIRECTION('',(-9.93013661298912E-17,-0.447213595499959,0.894427190999915));
#6853=DIRECTION('',(-2.22044604925031E-16,-1.,2.22044604925031E-16));
#6854=DIRECTION('',(9.93013661298913E-17,0.44721359549996,0.894427190999915));
#6855=DIRECTION('',(0.,2.22044604925031E-16,1.));
#6856=DIRECTION('center_axis',(0.,-2.22044604925031E-16,-1.));
#6857=DIRECTION('ref_axis',(-1.,2.22044604925031E-16,-6.16297582203915E-32));
#6858=DIRECTION('',(-1.,2.22044604925031E-16,-6.31088724176809E-32));
#6859=DIRECTION('',(-1.,2.22044604925031E-16,-6.31088724176809E-32));
#6860=DIRECTION('center_axis',(-1.,2.22044604925031E-16,-4.93038065763132E-32));
#6861=DIRECTION('ref_axis',(-2.22044604925031E-16,-1.,2.22044604925031E-16));
#6862=DIRECTION('',(-2.22044604925031E-16,-1.,2.22044604925031E-16));
#6863=DIRECTION('',(0.,2.22044604925031E-16,1.));
#6864=DIRECTION('',(-2.22044604925031E-16,-1.,2.22044604925031E-16));
#6865=DIRECTION('center_axis',(7.74843152602973E-17,1.,-2.22044604925031E-16));
#6866=DIRECTION('ref_axis',(-1.,7.74843152602973E-17,-3.08148791101958E-32));
#6867=DIRECTION('',(-1.,7.74843152602974E-17,-3.15544362088405E-32));
#6868=DIRECTION('center_axis',(-7.74843152602973E-17,-1.,2.22044604925031E-16));
#6869=DIRECTION('ref_axis',(-1.,7.74843152602973E-17,-2.54481215586362E-63));
#6870=DIRECTION('',(-1.,2.22044604925031E-16,-6.31088724176809E-32));
#6871=DIRECTION('',(-1.,7.74843152602974E-17,-3.15544362088405E-32));
#6872=DIRECTION('center_axis',(0.,-2.22044604925031E-16,-1.));
#6873=DIRECTION('ref_axis',(-1.,2.22044604925031E-16,-6.16297582203915E-32));
#6874=DIRECTION('center_axis',(0.,-2.22044604925031E-16,-1.));
#6875=DIRECTION('ref_axis',(-1.,2.22044604925031E-16,-6.16297582203915E-32));
#6876=DIRECTION('',(-2.22044604925031E-16,-1.,2.22044604925031E-16));
#6877=DIRECTION('center_axis',(1.98602732259782E-16,0.894427190999915,0.447213595499959));
#6878=DIRECTION('ref_axis',(-9.93013661298913E-17,-0.447213595499959,0.894427190999915));
#6879=DIRECTION('',(-1.,2.22044604925031E-16,-6.31088724176809E-32));
#6880=DIRECTION('center_axis',(2.22044604925031E-16,1.,-2.22044604925031E-16));
#6881=DIRECTION('ref_axis',(-1.,2.22044604925031E-16,-6.16297582203915E-32));
#6882=DIRECTION('',(-1.,2.22044604925031E-16,-6.31088724176809E-32));
#6883=DIRECTION('center_axis',(1.58571565401619E-16,0.714142842854286,0.699999999999999));
#6884=DIRECTION('ref_axis',(-1.55431223447522E-16,-0.699999999999999,0.714142842854286));
#6885=DIRECTION('center_axis',(2.22044604925031E-16,1.,-2.22044604925031E-16));
#6886=DIRECTION('ref_axis',(-1.,2.22044604925031E-16,-6.16297582203915E-32));
#6887=DIRECTION('',(-1.,2.22044604925031E-16,-6.31088724176809E-32));
#6888=DIRECTION('',(-1.,2.22044604925031E-16,-6.31088724176809E-32));
#6889=DIRECTION('center_axis',(1.58571565401618E-16,0.714142842854285,-0.700000000000001));
#6890=DIRECTION('ref_axis',(1.55431223447522E-16,0.700000000000001,0.714142842854285));
#6891=DIRECTION('center_axis',(1.98602732259782E-16,0.894427190999915,-0.44721359549996));
#6892=DIRECTION('ref_axis',(9.93013661298913E-17,0.44721359549996,0.894427190999915));
#6893=DIRECTION('center_axis',(2.22044604925031E-16,1.,-2.22044604925031E-16));
#6894=DIRECTION('ref_axis',(-1.,2.22044604925031E-16,-3.85185988877448E-32));
#6895=DIRECTION('center_axis',(1.08940634291344E-15,1.,-2.22044604925031E-16));
#6896=DIRECTION('ref_axis',(-1.,1.08940634291344E-15,-2.46519032881566E-31));
#6897=DIRECTION('',(-1.,1.08940634291344E-15,-2.52435489670724E-31));
#6898=DIRECTION('center_axis',(1.08940634291344E-15,1.,-2.22044604925031E-16));
#6899=DIRECTION('ref_axis',(-1.,1.08940634291344E-15,-2.31111593326469E-31));
#6900=DIRECTION('',(0.,2.22044604925031E-16,1.));
#6901=DIRECTION('',(1.,-2.22044604925031E-16,6.31088724176809E-32));
#6902=DIRECTION('',(0.,2.22044604925031E-16,1.));
#6903=DIRECTION('',(-1.,1.08940634291344E-15,-2.52435489670724E-31));
#6904=DIRECTION('',(0.,2.22044604925031E-16,1.));
#6905=DIRECTION('center_axis',(1.,-2.22044604925031E-16,4.93038065763132E-32));
#6906=DIRECTION('ref_axis',(2.22044604925031E-16,1.,-2.22044604925031E-16));
#6907=DIRECTION('',(-2.22044604925031E-16,-1.,2.22044604925031E-16));
#6908=DIRECTION('',(0.,2.22044604925031E-16,1.));
#6909=DIRECTION('',(1.55431223447522E-16,0.699999999999999,-0.714142842854286));
#6910=DIRECTION('',(0.,-2.22044604925031E-16,-1.));
#6911=DIRECTION('',(9.93013661298913E-17,0.447213595499959,-0.894427190999915));
#6912=DIRECTION('',(-2.22044604925031E-16,-1.,2.22044604925031E-16));
#6913=DIRECTION('',(-9.93013661298913E-17,-0.44721359549996,-0.894427190999915));
#6914=DIRECTION('',(0.,-2.22044604925031E-16,-1.));
#6915=DIRECTION('',(-1.55431223447522E-16,-0.7,-0.714142842854285));
#6916=DIRECTION('center_axis',(1.,-2.22044604925031E-16,4.93038065763132E-32));
#6917=DIRECTION('ref_axis',(2.22044604925031E-16,1.,-2.22044604925031E-16));
#6918=DIRECTION('',(1.55431223447522E-16,0.7,0.714142842854285));
#6919=DIRECTION('',(0.,2.22044604925031E-16,1.));
#6920=DIRECTION('',(9.93013661298913E-17,0.44721359549996,0.894427190999915));
#6921=DIRECTION('',(2.22044604925031E-16,1.,-2.22044604925031E-16));
#6922=DIRECTION('',(-9.93013661298912E-17,-0.447213595499959,0.894427190999915));
#6923=DIRECTION('',(0.,2.22044604925031E-16,1.));
#6924=DIRECTION('',(-1.55431223447522E-16,-0.699999999999999,0.714142842854286));
#6925=DIRECTION('',(0.,2.22044604925031E-16,1.));
#6926=DIRECTION('',(2.22044604925031E-16,1.,-2.22044604925031E-16));
#6927=DIRECTION('center_axis',(0.,2.22044604925031E-16,1.));
#6928=DIRECTION('ref_axis',(1.,-2.22044604925031E-16,6.16297582203915E-32));
#6929=DIRECTION('',(1.,-2.22044604925031E-16,6.31088724176809E-32));
#6930=DIRECTION('',(1.,-2.22044604925031E-16,6.31088724176809E-32));
#6931=DIRECTION('center_axis',(-1.,8.76657237369109E-16,-1.97215226305253E-31));
#6932=DIRECTION('ref_axis',(-8.7665723736911E-16,-1.,2.22044604925031E-16));
#6933=DIRECTION('',(-8.76657237369109E-16,-1.,2.22044604925031E-16));
#6934=DIRECTION('',(0.,2.22044604925031E-16,1.));
#6935=DIRECTION('',(-8.76657237369109E-16,-1.,2.22044604925031E-16));
#6936=DIRECTION('',(0.,2.22044604925031E-16,1.));
#6937=DIRECTION('center_axis',(2.22044604925031E-16,1.,-2.22044604925031E-16));
#6938=DIRECTION('ref_axis',(-1.,2.22044604925031E-16,-6.16297582203915E-32));
#6939=DIRECTION('',(-1.,2.22044604925031E-16,-6.31088724176809E-32));
#6940=DIRECTION('',(0.,2.22044604925031E-16,1.));
#6941=DIRECTION('',(-1.,2.22044604925031E-16,-6.31088724176809E-32));
#6942=DIRECTION('center_axis',(0.92533848457264,0.379142043261901,-8.4186445206558E-17));
#6943=DIRECTION('ref_axis',(-0.379142043261901,0.92533848457264,-2.05466418228859E-16));
#6944=DIRECTION('',(-0.379142043261901,0.92533848457264,-2.05466418228859E-16));
#6945=DIRECTION('',(-0.379142043261901,0.92533848457264,-2.05466418228859E-16));
#6946=DIRECTION('center_axis',(-6.55725473919233E-16,-1.,2.22044604925031E-16));
#6947=DIRECTION('ref_axis',(1.,-6.55725473919233E-16,1.54074395550979E-31));
#6948=DIRECTION('center_axis',(-6.55725473919233E-16,-1.,2.22044604925031E-16));
#6949=DIRECTION('ref_axis',(1.,-6.55725473919233E-16,1.15555796663234E-31));
#6950=DIRECTION('',(1.,-6.55725473919234E-16,1.57772181044202E-31));
#6951=DIRECTION('',(1.,-6.55725473919234E-16,1.57772181044202E-31));
#6952=DIRECTION('',(1.,-2.22044604925031E-16,6.31088724176809E-32));
#6953=DIRECTION('center_axis',(0.,-2.22044604925031E-16,-1.));
#6954=DIRECTION('ref_axis',(-1.,2.22044604925031E-16,-6.16297582203915E-32));
#6955=DIRECTION('center_axis',(0.,-2.22044604925031E-16,-1.));
#6956=DIRECTION('ref_axis',(-1.,2.22044604925031E-16,-6.16297582203915E-32));
#6957=DIRECTION('',(2.22044604925031E-16,1.,-2.22044604925031E-16));
#6958=DIRECTION('center_axis',(1.98602732259782E-16,0.894427190999915,0.447213595499959));
#6959=DIRECTION('ref_axis',(-9.93013661298913E-17,-0.447213595499959,0.894427190999915));
#6960=DIRECTION('',(1.,-2.22044604925031E-16,6.31088724176809E-32));
#6961=DIRECTION('center_axis',(2.22044604925031E-16,1.,-2.22044604925031E-16));
#6962=DIRECTION('ref_axis',(1.,-2.22044604925031E-16,6.16297582203915E-32));
#6963=DIRECTION('',(1.,-2.22044604925031E-16,6.31088724176809E-32));
#6964=DIRECTION('center_axis',(1.58571565401619E-16,0.714142842854286,0.699999999999999));
#6965=DIRECTION('ref_axis',(-1.55431223447522E-16,-0.699999999999999,0.714142842854286));
#6966=DIRECTION('center_axis',(1.58571565401618E-16,0.714142842854285,-0.700000000000001));
#6967=DIRECTION('ref_axis',(1.55431223447522E-16,0.700000000000001,0.714142842854285));
#6968=DIRECTION('',(1.,-2.22044604925031E-16,6.31088724176809E-32));
#6969=DIRECTION('center_axis',(2.22044604925031E-16,1.,-2.22044604925031E-16));
#6970=DIRECTION('ref_axis',(1.,-2.22044604925031E-16,6.16297582203915E-32));
#6971=DIRECTION('',(1.,-2.22044604925031E-16,6.31088724176809E-32));
#6972=DIRECTION('center_axis',(1.98602732259782E-16,0.894427190999915,-0.44721359549996));
#6973=DIRECTION('ref_axis',(9.93013661298913E-17,0.44721359549996,0.894427190999915));
#6974=DIRECTION('center_axis',(-2.22044604925031E-16,-1.,2.22044604925031E-16));
#6975=DIRECTION('ref_axis',(1.,-2.22044604925031E-16,3.85185988877448E-32));
#6976=DIRECTION('center_axis',(-3.66604894589765E-16,-1.,2.22044604925031E-16));
#6977=DIRECTION('ref_axis',(1.,-3.66604894589765E-16,9.24446373305873E-32));
#6978=DIRECTION('',(1.,-3.66604894589765E-16,9.46633086265214E-32));
#6979=DIRECTION('center_axis',(3.66604894589765E-16,1.,-2.22044604925031E-16));
#6980=DIRECTION('ref_axis',(1.,-3.66604894589765E-16,7.70371977754896E-32));
#6981=DIRECTION('',(0.,2.22044604925031E-16,1.));
#6982=DIRECTION('',(1.,-2.22044604925031E-16,6.31088724176809E-32));
#6983=DIRECTION('',(0.,2.22044604925031E-16,1.));
#6984=DIRECTION('',(1.,-3.66604894589765E-16,9.46633086265214E-32));
#6985=DIRECTION('',(0.,2.22044604925031E-16,1.));
#6986=DIRECTION('center_axis',(-1.,2.22044604925031E-16,-4.93038065763132E-32));
#6987=DIRECTION('ref_axis',(-2.22044604925031E-16,-1.,2.22044604925031E-16));
#6988=DIRECTION('',(-2.22044604925031E-16,-1.,2.22044604925031E-16));
#6989=DIRECTION('',(0.,2.22044604925031E-16,1.));
#6990=DIRECTION('',(1.55431223447522E-16,0.699999999999999,-0.714142842854286));
#6991=DIRECTION('',(0.,-2.22044604925031E-16,-1.));
#6992=DIRECTION('',(9.93013661298913E-17,0.447213595499959,-0.894427190999915));
#6993=DIRECTION('',(-2.22044604925031E-16,-1.,2.22044604925031E-16));
#6994=DIRECTION('',(-9.93013661298913E-17,-0.44721359549996,-0.894427190999915));
#6995=DIRECTION('',(0.,-2.22044604925031E-16,-1.));
#6996=DIRECTION('',(-1.55431223447522E-16,-0.7,-0.714142842854285));
#6997=DIRECTION('center_axis',(1.,-2.22044604925031E-16,4.93038065763132E-32));
#6998=DIRECTION('ref_axis',(2.22044604925031E-16,1.,-2.22044604925031E-16));
#6999=DIRECTION('',(2.22044604925031E-16,1.,-2.22044604925031E-16));
#7000=DIRECTION('',(-9.93013661298912E-17,-0.447213595499959,0.894427190999915));
#7001=DIRECTION('',(0.,2.22044604925031E-16,1.));
#7002=DIRECTION('',(-1.55431223447522E-16,-0.699999999999999,0.714142842854286));
#7003=DIRECTION('',(0.,2.22044604925031E-16,1.));
#7004=DIRECTION('',(2.22044604925031E-16,1.,-2.22044604925031E-16));
#7005=DIRECTION('',(1.55431223447522E-16,0.7,0.714142842854285));
#7006=DIRECTION('',(0.,2.22044604925031E-16,1.));
#7007=DIRECTION('',(9.93013661298913E-17,0.44721359549996,0.894427190999915));
#7008=DIRECTION('center_axis',(0.,2.22044604925031E-16,1.));
#7009=DIRECTION('ref_axis',(1.,-2.22044604925031E-16,6.16297582203915E-32));
#7010=DIRECTION('',(1.,-2.22044604925031E-16,6.31088724176809E-32));
#7011=DIRECTION('',(1.,-2.22044604925031E-16,6.31088724176809E-32));
#7012=DIRECTION('center_axis',(-1.,8.76657237369109E-16,-1.97215226305253E-31));
#7013=DIRECTION('ref_axis',(-8.76657237369109E-16,-1.,2.22044604925031E-16));
#7014=DIRECTION('',(-8.76657237369109E-16,-1.,2.22044604925031E-16));
#7015=DIRECTION('',(-8.76657237369109E-16,-1.,2.22044604925031E-16));
#7016=DIRECTION('',(0.,2.22044604925031E-16,1.));
#7017=DIRECTION('center_axis',(-6.45317133063373E-16,1.,-2.22044604925031E-16));
#7018=DIRECTION('ref_axis',(-1.,-6.45317133063373E-16,1.23259516440783E-31));
#7019=DIRECTION('center_axis',(6.45317133063373E-16,-1.,2.22044604925031E-16));
#7020=DIRECTION('ref_axis',(-1.,-6.45317133063373E-16,1.54074395550979E-31));
#7021=DIRECTION('',(-1.,-6.45317133063373E-16,1.26217744835362E-31));
#7022=DIRECTION('',(0.,2.22044604925031E-16,1.));
#7023=DIRECTION('',(-1.,-6.45317133063373E-16,1.26217744835362E-31));
#7024=DIRECTION('',(1.,-2.22044604925031E-16,6.31088724176809E-32));
#7025=DIRECTION('center_axis',(-0.925338484572639,0.379142043261904,-8.41864452065586E-17));
#7026=DIRECTION('ref_axis',(-0.379142043261904,-0.925338484572639,2.05466418228859E-16));
#7027=DIRECTION('',(-0.379142043261904,-0.925338484572639,2.05466418228859E-16));
#7028=DIRECTION('',(0.,2.22044604925031E-16,1.));
#7029=DIRECTION('',(-0.379142043261904,-0.925338484572639,2.05466418228859E-16));
#7030=DIRECTION('center_axis',(2.22044604925031E-16,1.,-2.22044604925031E-16));
#7031=DIRECTION('ref_axis',(-1.,2.22044604925031E-16,-6.16297582203915E-32));
#7032=DIRECTION('',(-1.,2.22044604925031E-16,-6.31088724176809E-32));
#7033=DIRECTION('',(-1.,2.22044604925031E-16,-6.31088724176809E-32));
#7034=DIRECTION('center_axis',(0.,-2.22044604925031E-16,-1.));
#7035=DIRECTION('ref_axis',(-1.,2.22044604925031E-16,-6.16297582203915E-32));
#7036=DIRECTION('center_axis',(0.,-2.22044604925031E-16,-1.));
#7037=DIRECTION('ref_axis',(-1.,2.22044604925031E-16,-6.16297582203915E-32));
#7038=DIRECTION('',(2.22044604925031E-16,1.,-2.22044604925031E-16));
#7039=DIRECTION('center_axis',(1.58571565401618E-16,0.714142842854285,-0.700000000000001));
#7040=DIRECTION('ref_axis',(1.55431223447522E-16,0.700000000000001,0.714142842854285));
#7041=DIRECTION('',(1.,-2.22044604925031E-16,6.31088724176809E-32));
#7042=DIRECTION('center_axis',(2.22044604925031E-16,1.,-2.22044604925031E-16));
#7043=DIRECTION('ref_axis',(1.,-2.22044604925031E-16,6.16297582203915E-32));
#7044=DIRECTION('',(1.,-2.22044604925031E-16,6.31088724176809E-32));
#7045=DIRECTION('center_axis',(1.98602732259782E-16,0.894427190999915,-0.44721359549996));
#7046=DIRECTION('ref_axis',(9.93013661298913E-17,0.44721359549996,0.894427190999915));
#7047=DIRECTION('center_axis',(1.98602732259782E-16,0.894427190999915,0.447213595499959));
#7048=DIRECTION('ref_axis',(-9.93013661298913E-17,-0.447213595499959,0.894427190999915));
#7049=DIRECTION('',(1.,-2.22044604925031E-16,6.31088724176809E-32));
#7050=DIRECTION('center_axis',(2.22044604925031E-16,1.,-2.22044604925031E-16));
#7051=DIRECTION('ref_axis',(1.,-2.22044604925031E-16,6.16297582203915E-32));
#7052=DIRECTION('',(1.,-2.22044604925031E-16,6.31088724176809E-32));
#7053=DIRECTION('center_axis',(1.58571565401619E-16,0.714142842854286,0.699999999999999));
#7054=DIRECTION('ref_axis',(-1.55431223447522E-16,-0.699999999999999,0.714142842854286));
#7055=DIRECTION('center_axis',(-2.22044604925031E-16,-1.,2.22044604925031E-16));
#7056=DIRECTION('ref_axis',(1.,-2.22044604925031E-16,3.85185988877448E-32));
#7057=DIRECTION('center_axis',(0.,-2.22044604925031E-16,-1.));
#7058=DIRECTION('ref_axis',(-1.,2.22044604925031E-16,-3.62527989531715E-32));
#7059=DIRECTION('',(0.,2.22044604925031E-16,1.));
#7060=DIRECTION('center_axis',(0.,2.22044604925031E-16,1.));
#7061=DIRECTION('ref_axis',(1.,-2.22044604925031E-16,3.62527989531715E-32));
#7062=DIRECTION('center_axis',(0.,-2.22044604925031E-16,-1.));
#7063=DIRECTION('ref_axis',(-1.,2.22044604925031E-16,-3.62527989531715E-32));
#7064=DIRECTION('',(0.,2.22044604925031E-16,1.));
#7065=DIRECTION('center_axis',(0.,-2.22044604925031E-16,-1.));
#7066=DIRECTION('ref_axis',(-1.,2.22044604925031E-16,-3.62527989531715E-32));
#7067=DIRECTION('',(0.,2.22044604925031E-16,1.));
#7068=DIRECTION('center_axis',(0.,-2.22044604925031E-16,-1.));
#7069=DIRECTION('ref_axis',(-1.,2.22044604925031E-16,-3.62527989531715E-32));
#7070=DIRECTION('',(0.,2.22044604925031E-16,1.));
#7071=DIRECTION('center_axis',(0.,-2.22044604925031E-16,-1.));
#7072=DIRECTION('ref_axis',(-1.,2.22044604925031E-16,-3.62527989531715E-32));
#7073=DIRECTION('',(0.,2.22044604925031E-16,1.));
#7074=DIRECTION('center_axis',(0.,-2.22044604925031E-16,-1.));
#7075=DIRECTION('ref_axis',(-1.,2.22044604925031E-16,-3.62527989531715E-32));
#7076=DIRECTION('',(0.,2.22044604925031E-16,1.));
#7077=DIRECTION('center_axis',(0.,-2.22044604925031E-16,-1.));
#7078=DIRECTION('ref_axis',(-1.,2.22044604925031E-16,-3.62527989531715E-32));
#7079=DIRECTION('',(0.,2.22044604925031E-16,1.));
#7080=DIRECTION('center_axis',(6.06233838089086E-15,-1.99840144432529E-15,
1.));
#7081=DIRECTION('ref_axis',(3.70859327412981E-16,-1.,-2.1081259728481E-15));
#7082=DIRECTION('',(-6.06233838089086E-15,1.99840144432529E-15,-1.));
#7083=DIRECTION('',(3.78653234506086E-31,1.51267887105177E-15,-1.));
#7084=DIRECTION('center_axis',(6.06233838089086E-15,-1.99840144432529E-15,
1.));
#7085=DIRECTION('ref_axis',(3.70859327412981E-16,-1.,-2.1081259728481E-15));
#7086=DIRECTION('',(-6.06233838089086E-15,1.99840144432529E-15,-1.));
#7087=DIRECTION('center_axis',(6.06233838089086E-15,-1.99840144432529E-15,
1.));
#7088=DIRECTION('ref_axis',(3.70859327412981E-16,-1.,-2.1081259728481E-15));
#7089=DIRECTION('',(-6.06233838089086E-15,1.99840144432529E-15,-1.));
#7090=DIRECTION('center_axis',(6.06233838089086E-15,-1.99840144432529E-15,
1.));
#7091=DIRECTION('ref_axis',(3.70859327412981E-16,-1.,-2.1081259728481E-15));
#7092=DIRECTION('',(-6.06233838089086E-15,1.99840144432529E-15,-1.));
#7093=DIRECTION('center_axis',(6.06233838089086E-15,-1.99840144432529E-15,
1.));
#7094=DIRECTION('ref_axis',(3.70859327412981E-16,-1.,-2.1081259728481E-15));
#7095=DIRECTION('',(-6.06233838089086E-15,1.99840144432529E-15,-1.));
#7096=DIRECTION('center_axis',(6.06233838089086E-15,-1.99840144432529E-15,
1.));
#7097=DIRECTION('ref_axis',(3.70859327412981E-16,-1.,-2.1081259728481E-15));
#7098=DIRECTION('',(-6.06233838089086E-15,1.99840144432529E-15,-1.));
#7099=DIRECTION('center_axis',(6.06233838089086E-15,-1.99840144432529E-15,
1.));
#7100=DIRECTION('ref_axis',(3.70859327412981E-16,-1.,-2.1081259728481E-15));
#7101=DIRECTION('',(-6.06233838089086E-15,1.99840144432529E-15,-1.));
#7102=DIRECTION('center_axis',(6.06233838089086E-15,-1.99840144432529E-15,
1.));
#7103=DIRECTION('ref_axis',(3.70859327412981E-16,-1.,-2.1081259728481E-15));
#7104=DIRECTION('',(-6.06233838089086E-15,1.99840144432529E-15,-1.));
#7105=DIRECTION('center_axis',(-1.01496906705579E-15,6.42088389943381E-16,
1.));
#7106=DIRECTION('ref_axis',(-0.382683424640121,0.923879535711074,-9.81865992429654E-16));
#7107=DIRECTION('center_axis',(0.,-2.22044604925031E-16,-1.));
#7108=DIRECTION('ref_axis',(3.82856869892695E-16,1.,-2.22044604925031E-16));
#7109=DIRECTION('center_axis',(0.,2.22044604925031E-16,1.));
#7110=DIRECTION('ref_axis',(1.,-2.22044604925031E-16,4.56516727558456E-32));
#7111=DIRECTION('center_axis',(0.,-2.22044604925031E-16,-1.));
#7112=DIRECTION('ref_axis',(1.,-2.22044604925031E-16,4.1086505480261E-32));
#7113=DIRECTION('center_axis',(0.,-2.22044604925031E-16,-1.));
#7114=DIRECTION('ref_axis',(1.,-2.22044604925031E-16,4.1086505480261E-32));
#7115=DIRECTION('center_axis',(0.,2.22044604925031E-16,1.));
#7116=DIRECTION('ref_axis',(1.,-2.22044604925031E-16,6.16297582203915E-32));
#7117=DIRECTION('',(-1.,2.22044604925031E-16,-6.31088724176809E-32));
#7118=DIRECTION('center_axis',(0.,2.22044604925031E-16,1.));
#7119=DIRECTION('ref_axis',(1.,-2.22044604925031E-16,6.16297582203915E-32));
#7120=DIRECTION('center_axis',(0.,2.22044604925031E-16,1.));
#7121=DIRECTION('ref_axis',(1.,-2.22044604925031E-16,4.1086505480261E-32));
#7122=DIRECTION('',(1.,-2.22044604925031E-16,4.93038065763132E-32));
#7123=DIRECTION('center_axis',(0.,2.22044604925031E-16,1.));
#7124=DIRECTION('ref_axis',(1.,-2.22044604925031E-16,3.85185988877447E-32));
#7125=DIRECTION('center_axis',(0.707106781186546,4.68386162474976E-31,0.707106781186549));
#7126=DIRECTION('ref_axis',(-0.707106781186548,3.14018491736755E-16,0.707106781186546));
#7127=DIRECTION('',(0.,2.22044604925031E-16,1.));
#7128=DIRECTION('center_axis',(0.707106781186547,-3.14018491736755E-16,
-0.707106781186548));
#7129=DIRECTION('ref_axis',(0.707106781186548,-3.54077912179276E-31,0.707106781186547));
#7130=DIRECTION('',(0.,-2.22044604925031E-16,-1.));
#7131=DIRECTION('center_axis',(-1.,2.22044604925031E-16,-4.93038065763132E-32));
#7132=DIRECTION('ref_axis',(-2.22044604925031E-16,-1.,2.22044604925031E-16));
#7133=DIRECTION('center_axis',(0.707106781186547,3.45126646034193E-31,0.707106781186548));
#7134=DIRECTION('ref_axis',(-0.707106781186548,3.14018491736755E-16,0.707106781186547));
#7135=DIRECTION('',(1.,-2.22044604925031E-16,6.31088724176809E-32));
#7136=DIRECTION('',(-1.,2.22044604925031E-16,-6.31088724176809E-32));
#7137=DIRECTION('center_axis',(1.,-2.22044604925031E-16,4.93038065763132E-32));
#7138=DIRECTION('ref_axis',(2.22044604925031E-16,1.,-2.22044604925031E-16));
#7139=DIRECTION('center_axis',(0.707106781186546,-3.14018491736755E-16,
-0.707106781186549));
#7140=DIRECTION('ref_axis',(-0.707106781186549,4.63024962080592E-31,-0.707106781186546));
#7141=DIRECTION('',(1.,-2.22044604925031E-16,6.31088724176809E-32));
#7142=DIRECTION('',(-1.,2.22044604925031E-16,-6.31088724176809E-32));
#7143=DIRECTION('center_axis',(0.,-2.22044604925031E-16,-1.));
#7144=DIRECTION('ref_axis',(-1.,2.22044604925031E-16,-3.85185988877447E-32));
#7145=DIRECTION('',(0.,-2.22044604925031E-16,-1.));
#7146=DIRECTION('',(0.,2.22044604925031E-16,1.));
#7147=DIRECTION('',(9.05255782789232E-13,-2.22044604925232E-16,-1.));
#7148=DIRECTION('',(1.,-2.22044604925032E-16,-3.82383111950449E-15));
#7149=DIRECTION('',(-1.,2.22044604925031E-16,-1.73810505431953E-16));
#7150=DIRECTION('',(5.6334984077687E-12,2.2204460492378E-16,1.));
#7151=DIRECTION('center_axis',(-2.22044604925031E-16,-1.,2.22044604925031E-16));
#7152=DIRECTION('ref_axis',(-1.,2.22044604925031E-16,-6.16297582203915E-32));
#7153=DIRECTION('center_axis',(0.,2.22044604925031E-16,1.));
#7154=DIRECTION('ref_axis',(1.,-2.22044604925031E-16,3.85185988877447E-32));
#7155=DIRECTION('center_axis',(-0.707106781186547,-3.45126646034193E-31,
-0.707106781186548));
#7156=DIRECTION('ref_axis',(-0.707106781186548,3.14018491736755E-16,0.707106781186547));
#7157=DIRECTION('',(0.,-2.22044604925031E-16,-1.));
#7158=DIRECTION('center_axis',(-0.707106781186547,3.14018491736755E-16,
0.707106781186548));
#7159=DIRECTION('ref_axis',(0.707106781186548,-2.17894099802631E-31,0.707106781186547));
#7160=DIRECTION('',(0.,2.22044604925031E-16,1.));
#7161=DIRECTION('center_axis',(-1.,2.22044604925031E-16,-4.93038065763132E-32));
#7162=DIRECTION('ref_axis',(-2.22044604925031E-16,-1.,2.22044604925031E-16));
#7163=DIRECTION('center_axis',(-0.707106781186547,-2.2186712959341E-31,
-0.707106781186548));
#7164=DIRECTION('ref_axis',(-0.707106781186548,3.14018491736755E-16,0.707106781186547));
#7165=DIRECTION('',(-1.,2.22044604925031E-16,-6.31088724176809E-32));
#7166=DIRECTION('',(1.,-2.22044604925031E-16,6.31088724176809E-32));
#7167=DIRECTION('center_axis',(1.,-2.22044604925031E-16,4.93038065763132E-32));
#7168=DIRECTION('ref_axis',(2.22044604925031E-16,1.,-2.22044604925031E-16));
#7169=DIRECTION('center_axis',(-0.707106781186547,3.14018491736755E-16,
0.707106781186548));
#7170=DIRECTION('ref_axis',(-0.707106781186548,1.36183812376644E-31,-0.707106781186547));
#7171=DIRECTION('',(-1.,2.22044604925031E-16,-6.31088724176809E-32));
#7172=DIRECTION('',(1.,-2.22044604925031E-16,6.31088724176809E-32));
#7173=DIRECTION('center_axis',(0.,-2.22044604925031E-16,-1.));
#7174=DIRECTION('ref_axis',(-1.,2.22044604925031E-16,-3.85185988877447E-32));
#7175=DIRECTION('',(0.,2.22044604925031E-16,1.));
#7176=DIRECTION('',(0.,-2.22044604925031E-16,-1.));
#7177=DIRECTION('',(6.05891133101018E-13,2.22044604924897E-16,1.));
#7178=DIRECTION('',(-1.,2.22044604925031E-16,3.47621010864032E-16));
#7179=DIRECTION('',(1.,-2.22044604925032E-16,-1.39048404345613E-15));
#7180=DIRECTION('',(-6.17350067060386E-13,-2.22044604924894E-16,-1.));
#7181=DIRECTION('center_axis',(2.22044604925031E-16,1.,-2.22044604925031E-16));
#7182=DIRECTION('ref_axis',(-1.,2.22044604925031E-16,-6.16297582203915E-32));
#7183=DIRECTION('center_axis',(-2.22044604925031E-16,-1.,2.22044604925031E-16));
#7184=DIRECTION('ref_axis',(-1.,2.22044604925031E-16,-6.16297582203915E-32));
#7185=DIRECTION('',(2.1684043449711E-14,-2.22044604925036E-16,-1.));
#7186=DIRECTION('',(-1.,2.22044604925031E-16,-6.31088724176809E-32));
#7187=DIRECTION('',(2.1684043449711E-14,2.22044604925026E-16,1.));
#7188=DIRECTION('',(1.,-2.22044604925031E-16,6.31088724176809E-32));
#7189=DIRECTION('center_axis',(0.,-2.22044604925031E-16,-1.));
#7190=DIRECTION('ref_axis',(-1.,2.22044604925031E-16,-6.16297582203915E-32));
#7191=DIRECTION('',(-1.,2.22044604925031E-16,-6.31088724176809E-32));
#7192=DIRECTION('',(2.22044604925031E-16,1.,-2.22044604925031E-16));
#7193=DIRECTION('',(2.22044604925031E-16,1.,-2.22044604925031E-16));
#7194=DIRECTION('',(2.22044604925031E-16,1.,-2.22044604925031E-16));
#7195=DIRECTION('',(2.22044604925031E-16,1.,-2.22044604925031E-16));
#7196=DIRECTION('center_axis',(-1.,2.22044604925036E-16,2.1684043449711E-14));
#7197=DIRECTION('ref_axis',(2.1684043449711E-14,2.22044604925026E-16,1.));
#7198=DIRECTION('',(2.22044604925031E-16,1.,-2.22044604925031E-16));
#7199=DIRECTION('',(0.,2.22044604925031E-16,1.));
#7200=DIRECTION('center_axis',(0.,2.22044604925031E-16,1.));
#7201=DIRECTION('ref_axis',(1.,-2.22044604925031E-16,6.16297582203915E-32));
#7202=DIRECTION('',(1.,-2.22044604925031E-16,6.31088724176809E-32));
#7203=DIRECTION('',(2.22044604925031E-16,1.,-2.22044604925031E-16));
#7204=DIRECTION('',(2.22044604925031E-16,1.,-2.22044604925031E-16));
#7205=DIRECTION('',(-2.22044604925031E-16,-1.,2.22044604925031E-16));
#7206=DIRECTION('center_axis',(1.,-2.22044604925027E-16,2.1684043449711E-14));
#7207=DIRECTION('ref_axis',(2.1684043449711E-14,-2.22044604925036E-16,-1.));
#7208=DIRECTION('',(0.,2.22044604925031E-16,1.));
#7209=DIRECTION('center_axis',(2.22044604925031E-16,1.,-2.22044604925031E-16));
#7210=DIRECTION('ref_axis',(-1.,2.22044604925031E-16,-6.16297582203915E-32));
#7211=DIRECTION('',(2.1684043449711E-14,-2.22044604925036E-16,-1.));
#7212=DIRECTION('',(1.,-2.22044604925031E-16,6.31088724176809E-32));
#7213=DIRECTION('',(2.1684043449711E-14,2.22044604925026E-16,1.));
#7214=DIRECTION('',(-1.,2.22044604925031E-16,-6.31088724176809E-32));
#7215=DIRECTION('center_axis',(0.,-2.22044604925031E-16,-1.));
#7216=DIRECTION('ref_axis',(-1.,2.22044604925031E-16,-6.16297582203915E-32));
#7217=DIRECTION('',(1.,-2.22044604925031E-16,6.31088724176809E-32));
#7218=DIRECTION('',(2.22044604925031E-16,1.,-2.22044604925031E-16));
#7219=DIRECTION('',(-2.22044604925031E-16,-1.,2.22044604925031E-16));
#7220=DIRECTION('',(-2.22044604925031E-16,-1.,2.22044604925031E-16));
#7221=DIRECTION('',(-2.22044604925031E-16,-1.,2.22044604925031E-16));
#7222=DIRECTION('center_axis',(1.,-2.22044604925036E-16,-2.1684043449711E-14));
#7223=DIRECTION('ref_axis',(-2.1684043449711E-14,-2.22044604925026E-16,
-1.));
#7224=DIRECTION('',(0.,2.22044604925031E-16,1.));
#7225=DIRECTION('',(-2.22044604925031E-16,-1.,2.22044604925031E-16));
#7226=DIRECTION('center_axis',(0.,2.22044604925031E-16,1.));
#7227=DIRECTION('ref_axis',(1.,-2.22044604925031E-16,6.16297582203915E-32));
#7228=DIRECTION('',(-1.,2.22044604925031E-16,-6.31088724176809E-32));
#7229=DIRECTION('',(-2.22044604925031E-16,-1.,2.22044604925031E-16));
#7230=DIRECTION('',(-2.22044604925031E-16,-1.,2.22044604925031E-16));
#7231=DIRECTION('',(-2.22044604925031E-16,-1.,2.22044604925031E-16));
#7232=DIRECTION('center_axis',(-1.,2.22044604925027E-16,-2.1684043449711E-14));
#7233=DIRECTION('ref_axis',(-2.1684043449711E-14,2.22044604925036E-16,1.));
#7234=DIRECTION('',(0.,2.22044604925031E-16,1.));
#7235=DIRECTION('center_axis',(-1.,2.22044604925031E-16,-4.93038065763132E-32));
#7236=DIRECTION('ref_axis',(-2.22044604925031E-16,-1.,2.22044604925031E-16));
#7237=DIRECTION('center_axis',(1.,-2.22044604925031E-16,4.93038065763132E-32));
#7238=DIRECTION('ref_axis',(2.22044604925031E-16,1.,-2.22044604925031E-16));
#7239=DIRECTION('',(1.,-2.22044604925031E-16,6.31088724176809E-32));
#7240=DIRECTION('',(-1.,2.22044604925031E-16,-6.31088724176809E-32));
#7241=DIRECTION('center_axis',(-1.,2.22044604925031E-16,-4.93038065763132E-32));
#7242=DIRECTION('ref_axis',(-2.22044604925031E-16,-1.,2.22044604925031E-16));
#7243=DIRECTION('',(1.,-2.22044604925031E-16,6.31088724176809E-32));
#7244=DIRECTION('center_axis',(-1.,2.22044604925031E-16,-4.93038065763132E-32));
#7245=DIRECTION('ref_axis',(-2.22044604925031E-16,-1.,2.22044604925031E-16));
#7246=DIRECTION('',(-1.,2.22044604925031E-16,-6.31088724176809E-32));
#7247=DIRECTION('center_axis',(1.,-2.22044604925031E-16,4.93038065763132E-32));
#7248=DIRECTION('ref_axis',(2.22044604925031E-16,1.,-2.22044604925031E-16));
#7249=DIRECTION('',(-1.,2.22044604925031E-16,-6.31088724176809E-32));
#7250=DIRECTION('center_axis',(1.,-2.22044604925031E-16,4.93038065763132E-32));
#7251=DIRECTION('ref_axis',(2.22044604925031E-16,1.,-2.22044604925031E-16));
#7252=DIRECTION('',(1.,-2.22044604925031E-16,6.31088724176809E-32));
#7253=DIRECTION('center_axis',(1.,-2.22044604925031E-16,4.93038065763132E-32));
#7254=DIRECTION('ref_axis',(2.22044604925031E-16,1.,-2.22044604925031E-16));
#7255=DIRECTION('center_axis',(-1.,2.22044604925031E-16,-4.93038065763132E-32));
#7256=DIRECTION('ref_axis',(-2.22044604925031E-16,-1.,2.22044604925031E-16));
#7257=DIRECTION('',(-1.,2.22044604925031E-16,-6.31088724176809E-32));
#7258=DIRECTION('',(1.,-2.22044604925031E-16,6.31088724176809E-32));
#7259=DIRECTION('center_axis',(0.,-2.22044604925031E-16,-1.));
#7260=DIRECTION('ref_axis',(-1.,2.22044604925031E-16,-6.16297582203915E-32));
#7261=DIRECTION('center_axis',(0.,2.22044604925031E-16,1.));
#7262=DIRECTION('ref_axis',(-1.,2.22044604925031E-16,-6.16297582203915E-32));
#7263=DIRECTION('',(0.,2.22044604925031E-16,1.));
#7264=DIRECTION('center_axis',(0.,-2.22044604925031E-16,-1.));
#7265=DIRECTION('ref_axis',(1.,-2.22044604925031E-16,6.16297582203915E-32));
#7266=DIRECTION('',(0.,-2.22044604925031E-16,-1.));
#7267=DIRECTION('center_axis',(0.,-2.22044604925031E-16,-1.));
#7268=DIRECTION('ref_axis',(-1.,2.22044604925031E-16,-6.16297582203915E-32));
#7269=DIRECTION('center_axis',(0.,2.22044604925031E-16,1.));
#7270=DIRECTION('ref_axis',(-1.,2.22044604925031E-16,-6.16297582203915E-32));
#7271=DIRECTION('',(0.,2.22044604925031E-16,1.));
#7272=DIRECTION('center_axis',(0.,-2.22044604925031E-16,-1.));
#7273=DIRECTION('ref_axis',(1.,-2.22044604925031E-16,6.16297582203915E-32));
#7274=DIRECTION('',(0.,-2.22044604925031E-16,-1.));
#7275=DIRECTION('center_axis',(0.,-2.22044604925031E-16,-1.));
#7276=DIRECTION('ref_axis',(-1.,2.22044604925031E-16,-6.16297582203915E-32));
#7277=DIRECTION('center_axis',(0.,2.22044604925031E-16,1.));
#7278=DIRECTION('ref_axis',(-1.,1.95676808090184E-15,-4.3140830754274E-31));
#7279=DIRECTION('',(0.,2.22044604925031E-16,1.));
#7280=DIRECTION('center_axis',(0.,-2.22044604925031E-16,-1.));
#7281=DIRECTION('ref_axis',(-1.,2.22044604925031E-16,-6.16297582203915E-32));
#7282=DIRECTION('',(0.,-2.22044604925031E-16,-1.));
#7283=DIRECTION('center_axis',(0.,-2.22044604925031E-16,-1.));
#7284=DIRECTION('ref_axis',(-1.,2.22044604925031E-16,-6.16297582203915E-32));
#7285=DIRECTION('center_axis',(0.,2.22044604925031E-16,1.));
#7286=DIRECTION('ref_axis',(-1.,2.22044604925031E-16,-6.16297582203915E-32));
#7287=DIRECTION('',(0.,2.22044604925031E-16,1.));
#7288=DIRECTION('center_axis',(0.,-2.22044604925031E-16,-1.));
#7289=DIRECTION('ref_axis',(1.,-2.22044604925031E-16,6.16297582203915E-32));
#7290=DIRECTION('',(0.,-2.22044604925031E-16,-1.));
#7291=DIRECTION('center_axis',(0.,-2.22044604925031E-16,-1.));
#7292=DIRECTION('ref_axis',(-1.,2.22044604925031E-16,-6.16297582203915E-32));
#7293=DIRECTION('center_axis',(0.,2.22044604925031E-16,1.));
#7294=DIRECTION('ref_axis',(-1.,2.22044604925031E-16,-6.16297582203915E-32));
#7295=DIRECTION('',(0.,2.22044604925031E-16,1.));
#7296=DIRECTION('center_axis',(0.,-2.22044604925031E-16,-1.));
#7297=DIRECTION('ref_axis',(1.,-2.22044604925031E-16,6.16297582203915E-32));
#7298=DIRECTION('',(0.,-2.22044604925031E-16,-1.));
#7299=DIRECTION('center_axis',(0.,-2.22044604925031E-16,-1.));
#7300=DIRECTION('ref_axis',(-1.,2.22044604925031E-16,-6.16297582203915E-32));
#7301=DIRECTION('',(0.,-2.22044604925031E-16,-1.));
#7302=DIRECTION('center_axis',(0.,2.22044604925031E-16,1.));
#7303=DIRECTION('ref_axis',(-1.,2.22044604925031E-16,-6.16297582203915E-32));
#7304=DIRECTION('',(0.,2.22044604925031E-16,1.));
#7305=DIRECTION('center_axis',(0.,-2.22044604925031E-16,-1.));
#7306=DIRECTION('ref_axis',(-1.,2.22044604925031E-16,-6.16297582203915E-32));
#7307=DIRECTION('center_axis',(0.,-2.22044604925031E-16,-1.));
#7308=DIRECTION('ref_axis',(-1.,2.22044604925031E-16,-6.16297582203915E-32));
#7309=DIRECTION('center_axis',(0.,2.22044604925031E-16,1.));
#7310=DIRECTION('ref_axis',(-1.,2.22044604925031E-16,-6.16297582203915E-32));
#7311=DIRECTION('',(0.,2.22044604925031E-16,1.));
#7312=DIRECTION('center_axis',(0.,-2.22044604925031E-16,-1.));
#7313=DIRECTION('ref_axis',(1.,-2.22044604925031E-16,6.16297582203915E-32));
#7314=DIRECTION('',(0.,-2.22044604925031E-16,-1.));
#7315=DIRECTION('center_axis',(0.,-2.22044604925031E-16,-1.));
#7316=DIRECTION('ref_axis',(-1.,2.22044604925031E-16,-6.16297582203915E-32));
#7317=DIRECTION('center_axis',(0.,2.22044604925031E-16,1.));
#7318=DIRECTION('ref_axis',(-1.,2.22044604925031E-16,-6.16297582203915E-32));
#7319=DIRECTION('',(0.,2.22044604925031E-16,1.));
#7320=DIRECTION('center_axis',(0.,-2.22044604925031E-16,-1.));
#7321=DIRECTION('ref_axis',(1.,-2.22044604925031E-16,6.16297582203915E-32));
#7322=DIRECTION('',(0.,-2.22044604925031E-16,-1.));
#7323=DIRECTION('center_axis',(0.,-2.22044604925031E-16,-1.));
#7324=DIRECTION('ref_axis',(-1.,2.22044604925031E-16,-6.16297582203915E-32));
#7325=DIRECTION('center_axis',(0.,2.22044604925031E-16,1.));
#7326=DIRECTION('ref_axis',(-1.,-1.51267887105177E-15,3.08148791101957E-31));
#7327=DIRECTION('',(0.,2.22044604925031E-16,1.));
#7328=DIRECTION('center_axis',(0.,-2.22044604925031E-16,-1.));
#7329=DIRECTION('ref_axis',(-1.,2.22044604925031E-16,-6.16297582203915E-32));
#7330=DIRECTION('',(0.,-2.22044604925031E-16,-1.));
#7331=DIRECTION('center_axis',(0.,-2.22044604925031E-16,-1.));
#7332=DIRECTION('ref_axis',(-1.,2.22044604925031E-16,-6.16297582203915E-32));
#7333=DIRECTION('center_axis',(0.,2.22044604925031E-16,1.));
#7334=DIRECTION('ref_axis',(-1.,2.22044604925031E-16,-6.16297582203915E-32));
#7335=DIRECTION('',(0.,2.22044604925031E-16,1.));
#7336=DIRECTION('center_axis',(0.,-2.22044604925031E-16,-1.));
#7337=DIRECTION('ref_axis',(1.,-5.42621503285545E-15,1.23259516440783E-30));
#7338=DIRECTION('',(0.,-2.22044604925031E-16,-1.));
#7339=DIRECTION('center_axis',(0.,-2.22044604925031E-16,-1.));
#7340=DIRECTION('ref_axis',(-1.,2.22044604925031E-16,-6.16297582203915E-32));
#7341=DIRECTION('center_axis',(0.,2.22044604925031E-16,1.));
#7342=DIRECTION('ref_axis',(-1.,2.22044604925031E-16,-6.16297582203915E-32));
#7343=DIRECTION('',(0.,2.22044604925031E-16,1.));
#7344=DIRECTION('center_axis',(0.,-2.22044604925031E-16,-1.));
#7345=DIRECTION('ref_axis',(1.,-2.22044604925031E-16,6.16297582203915E-32));
#7346=DIRECTION('',(0.,-2.22044604925031E-16,-1.));
#7347=DIRECTION('center_axis',(0.,-2.22044604925031E-16,-1.));
#7348=DIRECTION('ref_axis',(-1.,2.22044604925031E-16,-6.16297582203915E-32));
#7349=DIRECTION('',(0.,-2.22044604925031E-16,-1.));
#7350=DIRECTION('center_axis',(0.,2.22044604925031E-16,1.));
#7351=DIRECTION('ref_axis',(-1.,2.22044604925031E-16,-6.16297582203915E-32));
#7352=DIRECTION('',(0.,2.22044604925031E-16,1.));
#7353=DIRECTION('center_axis',(0.,-2.22044604925031E-16,-1.));
#7354=DIRECTION('ref_axis',(-1.,2.22044604925031E-16,-6.16297582203915E-32));
#7355=DIRECTION('center_axis',(0.,2.22044604925031E-16,1.));
#7356=DIRECTION('ref_axis',(1.,-2.22044604925031E-16,6.16297582203915E-32));
#7357=DIRECTION('',(-2.22044604925031E-16,-1.,2.22044604925031E-16));
#7358=DIRECTION('',(1.,-2.22044604925031E-16,6.31088724176809E-32));
#7359=DIRECTION('',(1.49764460092664E-16,1.,-2.22044604925031E-16));
#7360=DIRECTION('',(1.49764460092664E-16,1.,-2.22044604925031E-16));
#7361=DIRECTION('',(1.49764460092664E-16,1.,-2.22044604925031E-16));
#7362=DIRECTION('',(1.,-2.22044604925031E-16,6.31088724176809E-32));
#7363=DIRECTION('center_axis',(0.,-2.22044604925031E-16,-1.));
#7364=DIRECTION('ref_axis',(-1.,2.22044604925031E-16,-6.16297582203915E-32));
#7365=DIRECTION('',(1.,-2.22044604925031E-16,6.31088724176809E-32));
#7366=DIRECTION('',(2.22044604925031E-16,1.,-2.22044604925031E-16));
#7367=DIRECTION('',(1.,-2.22044604925031E-16,6.31088724176809E-32));
#7368=DIRECTION('',(-1.49764460092664E-16,-1.,2.22044604925031E-16));
#7369=DIRECTION('',(-1.49764460092664E-16,-1.,2.22044604925031E-16));
#7370=DIRECTION('',(2.94324749757398E-16,1.,-2.22044604925031E-16));
#7371=DIRECTION('center_axis',(1.,-1.49764460092664E-16,2.66880534765663E-16));
#7372=DIRECTION('ref_axis',(2.66880534765663E-16,-2.22044604925031E-16,
-1.));
#7373=DIRECTION('',(2.66880534765663E-16,-2.22044604925031E-16,-1.));
#7374=DIRECTION('',(2.66880534765663E-16,-2.22044604925031E-16,-1.));
#7375=DIRECTION('center_axis',(1.95921710227969E-16,0.88235294117647,-0.470588235294119));
#7376=DIRECTION('ref_axis',(-2.26956258702985E-16,-0.470588235294119,-0.88235294117647));
#7377=DIRECTION('',(1.95921710227969E-16,0.88235294117647,-0.470588235294119));
#7378=DIRECTION('center_axis',(-2.93882565341953E-17,-0.88235294117647,
0.470588235294119));
#7379=DIRECTION('ref_axis',(-1.0449157878825E-16,-0.470588235294118,-0.88235294117647));
#7380=DIRECTION('',(1.95921710227969E-16,0.88235294117647,-0.470588235294119));
#7381=DIRECTION('center_axis',(-1.95921710227969E-16,-0.88235294117647,
0.470588235294119));
#7382=DIRECTION('ref_axis',(-1.0449157878825E-16,-0.470588235294119,-0.88235294117647));
#7383=DIRECTION('center_axis',(1.,-2.22044604925031E-16,4.93038065763132E-32));
#7384=DIRECTION('ref_axis',(-2.09639667077744E-16,-0.944133126533404,0.32956431751975));
#7385=DIRECTION('center_axis',(-1.,2.22044604925031E-16,-4.93038065763132E-32));
#7386=DIRECTION('ref_axis',(-2.22044604925031E-16,-1.,2.22044604925031E-16));
#7387=DIRECTION('',(1.,-2.22044604925031E-16,6.31088724176809E-32));
#7388=DIRECTION('center_axis',(1.,-2.22044604925031E-16,4.93038065763132E-32));
#7389=DIRECTION('ref_axis',(-2.22044604925031E-16,-1.,2.22044604925031E-16));
#7390=DIRECTION('',(-1.,2.22044604925031E-16,-6.31088724176809E-32));
#7391=DIRECTION('center_axis',(-1.,2.22044604925031E-16,-4.93038065763132E-32));
#7392=DIRECTION('ref_axis',(2.19870717178058E-16,0.990209679952787,-0.139587928302552));
#7393=DIRECTION('center_axis',(1.,-2.22044604925031E-16,4.93038065763132E-32));
#7394=DIRECTION('ref_axis',(-2.22044604925031E-16,-1.,2.22044604925031E-16));
#7395=DIRECTION('',(1.,-2.22044604925031E-16,6.31088724176809E-32));
#7396=DIRECTION('center_axis',(-1.,2.22044604925031E-16,-4.93038065763132E-32));
#7397=DIRECTION('ref_axis',(-2.22044604925031E-16,-1.,2.22044604925031E-16));
#7398=DIRECTION('',(-1.,2.22044604925031E-16,-6.31088724176809E-32));
#7399=DIRECTION('center_axis',(-1.,2.22044604925031E-16,-4.93038065763132E-32));
#7400=DIRECTION('ref_axis',(-2.22044604925031E-16,-1.,2.22044604925031E-16));
#7401=DIRECTION('center_axis',(1.,-2.22044604925031E-16,4.93038065763132E-32));
#7402=DIRECTION('ref_axis',(-2.22044604925031E-16,-1.,2.22044604925031E-16));
#7403=DIRECTION('',(-1.,2.22044604925031E-16,-6.31088724176809E-32));
#7404=DIRECTION('center_axis',(-1.,2.22044604925031E-16,-4.93038065763132E-32));
#7405=DIRECTION('ref_axis',(-2.22044604925031E-16,-1.,2.22044604925031E-16));
#7406=DIRECTION('',(-1.,2.22044604925031E-16,-6.31088724176809E-32));
#7407=DIRECTION('center_axis',(1.41210374687694E-16,0.635954990824348,-0.771726149385651));
#7408=DIRECTION('ref_axis',(1.71357627950652E-16,0.771726149385651,0.635954990824348));
#7409=DIRECTION('',(-1.71357627950652E-16,-0.771726149385651,-0.635954990824348));
#7410=DIRECTION('',(-1.71357627950652E-16,-0.771726149385651,-0.635954990824348));
#7411=DIRECTION('center_axis',(2.17172651014428E-16,0.978058670183643,0.208329637062527));
#7412=DIRECTION('ref_axis',(-4.62584719557239E-17,-0.208329637062527,0.978058670183643));
#7413=DIRECTION('',(4.62584719557239E-17,0.208329637062527,-0.978058670183643));
#7414=DIRECTION('',(4.62584719557239E-17,0.208329637062527,-0.978058670183643));
#7415=DIRECTION('center_axis',(-2.17172651014429E-16,-0.978058670183643,
-0.208329637062526));
#7416=DIRECTION('ref_axis',(4.62584719557238E-17,0.208329637062526,-0.978058670183643));
#7417=DIRECTION('',(-4.62584719557238E-17,-0.208329637062526,0.978058670183643));
#7418=DIRECTION('',(-1.,2.22044604925031E-16,-6.31088724176809E-32));
#7419=DIRECTION('',(-4.62584719557238E-17,-0.208329637062526,0.978058670183643));
#7420=DIRECTION('',(1.,-2.22044604925031E-16,6.31088724176809E-32));
#7421=DIRECTION('center_axis',(-1.41210374687694E-16,-0.635954990824347,
0.771726149385651));
#7422=DIRECTION('ref_axis',(-1.71357627950653E-16,-0.771726149385652,-0.635954990824347));
#7423=DIRECTION('',(1.71357627950653E-16,0.771726149385651,0.635954990824347));
#7424=DIRECTION('',(1.,-2.22044604925031E-16,6.31088724176809E-32));
#7425=DIRECTION('',(1.71357627950653E-16,0.771726149385651,0.635954990824347));
#7426=DIRECTION('',(-1.,2.22044604925031E-16,-6.31088724176809E-32));
#7427=DIRECTION('center_axis',(-1.83878249787601E-16,-0.828114017224978,
0.560559697512682));
#7428=DIRECTION('ref_axis',(-1.24469256571098E-16,-0.560559697512682,-0.828114017224978));
#7429=DIRECTION('',(1.24469256571098E-16,0.560559697512682,0.828114017224978));
#7430=DIRECTION('',(-1.,2.22044604925031E-16,-6.31088724176809E-32));
#7431=DIRECTION('',(1.24469256571098E-16,0.560559697512682,0.828114017224978));
#7432=DIRECTION('center_axis',(-2.22044604925031E-16,-1.,2.22044604925031E-16));
#7433=DIRECTION('ref_axis',(1.,-2.22044604925031E-16,6.16297582203915E-32));
#7434=DIRECTION('',(0.,2.22044604925031E-16,1.));
#7435=DIRECTION('',(-1.,2.22044604925031E-16,-6.31088724176809E-32));
#7436=DIRECTION('',(0.,2.22044604925031E-16,1.));
#7437=DIRECTION('',(-1.,2.22044604925031E-16,-6.31088724176809E-32));
#7438=DIRECTION('center_axis',(7.39557098644699E-32,5.07360966105427E-16,
1.));
#7439=DIRECTION('ref_axis',(-2.22044604925031E-16,-1.,5.07360966105427E-16));
#7440=DIRECTION('',(2.22044604925031E-16,1.,-5.07360966105427E-16));
#7441=DIRECTION('',(-1.,2.22044604925031E-16,-6.31088724176809E-32));
#7442=DIRECTION('',(2.22044604925031E-16,1.,-5.07360966105427E-16));
#7443=DIRECTION('center_axis',(2.22044604925031E-16,1.,-2.22044604925031E-16));
#7444=DIRECTION('ref_axis',(-1.,2.22044604925031E-16,-6.16297582203915E-32));
#7445=DIRECTION('',(0.,-2.22044604925031E-16,-1.));
#7446=DIRECTION('',(0.,-2.22044604925031E-16,-1.));
#7447=DIRECTION('',(-1.,2.22044604925031E-16,-6.31088724176809E-32));
#7448=DIRECTION('center_axis',(-1.83878249787601E-16,-0.828114017224978,
0.560559697512682));
#7449=DIRECTION('ref_axis',(-1.24469256571098E-16,-0.560559697512682,-0.828114017224978));
#7450=DIRECTION('',(-1.,2.22044604925031E-16,-6.31088724176809E-32));
#7451=DIRECTION('',(1.24469256571098E-16,0.560559697512682,0.828114017224978));
#7452=DIRECTION('',(1.24469256571098E-16,0.560559697512682,0.828114017224978));
#7453=DIRECTION('center_axis',(7.39557098644699E-32,5.07360966105427E-16,
1.));
#7454=DIRECTION('ref_axis',(-2.22044604925031E-16,-1.,5.07360966105427E-16));
#7455=DIRECTION('',(-1.,2.22044604925031E-16,-6.31088724176809E-32));
#7456=DIRECTION('',(2.22044604925031E-16,1.,-5.07360966105427E-16));
#7457=DIRECTION('',(2.22044604925031E-16,1.,-5.07360966105427E-16));
#7458=DIRECTION('center_axis',(0.,-2.22044604925031E-16,-1.));
#7459=DIRECTION('ref_axis',(-1.,2.22044604925031E-16,-6.16297582203915E-32));
#7460=DIRECTION('',(2.22044604925031E-16,1.,-2.22044604925031E-16));
#7461=DIRECTION('',(-1.,2.22044604925031E-16,-6.31088724176809E-32));
#7462=DIRECTION('',(2.22044604925031E-16,1.,-2.22044604925031E-16));
#7463=DIRECTION('',(-1.,2.22044604925031E-16,-6.31088724176809E-32));
#7464=DIRECTION('center_axis',(-2.22044604925031E-16,-1.,2.22044604925031E-16));
#7465=DIRECTION('ref_axis',(-1.,2.22044604925031E-16,-6.16297582203915E-32));
#7466=DIRECTION('',(-1.,2.22044604925031E-16,-9.96999423852941E-17));
#7467=DIRECTION('',(-2.47817639425258E-15,-2.22044604925031E-16,-1.));
#7468=DIRECTION('',(1.,-2.22044604925031E-16,1.25100250671404E-16));
#7469=DIRECTION('',(0.,2.22044604925031E-16,1.));
#7470=DIRECTION('center_axis',(-1.,2.22044604925031E-16,-4.93038065763132E-32));
#7471=DIRECTION('ref_axis',(-2.22044604925031E-16,-1.,2.22044604925031E-16));
#7472=DIRECTION('',(2.22044604925031E-16,1.,-2.22044604925031E-16));
#7473=DIRECTION('',(0.,2.22044604925031E-16,1.));
#7474=DIRECTION('',(2.22044604925031E-16,1.,-2.22044604925031E-16));
#7475=DIRECTION('',(0.,2.22044604925031E-16,1.));
#7476=DIRECTION('',(2.22044604925031E-16,1.,-2.22044604925031E-16));
#7477=DIRECTION('center_axis',(-1.25100250671404E-16,2.22044604925031E-16,
1.));
#7478=DIRECTION('ref_axis',(1.,-2.22044604925031E-16,1.25100250671404E-16));
#7479=DIRECTION('',(2.22044604925031E-16,1.,-2.22044604925031E-16));
#7480=DIRECTION('',(1.,-2.22044604925031E-16,1.25100250671404E-16));
#7481=DIRECTION('center_axis',(-2.22044604925031E-16,-1.,2.22044604925031E-16));
#7482=DIRECTION('ref_axis',(-1.,2.22044604925031E-16,-6.16297582203915E-32));
#7483=DIRECTION('',(1.,-2.22044604925031E-16,-1.25100250671404E-16));
#7484=DIRECTION('',(-2.47817639425258E-15,2.22044604925032E-16,1.));
#7485=DIRECTION('',(-1.,2.22044604925031E-16,9.9699942385294E-17));
#7486=DIRECTION('',(0.,-2.22044604925031E-16,-1.));
#7487=DIRECTION('center_axis',(1.25100250671404E-16,2.22044604925031E-16,
1.));
#7488=DIRECTION('ref_axis',(1.,-2.22044604925031E-16,-1.25100250671404E-16));
#7489=DIRECTION('',(2.22044604925031E-16,1.,-2.22044604925031E-16));
#7490=DIRECTION('',(2.22044604925031E-16,1.,-2.22044604925031E-16));
#7491=DIRECTION('',(1.,-2.22044604925031E-16,-1.25100250671404E-16));
#7492=DIRECTION('center_axis',(1.,-2.22044604925031E-16,4.93038065763132E-32));
#7493=DIRECTION('ref_axis',(2.22044604925031E-16,1.,-2.22044604925031E-16));
#7494=DIRECTION('',(2.22044604925031E-16,1.,-2.22044604925031E-16));
#7495=DIRECTION('',(0.,-2.22044604925031E-16,-1.));
#7496=DIRECTION('',(0.,-2.22044604925031E-16,-1.));
#7497=DIRECTION('center_axis',(0.,-2.22044604925031E-16,-1.));
#7498=DIRECTION('ref_axis',(-1.,2.22044604925031E-16,-6.16297582203915E-32));
#7499=DIRECTION('',(-1.,2.22044604925031E-16,-6.31088724176809E-32));
#7500=DIRECTION('',(-2.22044604925031E-16,-1.,2.22044604925031E-16));
#7501=DIRECTION('',(1.,-2.22044604925031E-16,6.31088724176809E-32));
#7502=DIRECTION('',(2.22044604925031E-16,1.,-2.22044604925031E-16));
#7503=DIRECTION('center_axis',(1.,-2.22044604925031E-16,4.93038065763132E-32));
#7504=DIRECTION('ref_axis',(2.22044604925031E-16,1.,-2.22044604925031E-16));
#7505=DIRECTION('',(-2.22044604925031E-16,-1.,2.22044604925031E-16));
#7506=DIRECTION('',(0.,2.22044604925031E-16,1.));
#7507=DIRECTION('',(2.22044604925031E-16,1.,-2.22044604925031E-16));
#7508=DIRECTION('',(0.,2.22044604925031E-16,1.));
#7509=DIRECTION('center_axis',(-1.,2.22044604925031E-16,-4.93038065763132E-32));
#7510=DIRECTION('ref_axis',(-2.22044604925031E-16,-1.,2.22044604925031E-16));
#7511=DIRECTION('',(0.,2.22044604925031E-16,1.));
#7512=DIRECTION('',(-2.22044604925031E-16,-1.,2.22044604925031E-16));
#7513=DIRECTION('',(0.,2.22044604925031E-16,1.));
#7514=DIRECTION('',(2.22044604925031E-16,1.,-2.22044604925031E-16));
#7515=DIRECTION('center_axis',(0.,-2.22044604925031E-16,-1.));
#7516=DIRECTION('ref_axis',(-1.,2.22044604925031E-16,-6.16297582203915E-32));
#7517=DIRECTION('',(-1.,2.22044604925031E-16,-6.31088724176809E-32));
#7518=DIRECTION('',(-2.22044604925031E-16,-1.,2.22044604925031E-16));
#7519=DIRECTION('',(-1.,2.22044604925031E-16,-6.31088724176809E-32));
#7520=DIRECTION('',(1.49764460092664E-16,1.,-2.22044604925031E-16));
#7521=DIRECTION('',(1.49764460092664E-16,1.,-2.22044604925031E-16));
#7522=DIRECTION('',(1.49764460092664E-16,1.,-2.22044604925031E-16));
#7523=DIRECTION('center_axis',(0.,2.22044604925031E-16,1.));
#7524=DIRECTION('ref_axis',(1.,-2.22044604925031E-16,6.16297582203915E-32));
#7525=DIRECTION('',(2.22044604925031E-16,1.,-2.22044604925031E-16));
#7526=DIRECTION('',(-1.,2.22044604925031E-16,-6.31088724176809E-32));
#7527=DIRECTION('',(-1.49764460092664E-16,-1.,2.22044604925031E-16));
#7528=DIRECTION('',(-1.49764460092664E-16,-1.,2.22044604925031E-16));
#7529=DIRECTION('',(2.94324749757398E-16,1.,-2.22044604925031E-16));
#7530=DIRECTION('',(-1.,2.22044604925031E-16,-6.31088724176809E-32));
#7531=DIRECTION('center_axis',(-1.,1.49764460092664E-16,-2.46519032881566E-32));
#7532=DIRECTION('ref_axis',(-1.49764460092664E-16,-1.,2.22044604925031E-16));
#7533=DIRECTION('',(0.,2.22044604925031E-16,1.));
#7534=DIRECTION('',(0.,2.22044604925031E-16,1.));
#7535=DIRECTION('center_axis',(0.,2.22044604925031E-16,1.));
#7536=DIRECTION('ref_axis',(1.,-2.22044604925031E-16,3.85185988877447E-32));
#7537=DIRECTION('center_axis',(1.25100250671404E-16,2.22044604925031E-16,
1.));
#7538=DIRECTION('ref_axis',(-1.,2.22044604925031E-16,1.25100250671404E-16));
#7539=DIRECTION('',(0.,2.22044604925031E-16,1.));
#7540=DIRECTION('center_axis',(0.,-2.22044604925031E-16,-1.));
#7541=DIRECTION('ref_axis',(1.,-2.22044604925031E-16,3.85185988877447E-32));
#7542=DIRECTION('',(0.,-2.22044604925031E-16,-1.));
#7543=DIRECTION('center_axis',(0.,-2.22044604925031E-16,-1.));
#7544=DIRECTION('ref_axis',(-1.,2.22044604925031E-16,-3.85185988877448E-32));
#7545=DIRECTION('center_axis',(0.,-2.22044604925031E-16,-1.));
#7546=DIRECTION('ref_axis',(1.,-2.22044604925031E-16,3.85185988877448E-32));
#7547=DIRECTION('',(0.,-2.22044604925031E-16,-1.));
#7548=DIRECTION('center_axis',(1.25100250671404E-16,2.22044604925031E-16,
1.));
#7549=DIRECTION('ref_axis',(-1.,2.22044604925031E-16,1.25100250671404E-16));
#7550=DIRECTION('',(0.,2.22044604925031E-16,1.));
#7551=DIRECTION('center_axis',(0.,-2.22044604925031E-16,-1.));
#7552=DIRECTION('ref_axis',(-1.,2.22044604925031E-16,-3.85185988877447E-32));
#7553=DIRECTION('center_axis',(0.,-2.22044604925031E-16,-1.));
#7554=DIRECTION('ref_axis',(1.,-2.22044604925031E-16,3.85185988877447E-32));
#7555=DIRECTION('',(0.,-2.22044604925031E-16,-1.));
#7556=DIRECTION('center_axis',(-1.25100250671404E-16,2.22044604925031E-16,
1.));
#7557=DIRECTION('ref_axis',(-1.,2.22044604925031E-16,-1.25100250671404E-16));
#7558=DIRECTION('',(0.,2.22044604925031E-16,1.));
#7559=DIRECTION('center_axis',(0.,2.22044604925031E-16,1.));
#7560=DIRECTION('ref_axis',(1.,-2.22044604925031E-16,3.85185988877448E-32));
#7561=DIRECTION('center_axis',(-1.25100250671404E-16,2.22044604925031E-16,
1.));
#7562=DIRECTION('ref_axis',(-1.,2.22044604925031E-16,-1.25100250671404E-16));
#7563=DIRECTION('',(0.,2.22044604925031E-16,1.));
#7564=DIRECTION('center_axis',(0.,-2.22044604925031E-16,-1.));
#7565=DIRECTION('ref_axis',(1.,-2.22044604925031E-16,3.85185988877448E-32));
#7566=DIRECTION('',(0.,-2.22044604925031E-16,-1.));
#7567=DIRECTION('center_axis',(-1.,2.22044604925031E-16,-4.93038065763132E-32));
#7568=DIRECTION('ref_axis',(2.09639667077745E-16,0.944133126533405,0.329564317519748));
#7569=DIRECTION('center_axis',(1.,-2.22044604925031E-16,4.93038065763132E-32));
#7570=DIRECTION('ref_axis',(-2.22044604925031E-16,-1.,1.98387313521398E-15));
#7571=DIRECTION('',(1.,-2.22044604925031E-16,6.31088724176809E-32));
#7572=DIRECTION('center_axis',(-1.,2.22044604925031E-16,-4.93038065763132E-32));
#7573=DIRECTION('ref_axis',(-2.22044604925031E-16,-1.,2.22044604925031E-16));
#7574=DIRECTION('',(-1.,2.22044604925031E-16,-6.31088724176809E-32));
#7575=DIRECTION('center_axis',(1.,-2.22044604925031E-16,4.93038065763132E-32));
#7576=DIRECTION('ref_axis',(-2.19870717178058E-16,-0.990209679952787,-0.139587928302552));
#7577=DIRECTION('center_axis',(-1.,2.22044604925031E-16,-4.93038065763132E-32));
#7578=DIRECTION('ref_axis',(-2.22044604925031E-16,-1.,2.22044604925031E-16));
#7579=DIRECTION('',(1.,-2.22044604925031E-16,6.31088724176809E-32));
#7580=DIRECTION('center_axis',(1.,-2.22044604925031E-16,4.93038065763132E-32));
#7581=DIRECTION('ref_axis',(-2.22044604925031E-16,-1.,2.22044604925031E-16));
#7582=DIRECTION('',(-1.,2.22044604925031E-16,-6.31088724176809E-32));
#7583=DIRECTION('center_axis',(1.,-2.22044604925031E-16,4.93038065763132E-32));
#7584=DIRECTION('ref_axis',(2.22044604925031E-16,1.,-2.22044604925031E-16));
#7585=DIRECTION('center_axis',(1.,-2.22044604925031E-16,4.93038065763132E-32));
#7586=DIRECTION('ref_axis',(-2.22044604925031E-16,-1.,2.22044604925031E-16));
#7587=DIRECTION('',(1.,-2.22044604925031E-16,6.31088724176809E-32));
#7588=DIRECTION('center_axis',(-1.,2.22044604925031E-16,-4.93038065763132E-32));
#7589=DIRECTION('ref_axis',(-2.22044604925031E-16,-1.,2.22044604925031E-16));
#7590=DIRECTION('',(-1.,2.22044604925031E-16,-6.31088724176809E-32));
#7591=DIRECTION('center_axis',(2.22044604925031E-16,1.,-2.22044604925031E-16));
#7592=DIRECTION('ref_axis',(-1.,2.22044604925031E-16,-6.16297582203915E-32));
#7593=DIRECTION('',(0.,-2.22044604925031E-16,-1.));
#7594=DIRECTION('',(0.,-2.22044604925031E-16,-1.));
#7595=DIRECTION('',(-1.,2.22044604925031E-16,-6.31088724176809E-32));
#7596=DIRECTION('center_axis',(4.93038065763132E-32,6.32717562553645E-17,
-1.));
#7597=DIRECTION('ref_axis',(2.22044604925031E-16,1.,6.32717562553645E-17));
#7598=DIRECTION('',(-1.,2.22044604925031E-16,-6.31088724176809E-32));
#7599=DIRECTION('',(-2.22044604925031E-16,-1.,-6.32717562553645E-17));
#7600=DIRECTION('',(-1.,2.22044604925031E-16,-6.31088724176809E-32));
#7601=DIRECTION('',(-2.22044604925031E-16,-1.,-6.32717562553645E-17));
#7602=DIRECTION('center_axis',(-2.22044604925031E-16,-1.,2.22044604925031E-16));
#7603=DIRECTION('ref_axis',(1.,-2.22044604925031E-16,6.16297582203915E-32));
#7604=DIRECTION('',(0.,2.22044604925031E-16,1.));
#7605=DIRECTION('',(0.,2.22044604925031E-16,1.));
#7606=DIRECTION('',(-1.,2.22044604925031E-16,-6.31088724176809E-32));
#7607=DIRECTION('center_axis',(-1.83878249787601E-16,-0.828114017224978,
-0.560559697512681));
#7608=DIRECTION('ref_axis',(1.24469256571098E-16,0.560559697512682,-0.828114017224978));
#7609=DIRECTION('',(-1.,2.22044604925031E-16,-6.31088724176809E-32));
#7610=DIRECTION('',(-1.24469256571098E-16,-0.560559697512681,0.828114017224978));
#7611=DIRECTION('',(-1.,2.22044604925031E-16,-6.31088724176809E-32));
#7612=DIRECTION('',(-1.24469256571098E-16,-0.560559697512681,0.828114017224978));
#7613=DIRECTION('center_axis',(-1.41210374687694E-16,-0.635954990824347,
-0.771726149385651));
#7614=DIRECTION('ref_axis',(1.71357627950653E-16,0.771726149385651,-0.635954990824347));
#7615=DIRECTION('',(-1.71357627950653E-16,-0.771726149385651,0.635954990824347));
#7616=DIRECTION('',(-1.71357627950653E-16,-0.771726149385651,0.635954990824347));
#7617=DIRECTION('center_axis',(-2.17172651014429E-16,-0.978058670183643,
0.208329637062527));
#7618=DIRECTION('ref_axis',(-4.62584719557238E-17,-0.208329637062527,-0.978058670183643));
#7619=DIRECTION('',(4.62584719557238E-17,0.208329637062526,0.978058670183643));
#7620=DIRECTION('',(4.62584719557238E-17,0.208329637062526,0.978058670183643));
#7621=DIRECTION('center_axis',(2.17172651014428E-16,0.978058670183643,-0.208329637062527));
#7622=DIRECTION('ref_axis',(4.62584719557239E-17,0.208329637062527,0.978058670183643));
#7623=DIRECTION('',(-4.62584719557239E-17,-0.208329637062527,-0.978058670183643));
#7624=DIRECTION('',(-1.,2.22044604925031E-16,-6.31088724176809E-32));
#7625=DIRECTION('',(-4.62584719557239E-17,-0.208329637062527,-0.978058670183643));
#7626=DIRECTION('',(1.,-2.22044604925031E-16,6.31088724176809E-32));
#7627=DIRECTION('center_axis',(1.41210374687694E-16,0.635954990824348,0.77172614938565));
#7628=DIRECTION('ref_axis',(-1.71357627950652E-16,-0.77172614938565,0.635954990824348));
#7629=DIRECTION('',(1.71357627950652E-16,0.77172614938565,-0.635954990824348));
#7630=DIRECTION('',(1.,-2.22044604925031E-16,6.31088724176809E-32));
#7631=DIRECTION('',(1.71357627950652E-16,0.77172614938565,-0.635954990824348));
#7632=DIRECTION('center_axis',(-1.83878249787601E-16,-0.828114017224978,
-0.560559697512681));
#7633=DIRECTION('ref_axis',(1.24469256571098E-16,0.560559697512682,-0.828114017224978));
#7634=DIRECTION('',(-1.24469256571098E-16,-0.560559697512681,0.828114017224978));
#7635=DIRECTION('',(-1.,2.22044604925031E-16,-6.31088724176809E-32));
#7636=DIRECTION('',(-1.24469256571098E-16,-0.560559697512681,0.828114017224978));
#7637=DIRECTION('center_axis',(4.93038065763132E-32,6.32717562553645E-17,
-1.));
#7638=DIRECTION('ref_axis',(2.22044604925031E-16,1.,6.32717562553645E-17));
#7639=DIRECTION('',(-2.22044604925031E-16,-1.,-6.32717562553645E-17));
#7640=DIRECTION('',(-1.,2.22044604925031E-16,-6.31088724176809E-32));
#7641=DIRECTION('',(-2.22044604925031E-16,-1.,-6.32717562553645E-17));
#7642=DIRECTION('center_axis',(0.,2.22044604925031E-16,1.));
#7643=DIRECTION('ref_axis',(1.,-2.22044604925031E-16,6.16297582203915E-32));
#7644=DIRECTION('',(-1.,2.22044604925031E-16,-6.31088724176809E-32));
#7645=DIRECTION('',(-2.22044604925031E-16,-1.,2.22044604925031E-16));
#7646=DIRECTION('',(-1.,2.22044604925031E-16,-6.31088724176809E-32));
#7647=DIRECTION('',(-2.22044604925031E-16,-1.,2.22044604925031E-16));
#7648=DIRECTION('center_axis',(2.22044604925031E-16,1.,-2.22044604925031E-16));
#7649=DIRECTION('ref_axis',(-1.,2.22044604925031E-16,-6.16297582203915E-32));
#7650=DIRECTION('',(1.,-2.22044604925031E-16,1.25100250671404E-16));
#7651=DIRECTION('',(-1.,2.22044604925031E-16,-9.96999423852941E-17));
#7652=DIRECTION('center_axis',(1.25100250671404E-16,-2.22044604925031E-16,
-1.));
#7653=DIRECTION('ref_axis',(-1.,2.22044604925031E-16,-1.25100250671404E-16));
#7654=DIRECTION('',(-2.22044604925031E-16,-1.,2.22044604925031E-16));
#7655=DIRECTION('',(-2.22044604925031E-16,-1.,2.22044604925031E-16));
#7656=DIRECTION('',(1.,-2.22044604925031E-16,1.25100250671404E-16));
#7657=DIRECTION('center_axis',(1.,-2.22044604925031E-16,4.93038065763132E-32));
#7658=DIRECTION('ref_axis',(2.22044604925031E-16,1.,-2.22044604925031E-16));
#7659=DIRECTION('',(-2.22044604925031E-16,-1.,2.22044604925031E-16));
#7660=DIRECTION('',(0.,2.22044604925031E-16,1.));
#7661=DIRECTION('',(-2.22044604925031E-16,-1.,2.22044604925031E-16));
#7662=DIRECTION('',(0.,2.22044604925031E-16,1.));
#7663=DIRECTION('center_axis',(2.22044604925031E-16,1.,-2.22044604925031E-16));
#7664=DIRECTION('ref_axis',(-1.,2.22044604925031E-16,-6.16297582203915E-32));
#7665=DIRECTION('',(-1.,2.22044604925031E-16,9.9699942385294E-17));
#7666=DIRECTION('',(1.,-2.22044604925031E-16,-1.25100250671404E-16));
#7667=DIRECTION('center_axis',(-1.,2.22044604925031E-16,-4.93038065763132E-32));
#7668=DIRECTION('ref_axis',(-2.22044604925031E-16,-1.,2.22044604925031E-16));
#7669=DIRECTION('',(-2.22044604925031E-16,-1.,2.22044604925031E-16));
#7670=DIRECTION('',(-2.22044604925031E-16,-1.,2.22044604925031E-16));
#7671=DIRECTION('',(0.,-2.22044604925031E-16,-1.));
#7672=DIRECTION('',(0.,-2.22044604925031E-16,-1.));
#7673=DIRECTION('center_axis',(-1.25100250671404E-16,-2.22044604925031E-16,
-1.));
#7674=DIRECTION('ref_axis',(-1.,2.22044604925031E-16,1.25100250671404E-16));
#7675=DIRECTION('',(-2.22044604925031E-16,-1.,2.22044604925031E-16));
#7676=DIRECTION('',(1.,-2.22044604925031E-16,-1.25100250671404E-16));
#7677=DIRECTION('center_axis',(0.,-2.22044604925031E-16,-1.));
#7678=DIRECTION('ref_axis',(-1.,2.22044604925031E-16,-6.16297582203915E-32));
#7679=DIRECTION('',(9.92004832188219E-17,-1.,2.22044604925031E-16));
#7680=DIRECTION('',(1.,-2.22044604925031E-16,6.31088724176809E-32));
#7681=DIRECTION('',(2.22044604925031E-16,1.,-2.22044604925031E-16));
#7682=DIRECTION('',(0.678934817892317,0.734198551519632,-1.63024827308707E-16));
#7683=DIRECTION('',(1.,-2.22044604925031E-16,6.31088724176809E-32));
#7684=DIRECTION('center_axis',(-1.,2.22044604925031E-16,-4.93038065763132E-32));
#7685=DIRECTION('ref_axis',(-2.22044604925031E-16,-1.,2.22044604925031E-16));
#7686=DIRECTION('',(2.22044604925031E-16,1.,-2.22044604925031E-16));
#7687=DIRECTION('',(0.,-2.22044604925031E-16,-1.));
#7688=DIRECTION('',(0.,-2.22044604925031E-16,-1.));
#7689=DIRECTION('center_axis',(-0.734198551519633,0.678934817892317,-1.50753813408748E-16));
#7690=DIRECTION('ref_axis',(-0.678934817892317,-0.734198551519633,1.63024827308707E-16));
#7691=DIRECTION('',(0.678934817892317,0.734198551519632,-1.63024827308707E-16));
#7692=DIRECTION('',(0.,-2.22044604925031E-16,-1.));
#7693=DIRECTION('center_axis',(2.22044604925031E-16,1.,-2.22044604925031E-16));
#7694=DIRECTION('ref_axis',(-1.,2.22044604925031E-16,-6.16297582203915E-32));
#7695=DIRECTION('',(1.,-2.22044604925031E-16,6.31088724176809E-32));
#7696=DIRECTION('',(0.,-2.22044604925031E-16,-1.));
#7697=DIRECTION('center_axis',(0.,-2.22044604925031E-16,-1.));
#7698=DIRECTION('ref_axis',(-1.,2.22044604925031E-16,-6.16297582203915E-32));
#7699=DIRECTION('',(-0.678934817892317,0.734198551519633,-1.63024827308707E-16));
#7700=DIRECTION('',(2.22044604925031E-16,1.,-2.22044604925031E-16));
#7701=DIRECTION('',(1.,-2.22044604925031E-16,6.31088724176809E-32));
#7702=DIRECTION('',(-2.22044604925031E-16,-1.,2.22044604925031E-16));
#7703=DIRECTION('',(-1.,2.22044604925031E-16,-6.31088724176809E-32));
#7704=DIRECTION('center_axis',(-1.,2.22044604925031E-16,-4.93038065763132E-32));
#7705=DIRECTION('ref_axis',(-2.22044604925031E-16,-1.,2.22044604925031E-16));
#7706=DIRECTION('',(2.22044604925031E-16,1.,-2.22044604925031E-16));
#7707=DIRECTION('',(0.,-2.22044604925031E-16,-1.));
#7708=DIRECTION('',(0.,-2.22044604925031E-16,-1.));
#7709=DIRECTION('center_axis',(-2.22044604925031E-16,-1.,2.22044604925031E-16));
#7710=DIRECTION('ref_axis',(1.,-2.22044604925031E-16,6.16297582203915E-32));
#7711=DIRECTION('',(-1.,2.22044604925031E-16,-6.31088724176809E-32));
#7712=DIRECTION('',(0.,-2.22044604925031E-16,-1.));
#7713=DIRECTION('',(0.,-2.22044604925031E-16,-1.));
#7714=DIRECTION('center_axis',(-0.734198551519633,-0.678934817892317,1.50753813408748E-16));
#7715=DIRECTION('ref_axis',(0.678934817892317,-0.734198551519633,1.63024827308707E-16));
#7716=DIRECTION('',(-0.678934817892317,0.734198551519633,-1.63024827308707E-16));
#7717=DIRECTION('center_axis',(-1.,2.22044604925031E-16,-4.93038065763132E-32));
#7718=DIRECTION('ref_axis',(-2.22044604925031E-16,-1.,2.22044604925031E-16));
#7719=DIRECTION('',(2.22044604925031E-16,1.,-2.22044604925031E-16));
#7720=DIRECTION('',(0.,-2.22044604925031E-16,-1.));
#7721=DIRECTION('',(2.22044604925031E-16,1.,-2.22044604925031E-16));
#7722=DIRECTION('',(0.,-2.22044604925031E-16,-1.));
#7723=DIRECTION('center_axis',(2.22044604925031E-16,1.,-2.22044604925031E-16));
#7724=DIRECTION('ref_axis',(-1.,2.22044604925031E-16,-6.16297582203915E-32));
#7725=DIRECTION('',(1.,-2.22044604925031E-16,6.31088724176809E-32));
#7726=DIRECTION('',(0.,-2.22044604925031E-16,-1.));
#7727=DIRECTION('',(1.,-2.22044604925031E-16,6.31088724176809E-32));
#7728=DIRECTION('center_axis',(1.,-2.22044604925031E-16,4.93038065763132E-32));
#7729=DIRECTION('ref_axis',(2.22044604925031E-16,1.,-2.22044604925031E-16));
#7730=DIRECTION('',(-2.22044604925031E-16,-1.,2.22044604925031E-16));
#7731=DIRECTION('',(0.,-2.22044604925031E-16,-1.));
#7732=DIRECTION('',(-2.22044604925031E-16,-1.,2.22044604925031E-16));
#7733=DIRECTION('center_axis',(1.,-2.22044604925031E-16,4.93038065763132E-32));
#7734=DIRECTION('ref_axis',(2.22044604925031E-16,1.,-2.22044604925031E-16));
#7735=DIRECTION('',(-2.22044604925031E-16,-1.,2.22044604925031E-16));
#7736=DIRECTION('',(0.,-2.22044604925031E-16,-1.));
#7737=DIRECTION('',(-2.22044604925031E-16,-1.,2.22044604925031E-16));
#7738=DIRECTION('',(0.,-2.22044604925031E-16,-1.));
#7739=DIRECTION('center_axis',(-1.,2.22044604925031E-16,-4.93038065763132E-32));
#7740=DIRECTION('ref_axis',(-2.22044604925031E-16,-1.,2.22044604925031E-16));
#7741=DIRECTION('',(2.22044604925031E-16,1.,-2.22044604925031E-16));
#7742=DIRECTION('',(0.,-2.22044604925031E-16,-1.));
#7743=DIRECTION('',(2.22044604925031E-16,1.,-2.22044604925031E-16));
#7744=DIRECTION('',(0.,-2.22044604925031E-16,-1.));
#7745=DIRECTION('center_axis',(2.22044604925031E-16,1.,-2.22044604925031E-16));
#7746=DIRECTION('ref_axis',(-1.,2.22044604925031E-16,-6.16297582203915E-32));
#7747=DIRECTION('',(1.,-2.22044604925031E-16,6.31088724176809E-32));
#7748=DIRECTION('',(1.,-2.22044604925031E-16,6.31088724176809E-32));
#7749=DIRECTION('center_axis',(0.,-2.22044604925031E-16,-1.));
#7750=DIRECTION('ref_axis',(-1.,2.22044604925031E-16,-6.16297582203915E-32));
#7751=DIRECTION('',(2.22044604925031E-16,1.,-2.22044604925031E-16));
#7752=DIRECTION('',(-1.,2.22044604925031E-16,-6.31088724176809E-32));
#7753=DIRECTION('',(-2.22044604925031E-16,-1.,2.22044604925031E-16));
#7754=DIRECTION('',(-0.678934817892317,-0.734198551519632,1.63024827308707E-16));
#7755=DIRECTION('',(-1.,2.22044604925031E-16,-6.31088724176809E-32));
#7756=DIRECTION('center_axis',(1.,-2.22044604925031E-16,4.93038065763132E-32));
#7757=DIRECTION('ref_axis',(2.22044604925031E-16,1.,-2.22044604925031E-16));
#7758=DIRECTION('',(-2.22044604925031E-16,-1.,2.22044604925031E-16));
#7759=DIRECTION('',(0.,-2.22044604925031E-16,-1.));
#7760=DIRECTION('',(0.,-2.22044604925031E-16,-1.));
#7761=DIRECTION('center_axis',(0.734198551519633,-0.678934817892317,1.50753813408748E-16));
#7762=DIRECTION('ref_axis',(0.678934817892317,0.734198551519633,-1.63024827308707E-16));
#7763=DIRECTION('',(-0.678934817892317,-0.734198551519632,1.63024827308707E-16));
#7764=DIRECTION('',(0.,-2.22044604925031E-16,-1.));
#7765=DIRECTION('center_axis',(-2.22044604925031E-16,-1.,2.22044604925031E-16));
#7766=DIRECTION('ref_axis',(1.,-2.22044604925031E-16,6.16297582203915E-32));
#7767=DIRECTION('',(-1.,2.22044604925031E-16,-6.31088724176809E-32));
#7768=DIRECTION('',(0.,-2.22044604925031E-16,-1.));
#7769=DIRECTION('center_axis',(0.,-2.22044604925031E-16,-1.));
#7770=DIRECTION('ref_axis',(-1.,2.22044604925031E-16,-6.16297582203915E-32));
#7771=DIRECTION('',(0.678934817892317,-0.734198551519633,1.63024827308707E-16));
#7772=DIRECTION('',(-2.22044604925031E-16,-1.,2.22044604925031E-16));
#7773=DIRECTION('',(-1.,2.22044604925031E-16,-6.31088724176809E-32));
#7774=DIRECTION('',(2.22044604925031E-16,1.,-2.22044604925031E-16));
#7775=DIRECTION('',(1.,-2.22044604925031E-16,6.31088724176809E-32));
#7776=DIRECTION('center_axis',(1.,-2.22044604925031E-16,4.93038065763132E-32));
#7777=DIRECTION('ref_axis',(2.22044604925031E-16,1.,-2.22044604925031E-16));
#7778=DIRECTION('',(-2.22044604925031E-16,-1.,2.22044604925031E-16));
#7779=DIRECTION('',(0.,-2.22044604925031E-16,-1.));
#7780=DIRECTION('',(0.,-2.22044604925031E-16,-1.));
#7781=DIRECTION('center_axis',(2.22044604925031E-16,1.,-2.22044604925031E-16));
#7782=DIRECTION('ref_axis',(-1.,2.22044604925031E-16,-6.16297582203915E-32));
#7783=DIRECTION('',(1.,-2.22044604925031E-16,6.31088724176809E-32));
#7784=DIRECTION('',(0.,-2.22044604925031E-16,-1.));
#7785=DIRECTION('',(0.,-2.22044604925031E-16,-1.));
#7786=DIRECTION('center_axis',(0.734198551519633,0.678934817892317,-1.50753813408748E-16));
#7787=DIRECTION('ref_axis',(-0.678934817892317,0.734198551519633,-1.63024827308707E-16));
#7788=DIRECTION('',(0.678934817892317,-0.734198551519633,1.63024827308707E-16));
#7789=DIRECTION('center_axis',(0.,-2.22044604925031E-16,-1.));
#7790=DIRECTION('ref_axis',(-1.,2.22044604925031E-16,-6.16297582203915E-32));
#7791=DIRECTION('',(-1.,2.22044604925031E-16,-6.31088724176809E-32));
#7792=DIRECTION('',(-2.22044604925031E-16,-1.,2.22044604925031E-16));
#7793=DIRECTION('',(1.,-2.22044604925031E-16,6.31088724176809E-32));
#7794=DIRECTION('',(2.22044604925031E-16,1.,-2.22044604925031E-16));
#7795=DIRECTION('center_axis',(0.,2.22044604925031E-16,1.));
#7796=DIRECTION('ref_axis',(1.,-2.22044604925031E-16,6.16297582203915E-32));
#7797=DIRECTION('',(2.22044604925031E-16,1.,-2.22044604925031E-16));
#7798=DIRECTION('',(1.,-2.22044604925031E-16,6.31088724176809E-32));
#7799=DIRECTION('center_axis',(1.,-2.22044604925031E-16,4.93038065763132E-32));
#7800=DIRECTION('ref_axis',(2.22044604925031E-16,1.,-2.22044604925031E-16));
#7801=DIRECTION('',(-2.22044604925031E-16,-1.,2.22044604925031E-16));
#7802=DIRECTION('',(0.,2.22044604925031E-16,1.));
#7803=DIRECTION('',(2.22044604925031E-16,1.,-2.22044604925031E-16));
#7804=DIRECTION('',(0.,2.22044604925031E-16,1.));
#7805=DIRECTION('center_axis',(-1.,2.22044604925031E-16,-4.93038065763132E-32));
#7806=DIRECTION('ref_axis',(-2.22044604925031E-16,-1.,2.22044604925031E-16));
#7807=DIRECTION('',(0.,2.22044604925031E-16,1.));
#7808=DIRECTION('',(-2.22044604925031E-16,-1.,2.22044604925031E-16));
#7809=DIRECTION('',(0.,2.22044604925031E-16,1.));
#7810=DIRECTION('center_axis',(-1.,2.22044604925031E-16,-4.93038065763132E-32));
#7811=DIRECTION('ref_axis',(-2.22044604925031E-16,-1.,2.22044604925031E-16));
#7812=DIRECTION('',(0.,2.22044604925031E-16,1.));
#7813=DIRECTION('',(2.22044604925031E-16,1.,-2.22044604925031E-16));
#7814=DIRECTION('',(0.,-2.22044604925031E-16,-1.));
#7815=DIRECTION('',(-2.22044604925031E-16,-1.,2.22044604925031E-16));
#7816=DIRECTION('',(2.22044604925031E-16,1.,-2.22044604925031E-16));
#7817=DIRECTION('',(0.,-2.22044604925031E-16,-1.));
#7818=DIRECTION('center_axis',(1.,-2.22044604925031E-16,4.93038065763132E-32));
#7819=DIRECTION('ref_axis',(2.22044604925031E-16,1.,-2.22044604925031E-16));
#7820=DIRECTION('',(-2.22044604925031E-16,-1.,2.22044604925031E-16));
#7821=DIRECTION('',(0.,2.22044604925031E-16,1.));
#7822=DIRECTION('',(0.,-2.22044604925031E-16,-1.));
#7823=DIRECTION('',(-2.22044604925031E-16,-1.,2.22044604925031E-16));
#7824=DIRECTION('',(-2.22044604925031E-16,-1.,2.22044604925031E-16));
#7825=DIRECTION('',(0.,-2.22044604925031E-16,-1.));
#7826=DIRECTION('center_axis',(1.,-2.22044604925031E-16,4.93038065763132E-32));
#7827=DIRECTION('ref_axis',(2.22044604925031E-16,1.,-2.22044604925031E-16));
#7828=DIRECTION('',(0.,2.22044604925031E-16,1.));
#7829=DIRECTION('',(-2.22044604925031E-16,-1.,2.22044604925031E-16));
#7830=DIRECTION('',(0.,-2.22044604925031E-16,-1.));
#7831=DIRECTION('',(2.22044604925031E-16,1.,-2.22044604925031E-16));
#7832=DIRECTION('',(-2.22044604925031E-16,-1.,2.22044604925031E-16));
#7833=DIRECTION('',(0.,-2.22044604925031E-16,-1.));
#7834=DIRECTION('center_axis',(-1.,2.22044604925031E-16,-4.93038065763132E-32));
#7835=DIRECTION('ref_axis',(-2.22044604925031E-16,-1.,2.22044604925031E-16));
#7836=DIRECTION('',(2.22044604925031E-16,1.,-2.22044604925031E-16));
#7837=DIRECTION('',(0.,2.22044604925031E-16,1.));
#7838=DIRECTION('',(0.,-2.22044604925031E-16,-1.));
#7839=DIRECTION('',(2.22044604925031E-16,1.,-2.22044604925031E-16));
#7840=DIRECTION('',(2.22044604925031E-16,1.,-2.22044604925031E-16));
#7841=DIRECTION('',(0.,-2.22044604925031E-16,-1.));
#7842=DIRECTION('center_axis',(0.,-2.22044604925031E-16,-1.));
#7843=DIRECTION('ref_axis',(1.,-9.9579925010296E-17,1.05460946758945E-32));
#7844=DIRECTION('center_axis',(0.,2.22044604925031E-16,1.));
#7845=DIRECTION('ref_axis',(1.,-2.22044604925031E-16,6.08688970077941E-32));
#7846=DIRECTION('center_axis',(0.,2.22044604925031E-16,1.));
#7847=DIRECTION('ref_axis',(1.,-2.22044604925031E-16,6.08688970077941E-32));
#7848=DIRECTION('center_axis',(-1.,2.22044604925031E-16,-4.93038065763132E-32));
#7849=DIRECTION('ref_axis',(-2.22044604925031E-16,-1.,2.22044604925031E-16));
#7850=DIRECTION('',(2.22044604925031E-16,1.,-2.22044604925031E-16));
#7851=DIRECTION('',(2.22044604925031E-16,1.,-2.22044604925031E-16));
#7852=DIRECTION('center_axis',(1.,-2.22044604925031E-16,4.93038065763132E-32));
#7853=DIRECTION('ref_axis',(2.22044604925031E-16,1.,-2.22044604925031E-16));
#7854=DIRECTION('',(-2.22044604925031E-16,-1.,2.22044604925031E-16));
#7855=DIRECTION('',(-2.22044604925031E-16,-1.,2.22044604925031E-16));
#7856=DIRECTION('center_axis',(0.,2.22044604925031E-16,1.));
#7857=DIRECTION('ref_axis',(1.,-2.22044604925031E-16,6.16297582203915E-32));
#7858=DIRECTION('',(-1.,2.22044604925031E-16,-6.31088724176809E-32));
#7859=DIRECTION('',(2.22044604925031E-16,1.,-2.22044604925031E-16));
#7860=DIRECTION('center_axis',(0.,2.22044604925031E-16,1.));
#7861=DIRECTION('ref_axis',(1.,-2.22044604925031E-16,6.16297582203915E-32));
#7862=DIRECTION('',(2.22044604925031E-16,1.,-2.22044604925031E-16));
#7863=DIRECTION('',(1.,-2.22044604925031E-16,6.31088724176809E-32));
#7864=DIRECTION('center_axis',(1.,-2.22044604925031E-16,4.93038065763132E-32));
#7865=DIRECTION('ref_axis',(2.22044604925031E-16,1.,-2.22044604925031E-16));
#7866=DIRECTION('',(0.,2.22044604925031E-16,1.));
#7867=DIRECTION('',(0.,2.22044604925031E-16,1.));
#7868=DIRECTION('center_axis',(0.,2.22044604925031E-16,1.));
#7869=DIRECTION('ref_axis',(1.,-2.22044604925031E-16,6.16297582203915E-32));
#7870=DIRECTION('center_axis',(0.,2.22044604925031E-16,1.));
#7871=DIRECTION('ref_axis',(1.,-2.22044604925031E-16,6.08688970077941E-32));
#7872=DIRECTION('',(1.,-2.22044604925031E-16,6.31088724176809E-32));
#7873=DIRECTION('',(2.22044604925031E-16,1.,-2.22044604925031E-16));
#7874=DIRECTION('center_axis',(0.,2.22044604925031E-16,1.));
#7875=DIRECTION('ref_axis',(1.,-2.22044604925031E-16,6.16297582203915E-32));
#7876=DIRECTION('',(2.22044604925031E-16,1.,-2.22044604925031E-16));
#7877=DIRECTION('',(-1.,2.22044604925031E-16,-6.31088724176809E-32));
#7878=DIRECTION('center_axis',(1.,-2.22044604925031E-16,4.93038065763132E-32));
#7879=DIRECTION('ref_axis',(2.22044604925031E-16,1.,-2.22044604925031E-16));
#7880=DIRECTION('',(0.,2.22044604925031E-16,1.));
#7881=DIRECTION('',(0.,2.22044604925031E-16,1.));
#7882=DIRECTION('center_axis',(0.,2.22044604925031E-16,1.));
#7883=DIRECTION('ref_axis',(-1.,3.44509284839767E-16,-6.41704764011728E-32));
#7884=DIRECTION('center_axis',(0.,2.22044604925031E-16,1.));
#7885=DIRECTION('ref_axis',(1.,-2.22044604925031E-16,6.16297582203915E-32));
#7886=DIRECTION('',(0.,2.22044604925031E-16,1.));
#7887=DIRECTION('',(0.,2.22044604925031E-16,1.));
#7888=DIRECTION('',(0.,2.22044604925031E-16,1.));
#7889=DIRECTION('center_axis',(2.22044604925031E-16,1.,-2.22044604925031E-16));
#7890=DIRECTION('ref_axis',(-1.,2.22044604925031E-16,-6.16297582203915E-32));
#7891=DIRECTION('',(0.,2.01858731750028E-16,1.));
#7892=DIRECTION('',(0.,2.22044604925031E-16,1.));
#7893=DIRECTION('center_axis',(0.,2.22044604925031E-16,1.));
#7894=DIRECTION('ref_axis',(1.,-2.22044604925031E-16,6.16297582203915E-32));
#7895=DIRECTION('center_axis',(0.,2.22044604925031E-16,1.));
#7896=DIRECTION('ref_axis',(1.,-2.22044604925031E-16,4.1086505480261E-32));
#7897=DIRECTION('center_axis',(0.,2.22044604925031E-16,1.));
#7898=DIRECTION('ref_axis',(1.,-2.22044604925031E-16,3.52170046973666E-32));
#7899=DIRECTION('',(-1.92296268638357E-16,-0.86602540378444,-0.499999999999998));
#7900=DIRECTION('center_axis',(6.06233838089086E-15,-1.99840144432529E-15,
1.));
#7901=DIRECTION('ref_axis',(3.70859327412981E-16,-1.,-2.1081259728481E-15));
#7902=DIRECTION('center_axis',(-1.01496906705579E-15,6.42088389943381E-16,
1.));
#7903=DIRECTION('ref_axis',(-0.382683424640121,0.923879535711074,-9.81865992429654E-16));
#7904=DIRECTION('',(1.92296268638357E-16,0.866025403784439,-0.499999999999999));
#7905=DIRECTION('center_axis',(-1.,2.22044604925031E-16,-4.93038065763132E-32));
#7906=DIRECTION('ref_axis',(-2.22044604925031E-16,-1.,2.22044604925031E-16));
#7907=DIRECTION('',(0.,2.22044604925031E-16,1.));
#7908=DIRECTION('center_axis',(0.,2.22044604925031E-16,1.));
#7909=DIRECTION('ref_axis',(0.382683440726529,0.923879529047865,-2.05142465025757E-16));
#7910=DIRECTION('center_axis',(0.,2.22044604925031E-16,1.));
#7911=DIRECTION('ref_axis',(1.,-2.22044604925031E-16,3.62527989531715E-32));
#7912=DIRECTION('center_axis',(0.,2.22044604925031E-16,1.));
#7913=DIRECTION('ref_axis',(1.,-2.22044604925031E-16,6.16297582203915E-32));
#7914=DIRECTION('center_axis',(0.,2.22044604925031E-16,1.));
#7915=DIRECTION('ref_axis',(1.,-2.22044604925031E-16,3.52170046973666E-32));
#7916=DIRECTION('center_axis',(0.,2.22044604925031E-16,1.));
#7917=DIRECTION('ref_axis',(1.,-2.22044604925031E-16,6.16297582203915E-32));
#7918=DIRECTION('center_axis',(0.,2.22044604925031E-16,1.));
#7919=DIRECTION('ref_axis',(1.,-2.22044604925031E-16,6.16297582203915E-32));
#7920=DIRECTION('',(2.22044604925031E-16,1.,-2.22044604925031E-16));
#7921=DIRECTION('',(1.,-2.22044604925031E-16,6.31088724176809E-32));
#7922=DIRECTION('',(2.22044604925031E-16,1.,-2.22044604925031E-16));
#7923=DIRECTION('',(2.22044604925031E-16,1.,-2.22044604925031E-16));
#7924=DIRECTION('',(1.,-2.22044604925031E-16,6.31088724176809E-32));
#7925=DIRECTION('',(2.22044604925031E-16,1.,-2.22044604925031E-16));
#7926=DIRECTION('center_axis',(0.,2.22044604925031E-16,1.));
#7927=DIRECTION('ref_axis',(1.,-2.22044604925031E-16,3.62527989531715E-32));
#7928=DIRECTION('center_axis',(1.,-2.94324749757398E-16,2.66880534765663E-16));
#7929=DIRECTION('ref_axis',(2.66880534765663E-16,-2.22044604925031E-16,
-1.));
#7930=DIRECTION('',(2.66880534765663E-16,-2.22044604925031E-16,-1.));
#7931=DIRECTION('',(2.66880534765663E-16,-2.22044604925031E-16,-1.));
#7932=DIRECTION('',(-2.94324749757398E-16,-1.,2.22044604925031E-16));
#7933=DIRECTION('center_axis',(-1.,2.94324749757398E-16,-7.39557098644699E-32));
#7934=DIRECTION('ref_axis',(2.94324749757398E-16,1.,-2.22044604925031E-16));
#7935=DIRECTION('',(0.,2.22044604925031E-16,1.));
#7936=DIRECTION('',(0.,2.22044604925031E-16,1.));
#7937=DIRECTION('',(-2.94324749757398E-16,-1.,2.22044604925031E-16));
#7938=DIRECTION('center_axis',(1.,-1.49764460092664E-16,2.66880534765663E-16));
#7939=DIRECTION('ref_axis',(2.66880534765663E-16,-2.22044604925031E-16,
-1.));
#7940=DIRECTION('',(2.66880534765663E-16,-2.22044604925031E-16,-1.));
#7941=DIRECTION('',(2.66880534765663E-16,-2.22044604925031E-16,-1.));
#7942=DIRECTION('',(-1.49764460092664E-16,-1.,2.22044604925031E-16));
#7943=DIRECTION('center_axis',(-1.,1.49764460092664E-16,-2.46519032881566E-32));
#7944=DIRECTION('ref_axis',(-1.49764460092664E-16,-1.,2.22044604925031E-16));
#7945=DIRECTION('',(0.,2.22044604925031E-16,1.));
#7946=DIRECTION('',(0.,2.22044604925031E-16,1.));
#7947=DIRECTION('',(1.49764460092664E-16,1.,-2.22044604925031E-16));
#7948=DIRECTION('center_axis',(-1.,2.22044604925031E-16,-4.93038065763132E-32));
#7949=DIRECTION('ref_axis',(-2.22044604925031E-16,-1.,2.22044604925031E-16));
#7950=DIRECTION('',(2.22044604925031E-16,1.,-2.22044604925031E-16));
#7951=DIRECTION('center_axis',(7.74843152602974E-17,1.,-2.22044604925031E-16));
#7952=DIRECTION('ref_axis',(-1.,7.74843152602974E-17,-3.08148791101958E-32));
#7953=DIRECTION('',(1.,-7.74843152602974E-17,3.15544362088405E-32));
#7954=DIRECTION('center_axis',(1.,-2.22044604925031E-16,4.93038065763132E-32));
#7955=DIRECTION('ref_axis',(2.22044604925031E-16,1.,-2.22044604925031E-16));
#7956=DIRECTION('',(-2.22044604925031E-16,-1.,2.22044604925031E-16));
#7957=DIRECTION('center_axis',(-1.49764460092664E-16,-1.,2.22044604925031E-16));
#7958=DIRECTION('ref_axis',(1.,-1.49764460092664E-16,3.08148791101958E-32));
#7959=DIRECTION('',(-1.,1.49764460092664E-16,-3.15544362088405E-32));
#7960=DIRECTION('center_axis',(-1.49764460092664E-16,-1.,2.22044604925031E-16));
#7961=DIRECTION('ref_axis',(1.,-1.49764460092664E-16,3.08148791101958E-32));
#7962=DIRECTION('',(-1.,1.49764460092664E-16,-3.15544362088405E-32));
#7963=DIRECTION('center_axis',(7.74843152602974E-17,1.,-2.22044604925031E-16));
#7964=DIRECTION('ref_axis',(-1.,7.74843152602974E-17,-3.08148791101958E-32));
#7965=DIRECTION('',(1.,-7.74843152602974E-17,3.15544362088405E-32));
#7966=DIRECTION('center_axis',(0.,-2.22044604925031E-16,-1.));
#7967=DIRECTION('ref_axis',(-1.,2.22044604925031E-16,-6.16297582203915E-32));
#7968=DIRECTION('',(-1.,2.22044604925031E-16,-6.31088724176809E-32));
#7969=DIRECTION('',(1.,-2.22044604925031E-16,6.31088724176809E-32));
#7970=DIRECTION('',(-1.,2.22044604925031E-16,-6.31088724176809E-32));
#7971=DIRECTION('',(1.49764460092664E-16,1.,-2.22044604925031E-16));
#7972=DIRECTION('',(-1.,1.49764460092664E-16,-3.15544362088405E-32));
#7973=DIRECTION('',(-2.22044604925031E-16,-1.,2.22044604925031E-16));
#7974=DIRECTION('',(1.,-7.74843152602974E-17,3.15544362088405E-32));
#7975=DIRECTION('',(2.94324749757398E-16,1.,-2.22044604925031E-16));
#7976=DIRECTION('',(1.,-2.22044604925031E-16,6.31088724176809E-32));
#7977=DIRECTION('',(1.,-2.22044604925031E-16,6.31088724176809E-32));
#7978=DIRECTION('',(1.,-2.22044604925031E-16,6.31088724176809E-32));
#7979=DIRECTION('center_axis',(0.,2.22044604925031E-16,1.));
#7980=DIRECTION('ref_axis',(1.,-2.22044604925031E-16,6.16297582203915E-32));
#7981=DIRECTION('',(-1.,2.22044604925031E-16,-6.31088724176809E-32));
#7982=DIRECTION('',(-1.,2.22044604925031E-16,-6.31088724176809E-32));
#7983=DIRECTION('',(1.49764460092664E-16,1.,-2.22044604925031E-16));
#7984=DIRECTION('',(-1.,1.49764460092664E-16,-3.15544362088405E-32));
#7985=DIRECTION('',(2.22044604925031E-16,1.,-2.22044604925031E-16));
#7986=DIRECTION('',(1.,-7.74843152602974E-17,3.15544362088405E-32));
#7987=DIRECTION('',(-2.94324749757398E-16,-1.,2.22044604925031E-16));
#7988=DIRECTION('',(-1.,2.22044604925031E-16,-6.31088724176809E-32));
#7989=DIRECTION('',(-1.,2.22044604925031E-16,-6.31088724176809E-32));
#7990=DIRECTION('center_axis',(2.22044604925031E-16,1.,-2.22044604925031E-16));
#7991=DIRECTION('ref_axis',(-1.,2.22044604925031E-16,-6.16297582203915E-32));
#7992=DIRECTION('',(1.,-2.22044604925031E-16,6.31088724176809E-32));
#7993=DIRECTION('',(-1.,2.22044604925031E-16,-6.31088724176809E-32));
#7994=DIRECTION('center_axis',(0.,2.22044604925031E-16,1.));
#7995=DIRECTION('ref_axis',(1.,-2.22044604925031E-16,6.16297582203915E-32));
#7996=DIRECTION('',(1.,-2.22044604925031E-16,6.31088724176809E-32));
#7997=DIRECTION('center_axis',(0.,2.22044604925031E-16,1.));
#7998=DIRECTION('ref_axis',(1.,-2.22044604925031E-16,6.16297582203915E-32));
#7999=DIRECTION('',(-2.22044604925031E-16,-1.,2.22044604925031E-16));
#8000=DIRECTION('',(-1.,2.22044604925031E-16,-6.31088724176809E-32));
#8001=DIRECTION('center_axis',(0.,-2.22044604925031E-16,-1.));
#8002=DIRECTION('ref_axis',(-1.,2.22044604925031E-16,-6.16297582203915E-32));
#8003=DIRECTION('',(-1.,2.22044604925031E-16,-6.31088724176809E-32));
#8004=DIRECTION('',(2.22044604925031E-16,1.,-2.22044604925031E-16));
#8005=DIRECTION('',(2.22044604925031E-16,1.,-2.22044604925031E-16));
#8006=DIRECTION('',(-1.,2.22044604925031E-16,-6.31088724176809E-32));
#8007=DIRECTION('center_axis',(2.22044604925031E-16,1.,-2.22044604925031E-16));
#8008=DIRECTION('ref_axis',(1.,-2.22044604925031E-16,6.16297582203915E-32));
#8009=DIRECTION('',(0.,2.22044604925031E-16,1.));
#8010=DIRECTION('',(0.,2.22044604925031E-16,1.));
#8011=DIRECTION('',(0.,2.22044604925031E-16,1.));
#8012=DIRECTION('',(2.66880534765663E-16,-2.22044604925031E-16,-1.));
#8013=DIRECTION('',(1.,-2.22044604925031E-16,6.31088724176809E-32));
#8014=DIRECTION('center_axis',(-1.,2.22044604925031E-16,-4.93038065763132E-32));
#8015=DIRECTION('ref_axis',(-2.22044604925031E-16,-1.,2.22044604925031E-16));
#8016=DIRECTION('',(-1.0449157878825E-16,-0.470588235294118,0.88235294117647));
#8017=DIRECTION('',(-1.95921710227969E-16,-0.88235294117647,-0.470588235294118));
#8018=DIRECTION('',(1.0449157878825E-16,0.470588235294118,-0.88235294117647));
#8019=DIRECTION('center_axis',(-1.,2.22044604925031E-16,-4.93038065763132E-32));
#8020=DIRECTION('ref_axis',(-2.22044604925031E-16,-1.,2.22044604925031E-16));
#8021=DIRECTION('center_axis',(1.,-2.22044604925031E-16,4.93038065763132E-32));
#8022=DIRECTION('ref_axis',(-2.22044604925031E-16,-1.,2.00323388829408E-15));
#8023=DIRECTION('center_axis',(-1.,2.22044604925031E-16,-4.93038065763132E-32));
#8024=DIRECTION('ref_axis',(-2.22044604925031E-16,-1.,2.22044604925031E-16));
#8025=DIRECTION('center_axis',(-1.,2.22044604925031E-16,-4.93038065763132E-32));
#8026=DIRECTION('ref_axis',(-2.22044604925031E-16,-1.,2.22044604925031E-16));
#8027=DIRECTION('center_axis',(1.,-2.22044604925031E-16,4.93038065763132E-32));
#8028=DIRECTION('ref_axis',(-2.22044604925031E-16,-1.,2.22044604925031E-16));
#8029=DIRECTION('',(1.0449157878825E-16,0.470588235294118,-0.88235294117647));
#8030=DIRECTION('',(-1.95921710227969E-16,-0.88235294117647,-0.470588235294118));
#8031=DIRECTION('',(-1.0449157878825E-16,-0.470588235294118,0.88235294117647));
#8032=DIRECTION('center_axis',(-1.95921710227969E-16,-0.88235294117647,
-0.470588235294118));
#8033=DIRECTION('ref_axis',(1.0449157878825E-16,0.470588235294118,-0.88235294117647));
#8034=DIRECTION('center_axis',(1.95921710227969E-16,0.88235294117647,0.470588235294118));
#8035=DIRECTION('ref_axis',(1.0449157878825E-16,0.470588235294118,-0.88235294117647));
#8036=DIRECTION('center_axis',(1.95921710227969E-16,0.882352941176471,0.470588235294118));
#8037=DIRECTION('ref_axis',(-1.0449157878825E-16,-0.470588235294118,0.882352941176471));
#8038=DIRECTION('center_axis',(-3.62455163921742E-16,-0.88235294117647,
-0.470588235294118));
#8039=DIRECTION('ref_axis',(1.0449157878825E-16,0.470588235294118,-0.88235294117647));
#8040=DIRECTION('',(-1.,2.22044604925031E-16,-6.31088724176809E-32));
#8041=DIRECTION('center_axis',(-1.,2.94324749757398E-16,-7.39557098644699E-32));
#8042=DIRECTION('ref_axis',(2.94324749757398E-16,1.,-2.22044604925031E-16));
#8043=DIRECTION('',(0.,2.22044604925031E-16,1.));
#8044=DIRECTION('center_axis',(-1.,1.49764460092664E-16,-2.46519032881566E-32));
#8045=DIRECTION('ref_axis',(-1.49764460092664E-16,-1.,2.22044604925031E-16));
#8046=DIRECTION('',(0.,2.22044604925031E-16,1.));
#8047=DIRECTION('',(0.,2.22044604925031E-16,1.));
#8048=DIRECTION('center_axis',(1.,-2.22044604925031E-16,4.93038065763132E-32));
#8049=DIRECTION('ref_axis',(2.22044604925031E-16,1.,-2.22044604925031E-16));
#8050=DIRECTION('center_axis',(-1.49764460092664E-16,-1.,2.22044604925031E-16));
#8051=DIRECTION('ref_axis',(1.,-1.49764460092664E-16,3.08148791101958E-32));
#8052=DIRECTION('center_axis',(7.74843152602974E-17,1.,-2.22044604925031E-16));
#8053=DIRECTION('ref_axis',(-1.,7.74843152602974E-17,-3.08148791101958E-32));
#8054=DIRECTION('center_axis',(0.,-2.22044604925031E-16,-1.));
#8055=DIRECTION('ref_axis',(-1.,2.22044604925031E-16,-6.16297582203915E-32));
#8056=DIRECTION('',(1.,-2.22044604925031E-16,6.31088724176809E-32));
#8057=DIRECTION('',(-1.,2.22044604925031E-16,-6.31088724176809E-32));
#8058=DIRECTION('',(1.,-2.22044604925031E-16,6.31088724176809E-32));
#8059=DIRECTION('',(-1.,2.22044604925031E-16,-6.31088724176809E-32));
#8060=DIRECTION('center_axis',(0.,-2.22044604925031E-16,-1.));
#8061=DIRECTION('ref_axis',(-1.,2.22044604925031E-16,-6.16297582203915E-32));
#8062=DIRECTION('center_axis',(0.,-2.22044604925031E-16,-1.));
#8063=DIRECTION('ref_axis',(-1.,2.22044604925031E-16,-6.16297582203915E-32));
#8064=DIRECTION('center_axis',(0.,2.22044604925031E-16,1.));
#8065=DIRECTION('ref_axis',(1.,-2.22044604925031E-16,6.08688970077941E-32));
#8066=DIRECTION('center_axis',(0.,2.22044604925031E-16,1.));
#8067=DIRECTION('ref_axis',(1.,-2.22044604925031E-16,6.16297582203915E-32));
#8068=DIRECTION('',(1.,-2.22044604925031E-16,6.31088724176809E-32));
#8069=DIRECTION('center_axis',(0.,2.22044604925031E-16,1.));
#8070=DIRECTION('ref_axis',(1.,-2.22044604925031E-16,6.16297582203915E-32));
#8071=DIRECTION('',(1.,-2.22044604925031E-16,6.31088724176809E-32));
#8072=DIRECTION('center_axis',(-2.22044604925031E-16,-1.,2.22044604925031E-16));
#8073=DIRECTION('ref_axis',(1.,-2.22044604925031E-16,6.16297582203915E-32));
#8074=DIRECTION('',(-1.,2.22044604925031E-16,-6.31088724176809E-32));
#8075=DIRECTION('center_axis',(-2.22044604925031E-16,-1.,2.22044604925031E-16));
#8076=DIRECTION('ref_axis',(1.,-2.22044604925031E-16,6.16297582203915E-32));
#8077=DIRECTION('',(-1.,2.22044604925031E-16,-6.31088724176809E-32));
#8078=DIRECTION('center_axis',(0.,-2.22044604925031E-16,-1.));
#8079=DIRECTION('ref_axis',(-1.,2.22044604925031E-16,-6.16297582203915E-32));
#8080=DIRECTION('',(2.22044604925031E-16,1.,-2.22044604925031E-16));
#8081=DIRECTION('center_axis',(0.,-2.22044604925031E-16,-1.));
#8082=DIRECTION('ref_axis',(-1.,2.22044604925031E-16,-6.16297582203915E-32));
#8083=DIRECTION('',(2.22044604925031E-16,1.,-2.22044604925031E-16));
#8084=DIRECTION('',(1.,-2.22044604925031E-16,6.31088724176809E-32));
#8085=DIRECTION('',(1.,-2.22044604925031E-16,6.31088724176809E-32));
#8086=DIRECTION('',(2.22044604925031E-16,1.,-2.22044604925031E-16));
#8087=DIRECTION('center_axis',(-1.,2.22044604925031E-16,-4.93038065763132E-32));
#8088=DIRECTION('ref_axis',(2.22044604925031E-16,1.,-2.22044604925031E-16));
#8089=DIRECTION('center_axis',(-1.,2.22044604925031E-16,-4.93038065763132E-32));
#8090=DIRECTION('ref_axis',(-2.22044604925031E-16,-1.,2.22044604925031E-16));
#8091=DIRECTION('',(0.,-2.22044604925031E-16,-1.));
#8092=DIRECTION('',(-1.0449157878825E-16,-0.470588235294118,-0.88235294117647));
#8093=DIRECTION('',(1.0449157878825E-16,0.470588235294119,0.88235294117647));
#8094=DIRECTION('center_axis',(1.,-2.22044604925031E-16,4.93038065763132E-32));
#8095=DIRECTION('ref_axis',(-2.22044604925031E-16,-1.,2.22044604925031E-16));
#8096=DIRECTION('center_axis',(-1.,2.22044604925031E-16,-4.93038065763132E-32));
#8097=DIRECTION('ref_axis',(2.22044604925031E-16,1.,-2.22044604925031E-16));
#8098=DIRECTION('center_axis',(1.,-2.22044604925031E-16,4.93038065763132E-32));
#8099=DIRECTION('ref_axis',(-2.22044604925031E-16,-1.,2.22044604925031E-16));
#8100=DIRECTION('center_axis',(-1.,2.22044604925031E-16,-4.93038065763132E-32));
#8101=DIRECTION('ref_axis',(-2.22044604925031E-16,-1.,2.22044604925031E-16));
#8102=DIRECTION('',(1.0449157878825E-16,0.470588235294119,0.88235294117647));
#8103=DIRECTION('',(-1.0449157878825E-16,-0.470588235294118,-0.88235294117647));
#8104=DIRECTION('',(0.,-2.22044604925031E-16,-1.));
#8105=DIRECTION('center_axis',(1.95921710227969E-16,0.88235294117647,-0.470588235294118));
#8106=DIRECTION('ref_axis',(1.0449157878825E-16,0.470588235294118,0.88235294117647));
#8107=DIRECTION('center_axis',(-1.95921710227969E-16,-0.88235294117647,
0.470588235294119));
#8108=DIRECTION('ref_axis',(-1.0449157878825E-16,-0.470588235294119,-0.88235294117647));
#8109=DIRECTION('',(-1.,2.22044604925031E-16,-6.31088724176809E-32));
#8110=DIRECTION('center_axis',(1.,-2.94324749757398E-16,2.66880534765663E-16));
#8111=DIRECTION('ref_axis',(2.66880534765663E-16,-2.22044604925031E-16,
-1.));
#8112=DIRECTION('',(2.66880534765663E-16,-2.22044604925031E-16,-1.));
#8113=DIRECTION('center_axis',(1.,-1.49764460092664E-16,2.66880534765663E-16));
#8114=DIRECTION('ref_axis',(2.66880534765663E-16,-2.22044604925031E-16,
-1.));
#8115=DIRECTION('',(2.66880534765663E-16,-2.22044604925031E-16,-1.));
#8116=DIRECTION('',(2.66880534765663E-16,-2.22044604925031E-16,-1.));
#8117=DIRECTION('center_axis',(-1.,2.22044604925031E-16,-4.93038065763132E-32));
#8118=DIRECTION('ref_axis',(-2.22044604925031E-16,-1.,2.22044604925031E-16));
#8119=DIRECTION('center_axis',(7.74843152602974E-17,1.,-2.22044604925031E-16));
#8120=DIRECTION('ref_axis',(-1.,7.74843152602974E-17,-3.08148791101958E-32));
#8121=DIRECTION('center_axis',(-1.49764460092664E-16,-1.,2.22044604925031E-16));
#8122=DIRECTION('ref_axis',(1.,-1.49764460092664E-16,3.08148791101958E-32));
#8123=DIRECTION('center_axis',(1.,-2.22044604925031E-16,4.93038065763132E-32));
#8124=DIRECTION('ref_axis',(2.22044604925031E-16,1.,-2.22044604925031E-16));
#8125=DIRECTION('',(0.,2.22044604925031E-16,1.));
#8126=DIRECTION('',(0.,2.22044604925031E-16,1.));
#8127=DIRECTION('center_axis',(1.,-2.22044604925031E-16,4.93038065763132E-32));
#8128=DIRECTION('ref_axis',(2.22044604925031E-16,1.,-2.22044604925031E-16));
#8129=DIRECTION('',(0.,2.22044604925031E-16,1.));
#8130=DIRECTION('center_axis',(2.22044604925031E-16,1.,-2.22044604925031E-16));
#8131=DIRECTION('ref_axis',(1.,-2.22044604925031E-16,6.16297582203915E-32));
#8132=DIRECTION('center_axis',(1.,-2.22044604925031E-16,4.93038065763132E-32));
#8133=DIRECTION('ref_axis',(2.22044604925031E-16,1.,-2.22044604925031E-16));
#8134=DIRECTION('',(0.,2.22044604925031E-16,1.));
#8135=DIRECTION('',(0.,2.22044604925031E-16,1.));
#8136=DIRECTION('center_axis',(1.,-2.22044604925031E-16,4.93038065763132E-32));
#8137=DIRECTION('ref_axis',(2.22044604925031E-16,1.,-2.22044604925031E-16));
#8138=DIRECTION('',(0.,2.22044604925031E-16,1.));
#8139=DIRECTION('',(0.,2.22044604925031E-16,1.));
#8140=DIRECTION('center_axis',(1.,-2.22044604925031E-16,4.93038065763132E-32));
#8141=DIRECTION('ref_axis',(2.22044604925031E-16,1.,-2.22044604925031E-16));
#8142=DIRECTION('',(0.,2.22044604925031E-16,1.));
#8143=DIRECTION('center_axis',(1.,-2.22044604925031E-16,4.93038065763132E-32));
#8144=DIRECTION('ref_axis',(2.22044604925031E-16,1.,-2.22044604925031E-16));
#8145=DIRECTION('',(0.,2.22044604925031E-16,1.));
#8146=DIRECTION('center_axis',(-2.22044604925031E-16,-1.,2.22044604925031E-16));
#8147=DIRECTION('ref_axis',(1.,-2.22044604925031E-16,6.16297582203915E-32));
#8148=DIRECTION('center_axis',(-2.22044604925031E-16,-1.,2.22044604925031E-16));
#8149=DIRECTION('ref_axis',(1.,-2.22044604925031E-16,6.16297582203915E-32));
#8150=DIRECTION('center_axis',(2.22044604925031E-16,1.,-2.22044604925031E-16));
#8151=DIRECTION('ref_axis',(-1.,2.22044604925031E-16,-6.16297582203915E-32));
#8152=DIRECTION('center_axis',(0.,-2.22044604925031E-16,-1.));
#8153=DIRECTION('ref_axis',(-1.,2.22044604925031E-16,-3.62527989531715E-32));
#8154=DIRECTION('center_axis',(0.,-2.22044604925031E-16,-1.));
#8155=DIRECTION('ref_axis',(-1.,2.22044604925031E-16,-3.52170046973666E-32));
#8156=DIRECTION('',(0.,2.22044604925031E-16,1.));
#8157=DIRECTION('center_axis',(0.,2.22044604925031E-16,1.));
#8158=DIRECTION('ref_axis',(1.,-2.22044604925031E-16,6.16297582203915E-32));
#8159=DIRECTION('center_axis',(0.,-2.22044604925031E-16,-1.));
#8160=DIRECTION('ref_axis',(-1.,2.22044604925031E-16,-6.08688970077941E-32));
#8161=DIRECTION('center_axis',(-1.,2.22044604925031E-16,-4.93038065763132E-32));
#8162=DIRECTION('ref_axis',(-2.22044604925031E-16,-1.,2.22044604925031E-16));
#8163=DIRECTION('center_axis',(1.,-2.22044604925031E-16,4.93038065763132E-32));
#8164=DIRECTION('ref_axis',(2.22044604925031E-16,1.,-2.22044604925031E-16));
#8165=DIRECTION('center_axis',(-1.95921710227969E-16,-0.88235294117647,
-0.470588235294118));
#8166=DIRECTION('ref_axis',(1.0449157878825E-16,0.470588235294118,-0.88235294117647));
#8167=DIRECTION('center_axis',(1.,-2.22044604925031E-16,4.93038065763132E-32));
#8168=DIRECTION('ref_axis',(2.22044604925031E-16,1.,-2.22044604925031E-16));
#8169=DIRECTION('center_axis',(-1.,2.22044604925031E-16,-4.93038065763132E-32));
#8170=DIRECTION('ref_axis',(-2.22044604925031E-16,-1.,2.22044604925031E-16));
#8171=DIRECTION('center_axis',(0.,-2.22044604925031E-16,-1.));
#8172=DIRECTION('ref_axis',(-1.,2.22044604925031E-16,-4.1086505480261E-32));
#8173=DIRECTION('',(0.,2.22044604925031E-16,1.));
#8174=CARTESIAN_POINT('',(0.,0.,0.));
#8175=CARTESIAN_POINT('Origin',(-1.45,6.05,1.3));
#8176=CARTESIAN_POINT('',(-1.45,7.8,0.499999999999998));
#8177=CARTESIAN_POINT('',(-1.45,7.8,1.3));
#8178=CARTESIAN_POINT('',(-1.45,7.8,1.3));
#8179=CARTESIAN_POINT('',(-1.45,9.3,1.3));
#8180=CARTESIAN_POINT('',(-1.45,6.05,1.3));
#8181=CARTESIAN_POINT('',(-1.45,9.3,0.499999999999998));
#8182=CARTESIAN_POINT('',(-1.45,9.3,1.3));
#8183=CARTESIAN_POINT('',(-1.45,8.95,0.142928578572856));
#8184=CARTESIAN_POINT('',(-1.45,7.457550005001,-1.3796749674935));
#8185=CARTESIAN_POINT('',(-1.45,8.95,-3.4));
#8186=CARTESIAN_POINT('',(-1.45,8.95,-2.22044604925031E-15));
#8187=CARTESIAN_POINT('',(-1.45,8.8,-3.7));
#8188=CARTESIAN_POINT('',(-1.45,9.73,-1.84000000000001));
#8189=CARTESIAN_POINT('',(-1.45,8.3,-3.7));
#8190=CARTESIAN_POINT('',(-1.45,7.8,-3.7));
#8191=CARTESIAN_POINT('',(-1.45,8.15,-3.4));
#8192=CARTESIAN_POINT('',(-1.45,6.37,0.159999999999996));
#8193=CARTESIAN_POINT('',(-1.45,8.15,0.142928578572855));
#8194=CARTESIAN_POINT('',(-1.45,8.15,-2.22044604925031E-15));
#8195=CARTESIAN_POINT('',(-1.45,7.192449994999,1.1198249824965));
#8196=CARTESIAN_POINT('Origin',(6.05,9.30000000000001,1.3));
#8197=CARTESIAN_POINT('',(-1.25,9.3,1.5));
#8198=CARTESIAN_POINT('Origin',(-1.25,9.3,1.3));
#8199=CARTESIAN_POINT('',(-0.95,9.3,1.5));
#8200=CARTESIAN_POINT('',(6.05,9.30000000000001,1.5));
#8201=CARTESIAN_POINT('',(-0.95,9.3,1.3));
#8202=CARTESIAN_POINT('',(-0.95,9.3,1.3));
#8203=CARTESIAN_POINT('',(-1.25,9.3,1.3));
#8204=CARTESIAN_POINT('',(6.05,9.30000000000001,1.3));
#8205=CARTESIAN_POINT('',(-1.25,9.3,0.499999999999998));
#8206=CARTESIAN_POINT('',(-1.25,9.3,-3.7));
#8207=CARTESIAN_POINT('',(2.97965719651132,9.3,0.499999999999998));
#8208=CARTESIAN_POINT('Origin',(-1.25,7.8,-3.7));
#8209=CARTESIAN_POINT('',(-1.25,8.15,-3.4));
#8210=CARTESIAN_POINT('',(-1.25,8.15,0.142928578572855));
#8211=CARTESIAN_POINT('',(-1.25,8.15,-2.22044604925031E-15));
#8212=CARTESIAN_POINT('',(-1.25,8.3,-3.7));
#8213=CARTESIAN_POINT('',(-1.25,6.37,0.159999999999996));
#8214=CARTESIAN_POINT('',(-1.25,8.8,-3.7));
#8215=CARTESIAN_POINT('',(-1.25,7.8,-3.7));
#8216=CARTESIAN_POINT('',(-1.25,8.95,-3.4));
#8217=CARTESIAN_POINT('',(-1.25,9.73,-1.84000000000001));
#8218=CARTESIAN_POINT('',(-1.25,8.95,0.142928578572856));
#8219=CARTESIAN_POINT('',(-1.25,8.95,-2.22044604925031E-15));
#8220=CARTESIAN_POINT('',(-1.25,7.457550005001,-1.3796749674935));
#8221=CARTESIAN_POINT('',(-1.25,7.8,1.3));
#8222=CARTESIAN_POINT('',(-1.25,7.8,1.3));
#8223=CARTESIAN_POINT('',(-1.25,7.8,0.499999999999999));
#8224=CARTESIAN_POINT('',(-1.25,7.8,-3.7));
#8225=CARTESIAN_POINT('',(-1.25,7.192449994999,1.1198249824965));
#8226=CARTESIAN_POINT('Origin',(6.05,6.05,-3.7));
#8227=CARTESIAN_POINT('',(2.97965719651132,8.3,-3.7));
#8228=CARTESIAN_POINT('',(2.97965719651132,8.8,-3.7));
#8229=CARTESIAN_POINT('Origin',(-1.08397202940499,8.97302630539684,1.3));
#8230=CARTESIAN_POINT('',(-0.478806639926408,10.45,1.5));
#8231=CARTESIAN_POINT('',(-1.08397202940499,8.97302630539684,1.5));
#8232=CARTESIAN_POINT('',(-0.478806639926408,10.45,1.3));
#8233=CARTESIAN_POINT('',(-0.478806639926408,10.45,1.3));
#8234=CARTESIAN_POINT('',(-1.08397202940499,8.97302630539684,1.3));
#8235=CARTESIAN_POINT('Origin',(6.05,10.45,1.3));
#8236=CARTESIAN_POINT('',(0.0499999999999984,10.45,1.5));
#8237=CARTESIAN_POINT('',(6.05,10.45,1.5));
#8238=CARTESIAN_POINT('',(0.0499999999999984,10.45,1.3));
#8239=CARTESIAN_POINT('',(0.0499999999999984,10.45,1.3));
#8240=CARTESIAN_POINT('',(6.05,10.45,1.3));
#8241=CARTESIAN_POINT('Origin',(0.0499999999999984,6.05,1.3));
#8242=CARTESIAN_POINT('',(0.0499999999999984,7.8,1.5));
#8243=CARTESIAN_POINT('',(0.0499999999999984,6.05,1.5));
#8244=CARTESIAN_POINT('',(0.0499999999999984,7.8,1.3));
#8245=CARTESIAN_POINT('',(0.0499999999999984,7.8,1.3));
#8246=CARTESIAN_POINT('',(0.0499999999999984,6.05,1.3));
#8247=CARTESIAN_POINT('Origin',(6.05,7.8,1.3));
#8248=CARTESIAN_POINT('',(-1.25,7.8,1.5));
#8249=CARTESIAN_POINT('',(6.05,7.8,1.5));
#8250=CARTESIAN_POINT('Origin',(-1.25,7.8,1.3));
#8251=CARTESIAN_POINT('',(2.97965719651132,7.8,0.499999999999998));
#8252=CARTESIAN_POINT('',(6.05,7.8,1.3));
#8253=CARTESIAN_POINT('Origin',(6.05,6.05,1.3));
#8254=CARTESIAN_POINT('Origin',(6.05,6.05,1.5));
#8255=CARTESIAN_POINT('',(-1.25,6.05,1.5));
#8256=CARTESIAN_POINT('Origin',(2.97965719651132,8.95,-2.22044604925031E-15));
#8257=CARTESIAN_POINT('',(2.97965719651132,8.95,-3.4));
#8258=CARTESIAN_POINT('',(2.97965719651132,8.95,0.142928578572855));
#8259=CARTESIAN_POINT('Origin',(2.97965719651132,7.457550005001,-1.3796749674935));
#8260=CARTESIAN_POINT('Origin',(2.97965719651132,9.73,-1.84000000000001));
#8261=CARTESIAN_POINT('Origin',(2.97965719651132,6.36999999999999,0.159999999999995));
#8262=CARTESIAN_POINT('',(2.97965719651132,8.15,-3.4));
#8263=CARTESIAN_POINT('Origin',(2.97965719651132,8.15,-1.66533453693773E-15));
#8264=CARTESIAN_POINT('',(2.97965719651132,8.15,0.142928578572856));
#8265=CARTESIAN_POINT('Origin',(2.97965719651132,7.192449994999,1.1198249824965));
#8266=CARTESIAN_POINT('Origin',(-1.25,6.05,1.3));
#8267=CARTESIAN_POINT('Origin',(6.05,4.3,1.3));
#8268=CARTESIAN_POINT('',(-1.45,4.3,0.499999999999999));
#8269=CARTESIAN_POINT('',(-1.45,4.3,1.3));
#8270=CARTESIAN_POINT('',(-1.45,4.3,1.3));
#8271=CARTESIAN_POINT('',(-1.25,4.3,1.5));
#8272=CARTESIAN_POINT('Origin',(-1.25,4.3,1.3));
#8273=CARTESIAN_POINT('',(0.0499999999999984,4.3,1.5));
#8274=CARTESIAN_POINT('',(6.05,4.3,1.5));
#8275=CARTESIAN_POINT('',(0.0499999999999984,4.3,1.3));
#8276=CARTESIAN_POINT('',(0.0499999999999984,4.3,1.3));
#8277=CARTESIAN_POINT('',(-1.25,4.3,1.3));
#8278=CARTESIAN_POINT('',(6.05,4.3,1.3));
#8279=CARTESIAN_POINT('',(-1.25,4.3,0.499999999999999));
#8280=CARTESIAN_POINT('',(-1.25,4.3,-3.7));
#8281=CARTESIAN_POINT('',(2.97965719651132,4.3,0.499999999999999));
#8282=CARTESIAN_POINT('Origin',(-1.45,6.05,1.3));
#8283=CARTESIAN_POINT('',(-1.45,2.8,0.499999999999999));
#8284=CARTESIAN_POINT('',(-1.45,2.8,1.3));
#8285=CARTESIAN_POINT('',(-1.45,2.8,1.3));
#8286=CARTESIAN_POINT('',(-1.45,4.3,1.3));
#8287=CARTESIAN_POINT('',(-1.45,3.95,0.142928578572857));
#8288=CARTESIAN_POINT('',(-1.45,2.457550005001,-1.3796749674935));
#8289=CARTESIAN_POINT('',(-1.45,3.95,-3.4));
#8290=CARTESIAN_POINT('',(-1.45,3.95,-1.11022302462516E-15));
#8291=CARTESIAN_POINT('',(-1.45,3.8,-3.7));
#8292=CARTESIAN_POINT('',(-1.45,4.73,-1.84000000000001));
#8293=CARTESIAN_POINT('',(-1.45,3.3,-3.7));
#8294=CARTESIAN_POINT('',(-1.45,4.3,-3.7));
#8295=CARTESIAN_POINT('',(-1.45,3.15,-3.4));
#8296=CARTESIAN_POINT('',(-1.45,1.37,0.159999999999997));
#8297=CARTESIAN_POINT('',(-1.45,3.15,0.142928578572856));
#8298=CARTESIAN_POINT('',(-1.45,3.15,-1.11022302462516E-15));
#8299=CARTESIAN_POINT('',(-1.45,2.192449994999,1.1198249824965));
#8300=CARTESIAN_POINT('Origin',(-1.25,4.3,-3.7));
#8301=CARTESIAN_POINT('',(-1.25,3.95,0.142928578572857));
#8302=CARTESIAN_POINT('',(-1.25,2.457550005001,-1.3796749674935));
#8303=CARTESIAN_POINT('',(-1.25,2.8,1.3));
#8304=CARTESIAN_POINT('',(-1.25,4.3,1.3));
#8305=CARTESIAN_POINT('',(-1.25,2.8,0.5));
#8306=CARTESIAN_POINT('',(-1.25,2.8,-3.7));
#8307=CARTESIAN_POINT('',(-1.25,3.15,0.142928578572856));
#8308=CARTESIAN_POINT('',(-1.25,2.192449994999,1.1198249824965));
#8309=CARTESIAN_POINT('',(-1.25,3.15,-3.4));
#8310=CARTESIAN_POINT('',(-1.25,3.15,-1.11022302462516E-15));
#8311=CARTESIAN_POINT('',(-1.25,3.3,-3.7));
#8312=CARTESIAN_POINT('',(-1.25,1.37,0.159999999999997));
#8313=CARTESIAN_POINT('',(-1.25,3.8,-3.7));
#8314=CARTESIAN_POINT('',(-1.25,4.3,-3.7));
#8315=CARTESIAN_POINT('',(-1.25,3.95,-3.4));
#8316=CARTESIAN_POINT('',(-1.25,4.73,-1.84000000000001));
#8317=CARTESIAN_POINT('',(-1.25,3.95,-1.11022302462516E-15));
#8318=CARTESIAN_POINT('Origin',(6.05,6.05,-3.7));
#8319=CARTESIAN_POINT('',(2.97965719651132,3.8,-3.7));
#8320=CARTESIAN_POINT('',(2.97965719651132,3.3,-3.7));
#8321=CARTESIAN_POINT('Origin',(0.0499999999999984,6.05,1.3));
#8322=CARTESIAN_POINT('',(0.0499999999999984,1.65,1.5));
#8323=CARTESIAN_POINT('',(0.0499999999999984,6.05,1.5));
#8324=CARTESIAN_POINT('',(0.0499999999999984,1.65,1.3));
#8325=CARTESIAN_POINT('',(0.0499999999999984,1.65,1.3));
#8326=CARTESIAN_POINT('',(0.0499999999999984,6.05,1.3));
#8327=CARTESIAN_POINT('Origin',(6.05,1.65,1.3));
#8328=CARTESIAN_POINT('',(-0.478806639926408,1.65,1.5));
#8329=CARTESIAN_POINT('',(6.05,1.65,1.5));
#8330=CARTESIAN_POINT('',(-0.478806639926408,1.65,1.3));
#8331=CARTESIAN_POINT('',(-0.478806639926408,1.65,1.3));
#8332=CARTESIAN_POINT('',(6.05,1.65,1.3));
#8333=CARTESIAN_POINT('Origin',(-1.08397202940499,3.12697369460317,1.3));
#8334=CARTESIAN_POINT('',(-0.95,2.8,1.5));
#8335=CARTESIAN_POINT('',(-1.08397202940499,3.12697369460317,1.5));
#8336=CARTESIAN_POINT('',(-0.95,2.8,1.3));
#8337=CARTESIAN_POINT('',(-0.95,2.8,1.3));
#8338=CARTESIAN_POINT('',(-1.08397202940499,3.12697369460317,1.3));
#8339=CARTESIAN_POINT('Origin',(6.05,2.79999999999999,1.3));
#8340=CARTESIAN_POINT('',(-1.25,2.8,1.5));
#8341=CARTESIAN_POINT('',(6.05,2.79999999999999,1.5));
#8342=CARTESIAN_POINT('Origin',(-1.25,2.8,1.3));
#8343=CARTESIAN_POINT('',(2.97965719651132,2.8,0.499999999999999));
#8344=CARTESIAN_POINT('',(6.05,2.79999999999999,1.3));
#8345=CARTESIAN_POINT('Origin',(6.05,6.05,1.3));
#8346=CARTESIAN_POINT('Origin',(6.05,6.05,1.5));
#8347=CARTESIAN_POINT('',(-1.25,2.8,1.5));
#8348=CARTESIAN_POINT('Origin',(2.97965719651132,1.36999999999999,0.159999999999996));
#8349=CARTESIAN_POINT('',(2.97965719651132,3.15,-3.4));
#8350=CARTESIAN_POINT('Origin',(2.97965719651132,3.15,-5.55111512312578E-16));
#8351=CARTESIAN_POINT('',(2.97965719651132,3.15,0.142928578572857));
#8352=CARTESIAN_POINT('Origin',(2.97965719651132,2.192449994999,1.1198249824965));
#8353=CARTESIAN_POINT('Origin',(2.97965719651132,3.95,-1.11022302462516E-15));
#8354=CARTESIAN_POINT('',(2.97965719651132,3.95,-3.4));
#8355=CARTESIAN_POINT('',(2.97965719651132,3.95,0.142928578572856));
#8356=CARTESIAN_POINT('Origin',(2.97965719651132,2.457550005001,-1.3796749674935));
#8357=CARTESIAN_POINT('Origin',(2.97965719651132,4.73,-1.84000000000001));
#8358=CARTESIAN_POINT('Origin',(-1.25,6.05,1.3));
#8359=CARTESIAN_POINT('Origin',(-1.45,6.05,1.3));
#8360=CARTESIAN_POINT('',(-1.45,5.3,0.499999999999999));
#8361=CARTESIAN_POINT('',(-1.45,5.3,1.3));
#8362=CARTESIAN_POINT('',(-1.45,5.3,1.3));
#8363=CARTESIAN_POINT('',(-1.45,6.8,1.3));
#8364=CARTESIAN_POINT('',(-1.45,6.05,1.3));
#8365=CARTESIAN_POINT('',(-1.45,6.8,0.499999999999998));
#8366=CARTESIAN_POINT('',(-1.45,6.8,1.3));
#8367=CARTESIAN_POINT('',(-1.45,6.45,0.142928578572856));
#8368=CARTESIAN_POINT('',(-1.45,4.957550005001,-1.3796749674935));
#8369=CARTESIAN_POINT('',(-1.45,6.45,-3.4));
#8370=CARTESIAN_POINT('',(-1.45,6.45,-1.66533453693773E-15));
#8371=CARTESIAN_POINT('',(-1.45,6.3,-3.7));
#8372=CARTESIAN_POINT('',(-1.45,7.23,-1.84000000000001));
#8373=CARTESIAN_POINT('',(-1.45,5.8,-3.7));
#8374=CARTESIAN_POINT('',(-1.45,6.8,-3.7));
#8375=CARTESIAN_POINT('',(-1.45,5.65,-3.4));
#8376=CARTESIAN_POINT('',(-1.45,3.87,0.159999999999996));
#8377=CARTESIAN_POINT('',(-1.45,5.65,0.142928578572856));
#8378=CARTESIAN_POINT('',(-1.45,5.65,-1.66533453693773E-15));
#8379=CARTESIAN_POINT('',(-1.45,4.692449994999,1.1198249824965));
#8380=CARTESIAN_POINT('Origin',(6.05,6.8,1.3));
#8381=CARTESIAN_POINT('',(-1.25,6.8,1.5));
#8382=CARTESIAN_POINT('Origin',(-1.25,6.8,1.3));
#8383=CARTESIAN_POINT('',(0.0499999999999984,6.8,1.5));
#8384=CARTESIAN_POINT('',(6.05,6.8,1.5));
#8385=CARTESIAN_POINT('',(0.0499999999999984,6.8,1.3));
#8386=CARTESIAN_POINT('',(0.0499999999999984,6.8,1.3));
#8387=CARTESIAN_POINT('',(-1.25,6.8,1.3));
#8388=CARTESIAN_POINT('',(6.05,6.8,1.3));
#8389=CARTESIAN_POINT('',(-1.25,6.8,0.499999999999998));
#8390=CARTESIAN_POINT('',(-1.25,6.8,-3.7));
#8391=CARTESIAN_POINT('',(2.97965719651132,6.8,0.499999999999998));
#8392=CARTESIAN_POINT('Origin',(-1.25,6.8,-3.7));
#8393=CARTESIAN_POINT('',(-1.25,6.45,0.142928578572856));
#8394=CARTESIAN_POINT('',(-1.25,4.957550005001,-1.3796749674935));
#8395=CARTESIAN_POINT('',(-1.25,5.3,1.3));
#8396=CARTESIAN_POINT('',(-1.25,6.8,1.3));
#8397=CARTESIAN_POINT('',(-1.25,5.3,0.499999999999999));
#8398=CARTESIAN_POINT('',(-1.25,5.3,-3.7));
#8399=CARTESIAN_POINT('',(-1.25,5.65,0.142928578572856));
#8400=CARTESIAN_POINT('',(-1.25,4.692449994999,1.1198249824965));
#8401=CARTESIAN_POINT('',(-1.25,5.65,-3.4));
#8402=CARTESIAN_POINT('',(-1.25,5.65,-1.66533453693773E-15));
#8403=CARTESIAN_POINT('',(-1.25,5.8,-3.7));
#8404=CARTESIAN_POINT('',(-1.25,3.86999999999999,0.159999999999996));
#8405=CARTESIAN_POINT('',(-1.25,6.3,-3.7));
#8406=CARTESIAN_POINT('',(-1.25,6.8,-3.7));
#8407=CARTESIAN_POINT('',(-1.25,6.45,-3.4));
#8408=CARTESIAN_POINT('',(-1.25,7.23,-1.84000000000001));
#8409=CARTESIAN_POINT('',(-1.25,6.45,-1.66533453693773E-15));
#8410=CARTESIAN_POINT('Origin',(6.05,6.05,-3.7));
#8411=CARTESIAN_POINT('',(2.97965719651132,6.3,-3.7));
#8412=CARTESIAN_POINT('',(2.97965719651132,5.8,-3.7));
#8413=CARTESIAN_POINT('Origin',(0.0499999999999984,6.05,1.3));
#8414=CARTESIAN_POINT('',(0.0499999999999984,5.3,1.5));
#8415=CARTESIAN_POINT('',(0.0499999999999984,6.05,1.5));
#8416=CARTESIAN_POINT('',(0.0499999999999984,5.3,1.3));
#8417=CARTESIAN_POINT('',(0.0499999999999984,5.3,1.3));
#8418=CARTESIAN_POINT('',(0.0499999999999984,6.05,1.3));
#8419=CARTESIAN_POINT('Origin',(6.05,5.3,1.3));
#8420=CARTESIAN_POINT('',(-1.25,5.3,1.5));
#8421=CARTESIAN_POINT('',(6.05,5.3,1.5));
#8422=CARTESIAN_POINT('Origin',(-1.25,5.3,1.3));
#8423=CARTESIAN_POINT('',(2.97965719651132,5.3,0.499999999999999));
#8424=CARTESIAN_POINT('',(6.05,5.3,1.3));
#8425=CARTESIAN_POINT('Origin',(6.05,6.05,1.3));
#8426=CARTESIAN_POINT('Origin',(6.05,6.05,1.5));
#8427=CARTESIAN_POINT('',(-1.25,6.05,1.5));
#8428=CARTESIAN_POINT('Origin',(2.97965719651132,3.86999999999999,0.159999999999996));
#8429=CARTESIAN_POINT('',(2.97965719651132,5.65,-3.4));
#8430=CARTESIAN_POINT('Origin',(2.97965719651132,5.65,-1.11022302462516E-15));
#8431=CARTESIAN_POINT('',(2.97965719651132,5.65,0.142928578572856));
#8432=CARTESIAN_POINT('Origin',(2.97965719651132,4.692449994999,1.1198249824965));
#8433=CARTESIAN_POINT('Origin',(2.97965719651132,6.45,-1.66533453693773E-15));
#8434=CARTESIAN_POINT('',(2.97965719651132,6.45,-3.4));
#8435=CARTESIAN_POINT('',(2.97965719651132,6.45,0.142928578572856));
#8436=CARTESIAN_POINT('Origin',(2.97965719651132,4.957550005001,-1.3796749674935));
#8437=CARTESIAN_POINT('Origin',(2.97965719651132,7.23,-1.84000000000001));
#8438=CARTESIAN_POINT('Origin',(-1.25,6.05,1.3));
#8439=CARTESIAN_POINT('Origin',(6.05,9.3,1.3));
#8440=CARTESIAN_POINT('',(13.35,9.3,1.5));
#8441=CARTESIAN_POINT('',(13.05,9.3,1.5));
#8442=CARTESIAN_POINT('',(6.05,9.3,1.5));
#8443=CARTESIAN_POINT('',(13.55,9.3,1.3));
#8444=CARTESIAN_POINT('Origin',(13.35,9.3,1.3));
#8445=CARTESIAN_POINT('',(13.55,9.3,0.499999999999998));
#8446=CARTESIAN_POINT('',(13.55,9.3,1.3));
#8447=CARTESIAN_POINT('',(13.35,9.3,0.499999999999998));
#8448=CARTESIAN_POINT('',(9.12034280348868,9.3,0.499999999999998));
#8449=CARTESIAN_POINT('',(13.35,9.3,1.3));
#8450=CARTESIAN_POINT('',(13.35,9.3,-3.7));
#8451=CARTESIAN_POINT('',(13.05,9.3,1.3));
#8452=CARTESIAN_POINT('',(6.05,9.3,1.3));
#8453=CARTESIAN_POINT('',(13.05,9.3,1.3));
#8454=CARTESIAN_POINT('Origin',(13.55,6.05,1.3));
#8455=CARTESIAN_POINT('',(13.55,7.8,1.3));
#8456=CARTESIAN_POINT('',(13.55,7.8,1.3));
#8457=CARTESIAN_POINT('',(13.55,7.8,0.499999999999998));
#8458=CARTESIAN_POINT('',(13.55,7.8,1.3));
#8459=CARTESIAN_POINT('',(13.55,8.15,0.142928578572855));
#8460=CARTESIAN_POINT('',(13.55,7.192449994999,1.1198249824965));
#8461=CARTESIAN_POINT('',(13.55,8.15,-3.4));
#8462=CARTESIAN_POINT('',(13.55,8.15,-2.22044604925031E-15));
#8463=CARTESIAN_POINT('',(13.55,8.3,-3.7));
#8464=CARTESIAN_POINT('',(13.55,6.36999999999999,0.159999999999996));
#8465=CARTESIAN_POINT('',(13.55,8.8,-3.7));
#8466=CARTESIAN_POINT('',(13.55,7.8,-3.7));
#8467=CARTESIAN_POINT('',(13.55,8.95,-3.4));
#8468=CARTESIAN_POINT('',(13.55,9.73,-1.84000000000001));
#8469=CARTESIAN_POINT('',(13.55,8.95,0.142928578572856));
#8470=CARTESIAN_POINT('',(13.55,8.95,-2.22044604925031E-15));
#8471=CARTESIAN_POINT('',(13.55,7.457550005001,-1.3796749674935));
#8472=CARTESIAN_POINT('Origin',(13.35,7.8,-3.7));
#8473=CARTESIAN_POINT('',(13.35,8.95,0.142928578572856));
#8474=CARTESIAN_POINT('',(13.35,7.457550005001,-1.3796749674935));
#8475=CARTESIAN_POINT('',(13.35,8.95,-3.4));
#8476=CARTESIAN_POINT('',(13.35,8.95,-2.22044604925031E-15));
#8477=CARTESIAN_POINT('',(13.35,8.8,-3.7));
#8478=CARTESIAN_POINT('',(13.35,9.73,-1.84000000000001));
#8479=CARTESIAN_POINT('',(13.35,8.3,-3.7));
#8480=CARTESIAN_POINT('',(13.35,7.8,-3.7));
#8481=CARTESIAN_POINT('',(13.35,8.15,-3.4));
#8482=CARTESIAN_POINT('',(13.35,6.36999999999999,0.159999999999996));
#8483=CARTESIAN_POINT('',(13.35,8.15,0.142928578572856));
#8484=CARTESIAN_POINT('',(13.35,8.15,-1.66533453693773E-15));
#8485=CARTESIAN_POINT('',(13.35,7.8,0.499999999999998));
#8486=CARTESIAN_POINT('',(13.35,7.192449994999,1.1198249824965));
#8487=CARTESIAN_POINT('',(13.35,7.8,1.3));
#8488=CARTESIAN_POINT('',(13.35,7.8,-3.7));
#8489=CARTESIAN_POINT('',(13.35,7.8,1.3));
#8490=CARTESIAN_POINT('Origin',(6.05,6.05,-3.7));
#8491=CARTESIAN_POINT('',(9.12034280348868,8.8,-3.7));
#8492=CARTESIAN_POINT('',(9.12034280348868,8.3,-3.7));
#8493=CARTESIAN_POINT('Origin',(12.05,6.05,1.3));
#8494=CARTESIAN_POINT('',(12.05,10.45,1.5));
#8495=CARTESIAN_POINT('',(12.05,7.8,1.5));
#8496=CARTESIAN_POINT('',(12.05,6.05,1.5));
#8497=CARTESIAN_POINT('',(12.05,10.45,1.3));
#8498=CARTESIAN_POINT('',(12.05,10.45,1.3));
#8499=CARTESIAN_POINT('',(12.05,7.8,1.3));
#8500=CARTESIAN_POINT('',(12.05,6.05,1.3));
#8501=CARTESIAN_POINT('',(12.05,7.8,1.3));
#8502=CARTESIAN_POINT('Origin',(6.05,10.45,1.3));
#8503=CARTESIAN_POINT('',(12.5788066399264,10.45,1.5));
#8504=CARTESIAN_POINT('',(6.05,10.45,1.5));
#8505=CARTESIAN_POINT('',(12.5788066399264,10.45,1.3));
#8506=CARTESIAN_POINT('',(12.5788066399264,10.45,1.3));
#8507=CARTESIAN_POINT('',(6.05,10.45,1.3));
#8508=CARTESIAN_POINT('Origin',(13.183972029405,8.97302630539683,1.3));
#8509=CARTESIAN_POINT('',(13.183972029405,8.97302630539683,1.5));
#8510=CARTESIAN_POINT('',(13.183972029405,8.97302630539683,1.3));
#8511=CARTESIAN_POINT('Origin',(6.05,7.8,1.3));
#8512=CARTESIAN_POINT('',(13.35,7.8,1.5));
#8513=CARTESIAN_POINT('Origin',(13.35,7.8,1.3));
#8514=CARTESIAN_POINT('',(6.05,7.8,1.5));
#8515=CARTESIAN_POINT('',(6.05,7.8,1.3));
#8516=CARTESIAN_POINT('',(9.12034280348868,7.8,0.499999999999998));
#8517=CARTESIAN_POINT('Origin',(6.05,6.05,1.3));
#8518=CARTESIAN_POINT('Origin',(6.05,6.05,1.5));
#8519=CARTESIAN_POINT('',(13.35,9.3,1.5));
#8520=CARTESIAN_POINT('Origin',(9.12034280348868,6.36999999999999,0.159999999999996));
#8521=CARTESIAN_POINT('',(9.12034280348868,8.15,-3.4));
#8522=CARTESIAN_POINT('Origin',(9.12034280348868,8.15,-2.22044604925031E-15));
#8523=CARTESIAN_POINT('',(9.12034280348868,8.15,0.142928578572855));
#8524=CARTESIAN_POINT('Origin',(9.12034280348868,7.192449994999,1.1198249824965));
#8525=CARTESIAN_POINT('Origin',(9.12034280348868,7.457550005001,-1.3796749674935));
#8526=CARTESIAN_POINT('',(9.12034280348868,8.95,0.142928578572856));
#8527=CARTESIAN_POINT('Origin',(9.12034280348868,8.95,-2.22044604925031E-15));
#8528=CARTESIAN_POINT('',(9.12034280348868,8.95,-3.4));
#8529=CARTESIAN_POINT('Origin',(9.12034280348868,9.73,-1.84000000000001));
#8530=CARTESIAN_POINT('Origin',(13.35,6.05,1.3));
#8531=CARTESIAN_POINT('Origin',(6.05,4.3,1.3));
#8532=CARTESIAN_POINT('',(12.05,4.3,1.5));
#8533=CARTESIAN_POINT('',(13.35,4.3,1.5));
#8534=CARTESIAN_POINT('',(6.05,4.3,1.5));
#8535=CARTESIAN_POINT('',(13.55,4.3,1.3));
#8536=CARTESIAN_POINT('Origin',(13.35,4.3,1.3));
#8537=CARTESIAN_POINT('',(13.55,4.3,0.499999999999999));
#8538=CARTESIAN_POINT('',(13.55,4.3,1.3));
#8539=CARTESIAN_POINT('',(13.35,4.3,0.499999999999999));
#8540=CARTESIAN_POINT('',(9.12034280348868,4.3,0.499999999999999));
#8541=CARTESIAN_POINT('',(13.35,4.3,1.3));
#8542=CARTESIAN_POINT('',(13.35,4.3,-3.7));
#8543=CARTESIAN_POINT('',(12.05,4.3,1.3));
#8544=CARTESIAN_POINT('',(6.05,4.3,1.3));
#8545=CARTESIAN_POINT('',(12.05,4.3,1.3));
#8546=CARTESIAN_POINT('Origin',(13.55,6.05,1.3));
#8547=CARTESIAN_POINT('',(13.55,2.8,1.3));
#8548=CARTESIAN_POINT('',(13.55,6.05,1.3));
#8549=CARTESIAN_POINT('',(13.55,2.8,0.500000000000001));
#8550=CARTESIAN_POINT('',(13.55,2.8,1.3));
#8551=CARTESIAN_POINT('',(13.55,3.15,0.142928578572856));
#8552=CARTESIAN_POINT('',(13.55,2.192449994999,1.1198249824965));
#8553=CARTESIAN_POINT('',(13.55,3.15,-3.4));
#8554=CARTESIAN_POINT('',(13.55,3.15,-1.11022302462516E-15));
#8555=CARTESIAN_POINT('',(13.55,3.3,-3.7));
#8556=CARTESIAN_POINT('',(13.55,1.36999999999999,0.159999999999997));
#8557=CARTESIAN_POINT('',(13.55,3.8,-3.7));
#8558=CARTESIAN_POINT('',(13.55,4.3,-3.7));
#8559=CARTESIAN_POINT('',(13.55,3.95,-3.4));
#8560=CARTESIAN_POINT('',(13.55,4.73,-1.84000000000001));
#8561=CARTESIAN_POINT('',(13.55,3.95,0.142928578572857));
#8562=CARTESIAN_POINT('',(13.55,3.95,-1.11022302462516E-15));
#8563=CARTESIAN_POINT('',(13.55,2.457550005001,-1.3796749674935));
#8564=CARTESIAN_POINT('Origin',(13.35,4.3,-3.7));
#8565=CARTESIAN_POINT('',(13.35,3.3,-3.7));
#8566=CARTESIAN_POINT('',(13.35,3.8,-3.7));
#8567=CARTESIAN_POINT('',(13.35,4.3,-3.7));
#8568=CARTESIAN_POINT('',(13.35,3.15,-3.4));
#8569=CARTESIAN_POINT('',(13.35,1.36999999999999,0.159999999999997));
#8570=CARTESIAN_POINT('',(13.35,3.15,0.142928578572857));
#8571=CARTESIAN_POINT('',(13.35,3.15,-5.55111512312578E-16));
#8572=CARTESIAN_POINT('',(13.35,2.8,0.499999999999999));
#8573=CARTESIAN_POINT('',(13.35,2.192449994999,1.1198249824965));
#8574=CARTESIAN_POINT('',(13.35,2.8,1.3));
#8575=CARTESIAN_POINT('',(13.35,2.8,-3.7));
#8576=CARTESIAN_POINT('',(13.35,4.3,1.3));
#8577=CARTESIAN_POINT('',(13.35,3.95,0.142928578572857));
#8578=CARTESIAN_POINT('',(13.35,2.457550005001,-1.3796749674935));
#8579=CARTESIAN_POINT('',(13.35,3.95,-3.4));
#8580=CARTESIAN_POINT('',(13.35,3.95,-1.11022302462516E-15));
#8581=CARTESIAN_POINT('',(13.35,4.73,-1.84000000000001));
#8582=CARTESIAN_POINT('Origin',(6.05,6.05,-3.7));
#8583=CARTESIAN_POINT('',(9.12034280348868,3.3,-3.7));
#8584=CARTESIAN_POINT('',(9.12034280348868,3.8,-3.7));
#8585=CARTESIAN_POINT('Origin',(12.05,6.05,1.3));
#8586=CARTESIAN_POINT('',(12.05,1.65,1.5));
#8587=CARTESIAN_POINT('',(12.05,6.05,1.5));
#8588=CARTESIAN_POINT('',(12.05,1.65,1.3));
#8589=CARTESIAN_POINT('',(12.05,6.05,1.3));
#8590=CARTESIAN_POINT('',(12.05,1.65,1.3));
#8591=CARTESIAN_POINT('Origin',(6.05,2.79999999999999,1.3));
#8592=CARTESIAN_POINT('',(13.35,2.8,1.5));
#8593=CARTESIAN_POINT('Origin',(13.35,2.8,1.3));
#8594=CARTESIAN_POINT('',(13.05,2.8,1.5));
#8595=CARTESIAN_POINT('',(6.05,2.79999999999999,1.5));
#8596=CARTESIAN_POINT('',(13.05,2.8,1.3));
#8597=CARTESIAN_POINT('',(13.05,2.8,1.3));
#8598=CARTESIAN_POINT('',(6.05,2.79999999999999,1.3));
#8599=CARTESIAN_POINT('',(9.12034280348868,2.8,0.499999999999999));
#8600=CARTESIAN_POINT('Origin',(13.183972029405,3.12697369460315,1.3));
#8601=CARTESIAN_POINT('',(12.5788066399264,1.65,1.5));
#8602=CARTESIAN_POINT('',(13.183972029405,3.12697369460315,1.5));
#8603=CARTESIAN_POINT('',(12.5788066399264,1.65,1.3));
#8604=CARTESIAN_POINT('',(12.5788066399264,1.65,1.3));
#8605=CARTESIAN_POINT('',(13.183972029405,3.12697369460315,1.3));
#8606=CARTESIAN_POINT('Origin',(6.05,1.65,1.3));
#8607=CARTESIAN_POINT('',(6.05,1.65,1.5));
#8608=CARTESIAN_POINT('',(6.05,1.65,1.3));
#8609=CARTESIAN_POINT('Origin',(6.05,6.05,1.3));
#8610=CARTESIAN_POINT('Origin',(6.05,6.05,1.5));
#8611=CARTESIAN_POINT('',(13.35,6.05,1.5));
#8612=CARTESIAN_POINT('Origin',(9.12034280348868,2.457550005001,-1.3796749674935));
#8613=CARTESIAN_POINT('',(9.12034280348868,3.95,0.142928578572857));
#8614=CARTESIAN_POINT('Origin',(9.12034280348868,3.95,-1.11022302462516E-15));
#8615=CARTESIAN_POINT('',(9.12034280348868,3.95,-3.4));
#8616=CARTESIAN_POINT('Origin',(9.12034280348868,4.73,-1.84000000000001));
#8617=CARTESIAN_POINT('Origin',(9.12034280348868,1.36999999999999,0.159999999999997));
#8618=CARTESIAN_POINT('',(9.12034280348868,3.15,-3.4));
#8619=CARTESIAN_POINT('Origin',(9.12034280348868,3.15,-1.11022302462516E-15));
#8620=CARTESIAN_POINT('',(9.12034280348868,3.15,0.142928578572856));
#8621=CARTESIAN_POINT('Origin',(9.12034280348868,2.192449994999,1.1198249824965));
#8622=CARTESIAN_POINT('Origin',(13.35,6.05,1.3));
#8623=CARTESIAN_POINT('Origin',(6.05,6.05,13.5));
#8624=CARTESIAN_POINT('',(9.45,6.0500000000001,12.75));
#8625=CARTESIAN_POINT('',(9.45,6.05000000000008,12.8750000027312));
#8626=CARTESIAN_POINT('',(9.45,6.05,13.5));
#8627=CARTESIAN_POINT('',(6.05,2.65,13.5));
#8628=CARTESIAN_POINT('Ctrl Pts',(9.45,6.05000000000019,12.75));
#8629=CARTESIAN_POINT('Ctrl Pts',(9.45,6.15800786777862,12.7547932731477));
#8630=CARTESIAN_POINT('Ctrl Pts',(9.44485357401835,6.26613380935917,12.7596863897027));
#8631=CARTESIAN_POINT('Ctrl Pts',(9.39158890064399,6.82251760939974,12.7853572350945));
#8632=CARTESIAN_POINT('Ctrl Pts',(9.25992833341312,7.25802563748254,12.8071048445642));
#8633=CARTESIAN_POINT('Ctrl Pts',(8.8416791316127,8.03899429595663,12.8494517991392));
#8634=CARTESIAN_POINT('Ctrl Pts',(8.56431368833885,8.37975988630783,12.8687439279386));
#8635=CARTESIAN_POINT('Ctrl Pts',(7.88429183555328,8.94803781593796,12.9093688527426));
#8636=CARTESIAN_POINT('Ctrl Pts',(7.48429892033175,9.16544543059016,12.9311165721439));
#8637=CARTESIAN_POINT('Ctrl Pts',(6.63757516655875,9.42703187339734,12.9735018370842));
#8638=CARTESIAN_POINT('Ctrl Pts',(6.2007423599394,9.4744482435985,12.9928607997539));
#8639=CARTESIAN_POINT('Ctrl Pts',(5.31732799964154,9.40062404244278,13.0334228426029));
#8640=CARTESIAN_POINT('Ctrl Pts',(4.87975778126596,9.27397034221784,13.0551699318661));
#8641=CARTESIAN_POINT('Ctrl Pts',(4.09346400228562,8.86453124713342,13.0975912590776));
#8642=CARTESIAN_POINT('Ctrl Pts',(3.7494681413012,8.59109203992491,13.1170182535418));
#8643=CARTESIAN_POINT('Ctrl Pts',(3.17300408798427,7.91724776853229,13.1575195041345));
#8644=CARTESIAN_POINT('Ctrl Pts',(2.95082131963355,7.51927572857078,13.1792653178233));
#8645=CARTESIAN_POINT('Ctrl Pts',(2.67967157490252,6.67493718657691,13.2217205256183));
#8646=CARTESIAN_POINT('Ctrl Pts',(2.62741727526725,6.23857343917722,13.2412161897225));
#8647=CARTESIAN_POINT('Ctrl Pts',(2.69153525139935,5.35382898841092,13.2816588373035));
#8648=CARTESIAN_POINT('Ctrl Pts',(2.81358802239318,4.9144229812838,13.3034028209945));
#8649=CARTESIAN_POINT('Ctrl Pts',(3.21494386286318,4.12330160447597,13.3458898025725));
#8650=CARTESIAN_POINT('Ctrl Pts',(3.48480421328148,3.77635785538452,13.3654542589371));
#8651=CARTESIAN_POINT('Ctrl Pts',(4.12099486003813,3.22042325350708,13.4039071024947));
#8652=CARTESIAN_POINT('Ctrl Pts',(4.47534300665621,3.00895031799917,13.4235200627314));
#8653=CARTESIAN_POINT('Ctrl Pts',(5.23976770699239,2.72298019112308,13.462701213574));
#8654=CARTESIAN_POINT('Ctrl Pts',(5.64327591735531,2.64999999999993,13.4819500221238));
#8655=CARTESIAN_POINT('Ctrl Pts',(6.05000000000063,2.65,13.5));
#8656=CARTESIAN_POINT('',(3.64583690044866,3.64583698748282,13.5));
#8657=CARTESIAN_POINT('Origin',(6.05,6.05,13.5));
#8658=CARTESIAN_POINT('Ctrl Pts',(3.64583690044909,3.64583698748239,13.5));
#8659=CARTESIAN_POINT('Ctrl Pts',(3.36643400421047,3.92523989383569,13.4824643165051));
#8660=CARTESIAN_POINT('Ctrl Pts',(3.13781959169515,4.25126604320802,13.4637931554018));
#8661=CARTESIAN_POINT('Ctrl Pts',(2.80156483265033,4.97004940170415,13.4257131684251));
#8662=CARTESIAN_POINT('Ctrl Pts',(2.69748534677636,5.35768426718795,13.4065971236572));
#8663=CARTESIAN_POINT('Ctrl Pts',(2.62502535269649,6.18822841507312,13.3684064813768));
#8664=CARTESIAN_POINT('Ctrl Pts',(2.67084306723353,6.62521683171856,13.3490893530313));
#8665=CARTESIAN_POINT('Ctrl Pts',(2.92927267694947,7.47271616923393,13.3067276985378));
#8666=CARTESIAN_POINT('Ctrl Pts',(3.14510081298729,7.87336387777688,13.2849799546456));
#8667=CARTESIAN_POINT('Ctrl Pts',(3.71067139842956,8.55541291572246,13.2443148328982));
#8668=CARTESIAN_POINT('Ctrl Pts',(4.05037320791106,8.83407238046184,13.2250634906114));
#8669=CARTESIAN_POINT('Ctrl Pts',(4.82958045076059,9.25521180154714,13.1827415767387));
#8670=CARTESIAN_POINT('Ctrl Pts',(5.26439798495055,9.38851294427735,13.1609944530084));
#8671=CARTESIAN_POINT('Ctrl Pts',(6.14578706026863,9.47642460592989,13.1202633294604));
#8672=CARTESIAN_POINT('Ctrl Pts',(6.58330501670764,9.43602385508829,13.1010755845487));
#8673=CARTESIAN_POINT('Ctrl Pts',(7.43338603007435,9.18827764394167,13.0587957440572));
#8674=CARTESIAN_POINT('Ctrl Pts',(7.83620429652148,8.97780601905477,13.0370501384154));
#8675=CARTESIAN_POINT('Ctrl Pts',(8.52506947463367,8.42141665811167,12.9962512961987));
#8676=CARTESIAN_POINT('Ctrl Pts',(8.80810134386918,8.08530615304934,12.9771243110842));
#8677=CARTESIAN_POINT('Ctrl Pts',(9.23895653638096,7.31207275822363,12.9348889114301));
#8678=CARTESIAN_POINT('Ctrl Pts',(9.37776475617856,6.87962716992433,12.9131458190761));
#8679=CARTESIAN_POINT('Ctrl Pts',(9.44281320974499,6.30540622049411,12.8864667665489));
#8680=CARTESIAN_POINT('Ctrl Pts',(9.45,6.1776358809911,12.8806643460204));
#8681=CARTESIAN_POINT('Ctrl Pts',(9.45,6.05000000000016,12.8750000027312));
#8682=CARTESIAN_POINT('Origin',(6.05,6.05,13.5));
#8683=CARTESIAN_POINT('',(9.45,6.05000000000002,11.75));
#8684=CARTESIAN_POINT('',(9.45,6.05,11.8750000027312));
#8685=CARTESIAN_POINT('',(9.45,6.05,13.5));
#8686=CARTESIAN_POINT('Ctrl Pts',(9.45,6.05000000000004,11.75));
#8687=CARTESIAN_POINT('Ctrl Pts',(9.45,6.22317482662285,11.7576853127775));
#8688=CARTESIAN_POINT('Ctrl Pts',(9.43677041075212,6.39646655461901,11.7656190044912));
#8689=CARTESIAN_POINT('Ctrl Pts',(9.34195169968199,7.01111784104792,11.7946395593238));
#8690=CARTESIAN_POINT('Ctrl Pts',(9.18681503788063,7.4360268592763,11.8163483419779));
#8691=CARTESIAN_POINT('Ctrl Pts',(8.72700065707385,8.19096774844992,11.8583042779014));
#8692=CARTESIAN_POINT('Ctrl Pts',(8.43071845726165,8.51622288405188,11.8771812517709));
#8693=CARTESIAN_POINT('Ctrl Pts',(7.72153378509708,9.04449177099569,11.9183649308281));
#8694=CARTESIAN_POINT('Ctrl Pts',(7.31254402973228,9.23856889851042,11.9400830510816));
#8695=CARTESIAN_POINT('Ctrl Pts',(6.45501136705066,9.45380664808886,11.9820960057507));
#8696=CARTESIAN_POINT('Ctrl Pts',(6.01585371714219,9.4776475030632,12.0010071491933));
#8697=CARTESIAN_POINT('Ctrl Pts',(5.13970234772615,9.35645905899873,12.0421175345389));
#8698=CARTESIAN_POINT('Ctrl Pts',(4.7117994447248,9.20761189491728,12.0638435668163));
#8699=CARTESIAN_POINT('Ctrl Pts',(3.94970652570616,8.7589822795237,12.1059112998361));
#8700=CARTESIAN_POINT('Ctrl Pts',(3.62023058360654,8.46785784802177,12.1248629449965));
#8701=CARTESIAN_POINT('Ctrl Pts',(3.08096439668778,7.76652024366926,12.1659005358632));
#8702=CARTESIAN_POINT('Ctrl Pts',(2.88047931305736,7.3598589638092,12.187633114186));
#8703=CARTESIAN_POINT('Ctrl Pts',(2.65256641981988,6.50515990724448,12.229753315424));
#8704=CARTESIAN_POINT('Ctrl Pts',(2.62225363124053,6.06664667497853,12.2487511949033));
#8705=CARTESIAN_POINT('Ctrl Pts',(2.73043614066536,5.18837148455238,12.289716753463));
#8706=CARTESIAN_POINT('Ctrl Pts',(2.87323480848104,4.75769737575842,12.3114545832834));
#8707=CARTESIAN_POINT('Ctrl Pts',(3.31114475375147,3.98885278805795,12.3536248953469));
#8708=CARTESIAN_POINT('Ctrl Pts',(3.59737377824256,3.65536528361479,12.372674103463));
#8709=CARTESIAN_POINT('Ctrl Pts',(4.29118920942693,3.10572105371796,12.4135686412139));
#8710=CARTESIAN_POINT('Ctrl Pts',(4.6955530822719,2.8991841888687,12.4353105090595));
#8711=CARTESIAN_POINT('Ctrl Pts',(5.54748353954794,2.65926489589432,12.4775285487126));
#8712=CARTESIAN_POINT('Ctrl Pts',(5.98539235822977,2.62283997312474,12.4966335170612));
#8713=CARTESIAN_POINT('Ctrl Pts',(6.8655827007462,2.71873951599662,12.5374582781871));
#8714=CARTESIAN_POINT('Ctrl Pts',(7.29879313179336,2.85579309727269,12.559203059056));
#8715=CARTESIAN_POINT('Ctrl Pts',(8.0739402164997,3.28355026541368,12.6014664372338));
#8716=CARTESIAN_POINT('Ctrl Pts',(8.41119846851873,3.56518411968564,12.6206309240858));
#8717=CARTESIAN_POINT('Ctrl Pts',(8.97052891807457,4.25187565065928,12.6613873663063));
#8718=CARTESIAN_POINT('Ctrl Pts',(9.18271640522493,4.65400699864525,12.6831340288305));
#8719=CARTESIAN_POINT('Ctrl Pts',(9.40314545323057,5.3993425615519,12.720263225016));
#8720=CARTESIAN_POINT('Ctrl Pts',(9.45,5.72409549433719,12.7355367081322));
#8721=CARTESIAN_POINT('Ctrl Pts',(9.45,6.05000000000019,12.75));
#8722=CARTESIAN_POINT('Ctrl Pts',(9.45,6.05000000000016,12.8750000027312));
#8723=CARTESIAN_POINT('Ctrl Pts',(9.45,5.74380467697807,12.861411383217));
#8724=CARTESIAN_POINT('Ctrl Pts',(9.40864161815198,5.43845093051039,12.8470998475939));
#8725=CARTESIAN_POINT('Ctrl Pts',(9.20659169498081,4.70913468628158,12.8110194231225));
#8726=CARTESIAN_POINT('Ctrl Pts',(9.00189958418884,4.30406029772747,12.789279934273));
#8727=CARTESIAN_POINT('Ctrl Pts',(8.45541826644162,3.60794025652541,12.7483412621727));
#8728=CARTESIAN_POINT('Ctrl Pts',(8.12315640605377,3.32021627175208,12.7293246090578));
#8729=CARTESIAN_POINT('Ctrl Pts',(7.35636968782999,2.87902212002599,12.6871852515889));
#8730=CARTESIAN_POINT('Ctrl Pts',(6.92653440525268,2.73436836650423,12.6654505471347));
#8731=CARTESIAN_POINT('Ctrl Pts',(6.04889869581784,2.6222052614583,12.6244401953408));
#8732=CARTESIAN_POINT('Ctrl Pts',(5.61018871202152,2.6505373632176,12.6054717722249));
#8733=CARTESIAN_POINT('Ctrl Pts',(4.75461178162076,2.87456678290587,12.5633839992706));
#8734=CARTESIAN_POINT('Ctrl Pts',(4.34722650306665,3.07309055259479,12.5416553442286));
#8735=CARTESIAN_POINT('Ctrl Pts',(3.64347439422529,3.60899184789725,12.5005724548717));
#8736=CARTESIAN_POINT('Ctrl Pts',(3.35076865196079,3.93717313981817,12.4816467658333));
#8737=CARTESIAN_POINT('Ctrl Pts',(2.89869791082457,4.69707738273714,12.4396129079198));
#8738=CARTESIAN_POINT('Ctrl Pts',(2.74791326173458,5.12407033753749,12.4178916426329));
#8739=CARTESIAN_POINT('Ctrl Pts',(2.62254167232842,5.99951743557241,12.3767356160406));
#8740=CARTESIAN_POINT('Ctrl Pts',(2.64430053416689,6.43888329738486,12.3578465493324));
#8741=CARTESIAN_POINT('Ctrl Pts',(2.85546973331901,7.29730621093521,12.3158688758159));
#8742=CARTESIAN_POINT('Ctrl Pts',(3.0474861848045,7.70702222779829,12.2941564049314));
#8743=CARTESIAN_POINT('Ctrl Pts',(3.57221604900101,8.41870516507053,12.2529269111176));
#8744=CARTESIAN_POINT('Ctrl Pts',(3.89611912470783,8.71664096548718,12.2340677868374));
#8745=CARTESIAN_POINT('Ctrl Pts',(4.64875920709377,9.18001720145448,12.1921484829689));
#8746=CARTESIAN_POINT('Ctrl Pts',(5.07269279614046,9.33715178500977,12.1704462623112));
#8747=CARTESIAN_POINT('Ctrl Pts',(5.94574780784672,9.47629447357746,12.1291432487353));
#8748=CARTESIAN_POINT('Ctrl Pts',(6.38580222236763,9.46139242908617,12.1103068804806));
#8749=CARTESIAN_POINT('Ctrl Pts',(7.2470841932297,9.26358925727405,12.0684480241039));
#8750=CARTESIAN_POINT('Ctrl Pts',(7.6591136420398,9.0783543126822,12.0467575456479));
#8751=CARTESIAN_POINT('Ctrl Pts',(8.3789334112511,8.56528198546308,12.0053812409326));
#8752=CARTESIAN_POINT('Ctrl Pts',(8.68229577360582,8.24581245018421,11.9865600105263));
#8753=CARTESIAN_POINT('Ctrl Pts',(9.15727811658151,7.50074780585831,11.9447635489059));
#8754=CARTESIAN_POINT('Ctrl Pts',(9.32090459445756,7.08006648540561,11.9230863241421));
#8755=CARTESIAN_POINT('Ctrl Pts',(9.43283130472608,6.44462176561858,11.8928284937944));
#8756=CARTESIAN_POINT('Ctrl Pts',(9.45,6.24727992096618,11.8837550737014));
#8757=CARTESIAN_POINT('Ctrl Pts',(9.45,6.05,11.8750000027312));
#8758=CARTESIAN_POINT('Origin',(6.05,6.05,13.5));
#8759=CARTESIAN_POINT('',(9.45,6.05,10.75));
#8760=CARTESIAN_POINT('',(9.45,6.04999999999997,10.8750000027312));
#8761=CARTESIAN_POINT('',(9.45,6.05,13.5));
#8762=CARTESIAN_POINT('Ctrl Pts',(9.45,6.04999999999999,10.75));
#8763=CARTESIAN_POINT('Ctrl Pts',(9.45,6.29801582765383,10.7610066760074));
#8764=CARTESIAN_POINT('Ctrl Pts',(9.42286542890699,6.54583281735714,10.772503325063));
#8765=CARTESIAN_POINT('Ctrl Pts',(9.27196751666843,7.22347131895516,10.8053500525112));
#8766=CARTESIAN_POINT('Ctrl Pts',(9.09084474518468,7.63473348958281,10.8269308885683));
#8767=CARTESIAN_POINT('Ctrl Pts',(8.58429342215875,8.35857867280511,10.8683659654326));
#8768=CARTESIAN_POINT('Ctrl Pts',(8.26585960896336,8.6657492218372,10.8872461562787));
#8769=CARTESIAN_POINT('Ctrl Pts',(7.52395485979056,9.14610855338241,10.9290012268484));
#8770=CARTESIAN_POINT('Ctrl Pts',(7.1060708321419,9.31238412520147,10.9506030073422));
#8771=CARTESIAN_POINT('Ctrl Pts',(6.23735135149321,9.47296981492637,10.9921077875225));
#8772=CARTESIAN_POINT('Ctrl Pts',(5.79534854035303,9.46862180137624,11.0109588457019));
#8773=CARTESIAN_POINT('Ctrl Pts',(4.92960580578205,9.2909060333552,11.052646412234));
#8774=CARTESIAN_POINT('Ctrl Pts',(4.51475733314563,9.11623335245126,11.0742678366802));
#8775=CARTESIAN_POINT('Ctrl Pts',(3.78294794490506,8.62137451603931,11.1158414209922));
#8776=CARTESIAN_POINT('Ctrl Pts',(3.47117784839876,8.30857657557222,11.1346716167499));
#8777=CARTESIAN_POINT('Ctrl Pts',(2.9785281840197,7.57484143058148,11.1762900542978));
#8778=CARTESIAN_POINT('Ctrl Pts',(2.80514367707281,7.15904785810634,11.1979297415913));
#8779=CARTESIAN_POINT('Ctrl Pts',(2.63062475346836,6.29302366204463,11.2395710335597));
#8780=CARTESIAN_POINT('Ctrl Pts',(2.62773664014844,5.85175418998299,11.2583886831503));
#8781=CARTESIAN_POINT('Ctrl Pts',(2.79097276384006,4.98315986676784,11.2999366301907));
#8782=CARTESIAN_POINT('Ctrl Pts',(2.95910677471076,4.56481249876305,11.3215931357144));
#8783=CARTESIAN_POINT('Ctrl Pts',(3.44217917795837,3.8250998189497,11.3633007972422));
#8784=CARTESIAN_POINT('Ctrl Pts',(3.74935989543456,3.50874715072366,11.3821142703437));
#8785=CARTESIAN_POINT('Ctrl Pts',(4.47484704145039,3.00391647753678,11.4235905861603));
#8786=CARTESIAN_POINT('Ctrl Pts',(4.88843949922907,2.8234689578126,11.4452624251417));
#8787=CARTESIAN_POINT('Ctrl Pts',(5.75167562931581,2.63508229780638,11.4870349073622));
#8788=CARTESIAN_POINT('Ctrl Pts',(6.19221915637219,2.6250277433566,11.5058524845496));
#8789=CARTESIAN_POINT('Ctrl Pts',(7.06351567538736,2.77389846613196,11.5472562822671));
#8790=CARTESIAN_POINT('Ctrl Pts',(7.48522940151082,2.93549156339109,11.5689419457654));
#8791=CARTESIAN_POINT('Ctrl Pts',(8.23268339769752,3.4068331067444,11.610777517791));
#8792=CARTESIAN_POINT('Ctrl Pts',(8.55354842576136,3.70848675743626,11.6296072683656));
#8793=CARTESIAN_POINT('Ctrl Pts',(9.07029858002128,4.42575472571508,11.6709379340115));
#8794=CARTESIAN_POINT('Ctrl Pts',(9.25767186747851,4.83706733708608,11.6926359077652));
#8795=CARTESIAN_POINT('Ctrl Pts',(9.41992880267674,5.52813090417772,11.7262872307676));
#8796=CARTESIAN_POINT('Ctrl Pts',(9.45,5.7889078752079,11.7384130119724));
#8797=CARTESIAN_POINT('Ctrl Pts',(9.45,6.05000000000004,11.75));
#8798=CARTESIAN_POINT('Ctrl Pts',(9.45,6.05,11.8750000027312));
#8799=CARTESIAN_POINT('Ctrl Pts',(9.45,5.81243421522204,11.8644570884009));
#8800=CARTESIAN_POINT('Ctrl Pts',(9.42510380525056,5.57499916550086,11.8534623253132));
#8801=CARTESIAN_POINT('Ctrl Pts',(9.28231226302259,4.90471317784796,11.8210909086903));
#8802=CARTESIAN_POINT('Ctrl Pts',(9.10405534258152,4.49042472926321,11.7994284507537));
#8803=CARTESIAN_POINT('Ctrl Pts',(8.60299966349437,3.76236517253489,11.7579073673869));
#8804=CARTESIAN_POINT('Ctrl Pts',(8.28807008611539,3.45344031382482,11.7390922723868));
#8805=CARTESIAN_POINT('Ctrl Pts',(7.5508076365243,2.96669367661951,11.6974258083788));
#8806=CARTESIAN_POINT('Ctrl Pts',(7.13353844811351,2.79651760241899,11.6757796133784));
#8807=CARTESIAN_POINT('Ctrl Pts',(6.26581844812125,2.62877265619224,11.6341875850962));
#8808=CARTESIAN_POINT('Ctrl Pts',(5.82432032198816,2.62940900582298,11.6153630919733));
#8809=CARTESIAN_POINT('Ctrl Pts',(4.95744476592524,2.79958440772804,11.5737638617115));
#8810=CARTESIAN_POINT('Ctrl Pts',(4.54098650275213,2.97075401922812,11.5521353911487));
#8811=CARTESIAN_POINT('Ctrl Pts',(3.80469180617866,3.45957802836282,11.510473687996));
#8812=CARTESIAN_POINT('Ctrl Pts',(3.49013641310462,3.76991367740892,11.4916314684754));
#8813=CARTESIAN_POINT('Ctrl Pts',(2.99161657133896,4.49924296970701,11.4501006502646));
#8814=CARTESIAN_POINT('Ctrl Pts',(2.81492032614945,4.91298090900049,11.4284913122223));
#8815=CARTESIAN_POINT('Ctrl Pts',(2.63269792593463,5.77780960863374,11.3867614670753));
#8816=CARTESIAN_POINT('Ctrl Pts',(2.62609464003103,6.2200408271445,11.3678932102481));
#8817=CARTESIAN_POINT('Ctrl Pts',(2.78235274103812,7.08957593767904,11.3264317845529));
#8818=CARTESIAN_POINT('Ctrl Pts',(2.94641823497792,7.50808456509403,11.3048429114239));
#8819=CARTESIAN_POINT('Ctrl Pts',(3.4229494791017,8.25250240250697,11.2630466819519));
#8820=CARTESIAN_POINT('Ctrl Pts',(3.7286923756186,8.57268570727861,11.2441442424728));
#8821=CARTESIAN_POINT('Ctrl Pts',(4.45005902078155,9.08283841277162,11.2027529585814));
#8822=CARTESIAN_POINT('Ctrl Pts',(4.86019342454444,9.26594017957383,11.181185793016));
#8823=CARTESIAN_POINT('Ctrl Pts',(5.72202620972399,9.46251183733303,11.1393251302175));
#8824=CARTESIAN_POINT('Ctrl Pts',(6.16498589345233,9.47630751484065,11.1203806463228));
#8825=CARTESIAN_POINT('Ctrl Pts',(7.03704478481354,9.33380112217384,11.0790600067019));
#8826=CARTESIAN_POINT('Ctrl Pts',(7.45746055510112,9.1767635525352,11.0575156864059));
#8827=CARTESIAN_POINT('Ctrl Pts',(8.20978710010285,8.71243057929403,11.0155927099074));
#8828=CARTESIAN_POINT('Ctrl Pts',(8.53552704713799,8.41122281455353,10.9965986993404));
#8829=CARTESIAN_POINT('Ctrl Pts',(9.0570299964948,7.69774693486469,10.9553489549557));
#8830=CARTESIAN_POINT('Ctrl Pts',(9.24634369166029,7.29123812593418,10.9338284995346));
#8831=CARTESIAN_POINT('Ctrl Pts',(9.41728801843241,6.59422105262013,10.8997532716233));
#8832=CARTESIAN_POINT('Ctrl Pts',(9.45,6.32231510671702,10.8870850546407));
#8833=CARTESIAN_POINT('Ctrl Pts',(9.45,6.04999999999995,10.8750000027312));
#8834=CARTESIAN_POINT('Origin',(6.05,6.05,13.5));
#8835=CARTESIAN_POINT('',(9.45,6.04999999999991,9.74999999999999));
#8836=CARTESIAN_POINT('',(9.45,6.04999999999991,9.87500000273118));
#8837=CARTESIAN_POINT('',(9.45,6.05,13.5));
#8838=CARTESIAN_POINT('Ctrl Pts',(9.45,6.04999999999981,9.74999999999999));
#8839=CARTESIAN_POINT('Ctrl Pts',(9.45000000000002,6.36860983928483,9.76413956241006));
#8840=CARTESIAN_POINT('Ctrl Pts',(9.40521961492998,6.68622485111754,9.77905814428965));
#8841=CARTESIAN_POINT('Ctrl Pts',(9.19370540654033,7.41852081702304,9.81544478143946));
#8842=CARTESIAN_POINT('Ctrl Pts',(8.98914378061558,7.81555765731742,9.83682517391235));
#8843=CARTESIAN_POINT('Ctrl Pts',(8.43945014336778,8.50890524346633,9.87769985742645));
#8844=CARTESIAN_POINT('Ctrl Pts',(8.09961753459827,8.79859238398247,9.89706577085069));
#8845=CARTESIAN_POINT('Ctrl Pts',(7.32774413489271,9.2317250143251,9.93928268004824));
#8846=CARTESIAN_POINT('Ctrl Pts',(6.9030161266428,9.370902362846,9.96069005994452));
#8847=CARTESIAN_POINT('Ctrl Pts',(6.02501116996525,9.4784955111811,10.0016327919772));
#8848=CARTESIAN_POINT('Ctrl Pts',(5.58019328238488,9.44624657107403,10.0209185143067));
#8849=CARTESIAN_POINT('Ctrl Pts',(4.7266087276268,9.21305540735347,10.0630862821827));
#8850=CARTESIAN_POINT('Ctrl Pts',(4.32613080230623,9.01387947366259,10.084520384617));
#8851=CARTESIAN_POINT('Ctrl Pts',(3.62554490102529,8.47420076888371,10.1255321987578));
#8852=CARTESIAN_POINT('Ctrl Pts',(3.33172046903209,8.13942335178353,10.1447420098815));
#8853=CARTESIAN_POINT('Ctrl Pts',(2.88735317793087,7.37447611194009,10.1868580630438));
#8854=CARTESIAN_POINT('Ctrl Pts',(2.74176547533004,6.95120831234658,10.2083184778397));
#8855=CARTESIAN_POINT('Ctrl Pts',(2.62164333513299,6.07526136195025,10.2494001901148));
#8856=CARTESIAN_POINT('Ctrl Pts',(2.64723646045083,5.63111060488878,10.2685390610159));
#8857=CARTESIAN_POINT('Ctrl Pts',(2.86725587498441,4.7744580932154,10.3106008537816));
#8858=CARTESIAN_POINT('Ctrl Pts',(3.06069670557376,4.37043133831887,10.332087024771));
#8859=CARTESIAN_POINT('Ctrl Pts',(3.58978139734967,3.66229400269236,10.37323922057));
#8860=CARTESIAN_POINT('Ctrl Pts',(3.91927002797705,3.36414726162506,10.3923127857015));
#8861=CARTESIAN_POINT('Ctrl Pts',(4.67686831575446,2.90807718644515,10.4343178249729));
#8862=CARTESIAN_POINT('Ctrl Pts',(5.09850467784573,2.75578666703919,10.4558290518692));
#8863=CARTESIAN_POINT('Ctrl Pts',(5.97220885514615,2.62256264883494,10.4970520756292));
#8864=CARTESIAN_POINT('Ctrl Pts',(6.41566195961815,2.64123648102808,10.5160665908673));
#8865=CARTESIAN_POINT('Ctrl Pts',(7.27539278087345,2.84751807478678,10.5580124622354));
#8866=CARTESIAN_POINT('Ctrl Pts',(7.68303075903637,3.03492103575121,10.5795479051836));
#8867=CARTESIAN_POINT('Ctrl Pts',(8.39895196222835,3.55292512797976,10.620841853172));
#8868=CARTESIAN_POINT('Ctrl Pts',(8.70156365611469,3.87694516029904,10.6398041395281));
#8869=CARTESIAN_POINT('Ctrl Pts',(9.16967868615167,4.62683575095733,10.6816885340924));
#8870=CARTESIAN_POINT('Ctrl Pts',(9.32889279431252,5.04667369353462,10.7032472209147));
#8871=CARTESIAN_POINT('Ctrl Pts',(9.43427304896668,5.67228133616051,10.7329481530876));
#8872=CARTESIAN_POINT('Ctrl Pts',(9.45,5.861185359918,10.7416206091018));
#8873=CARTESIAN_POINT('Ctrl Pts',(9.45,6.04999999999999,10.75));
#8874=CARTESIAN_POINT('Ctrl Pts',(9.45,6.04999999999995,10.8750000027312));
#8875=CARTESIAN_POINT('Ctrl Pts',(9.45,5.8841751568311,10.8676408743239));
#8876=CARTESIAN_POINT('Ctrl Pts',(9.43786952343666,5.71821852350904,10.8600529105096));
#8877=CARTESIAN_POINT('Ctrl Pts',(9.34872591644254,5.11436942661026,10.8316160670105));
#8878=CARTESIAN_POINT('Ctrl Pts',(9.19855156375699,4.69220639390842,10.8101203671618));
#8879=CARTESIAN_POINT('Ctrl Pts',(8.74617155160549,3.93227604124414,10.7680796653969));
#8880=CARTESIAN_POINT('Ctrl Pts',(8.449389248407,3.60111721081845,10.7489660923587));
#8881=CARTESIAN_POINT('Ctrl Pts',(7.74363422810531,3.06867399859195,10.7078578836463));
#8882=CARTESIAN_POINT('Ctrl Pts',(7.34072235663442,2.8734109273313,10.6863876929146));
#8883=CARTESIAN_POINT('Ctrl Pts',(6.48502911273864,2.64921971710437,10.6442917840015));
#8884=CARTESIAN_POINT('Ctrl Pts',(6.04066680307299,2.62152095167207,10.6251093173953));
#8885=CARTESIAN_POINT('Ctrl Pts',(5.16405831133223,2.73767143411684,10.5840712550406));
#8886=CARTESIAN_POINT('Ctrl Pts',(4.74031706865264,2.88122703019595,10.5626271842484));
#8887=CARTESIAN_POINT('Ctrl Pts',(3.97316347819091,3.32203757087472,10.5204785970573));
#8888=CARTESIAN_POINT('Ctrl Pts',(3.63678334245271,3.61455101975873,10.5012220119411));
#8889=CARTESIAN_POINT('Ctrl Pts',(3.09391776044428,4.31284416816083,10.4602533654081));
#8890=CARTESIAN_POINT('Ctrl Pts',(2.89302414821835,4.71223617755685,10.4388358797829));
#8891=CARTESIAN_POINT('Ctrl Pts',(2.65586361453946,5.56487355879057,10.396637180091));
#8892=CARTESIAN_POINT('Ctrl Pts',(2.62160439324247,6.00989192920686,10.3773019338935));
#8893=CARTESIAN_POINT('Ctrl Pts',(2.72542801915192,6.88849952988942,10.3364017498589));
#8894=CARTESIAN_POINT('Ctrl Pts',(2.86267693602026,7.31364778925518,10.3150111687808));
#8895=CARTESIAN_POINT('Ctrl Pts',(3.29242114098842,8.0875854892933,10.2727649353831));
#8896=CARTESIAN_POINT('Ctrl Pts',(3.58086242821314,8.42893860671459,10.2533471866734));
#8897=CARTESIAN_POINT('Ctrl Pts',(4.27202909939213,8.98162349350914,10.212514303618));
#8898=CARTESIAN_POINT('Ctrl Pts',(4.66802194125858,9.18778664660245,10.1911508028362));
#8899=CARTESIAN_POINT('Ctrl Pts',(5.51011579820662,9.43498057218767,10.1492355760748));
#8900=CARTESIAN_POINT('Ctrl Pts',(5.9475504393384,9.47623124742118,10.1300287962281));
#8901=CARTESIAN_POINT('Ctrl Pts',(6.82919097665219,9.39002684405196,10.0893178964911));
#8902=CARTESIAN_POINT('Ctrl Pts',(7.26434766093448,9.25752932259001,10.0675704940938));
#8903=CARTESIAN_POINT('Ctrl Pts',(8.04441874978108,8.83780587429763,10.0252362725754));
#8904=CARTESIAN_POINT('Ctrl Pts',(8.38464198109735,8.55978075072728,10.0059651635013));
#8905=CARTESIAN_POINT('Ctrl Pts',(8.95154030214061,7.87872490044855,9.96531971145125));
#8906=CARTESIAN_POINT('Ctrl Pts',(9.16814305431458,7.47839747495466,9.9435719421095));
#8907=CARTESIAN_POINT('Ctrl Pts',(9.39972967533642,6.72378726006273,9.90582604438672));
#8908=CARTESIAN_POINT('Ctrl Pts',(9.45000000000002,6.38757365446137,9.88998115888745));
#8909=CARTESIAN_POINT('Ctrl Pts',(9.45,6.04999999999982,9.87500000273118));
#8910=CARTESIAN_POINT('Origin',(6.05,6.05,13.5));
#8911=CARTESIAN_POINT('',(9.45,6.04999999999996,8.75));
#8912=CARTESIAN_POINT('',(9.45,6.04999999999996,8.87500000273118));
#8913=CARTESIAN_POINT('',(9.45,6.05,13.5));
#8914=CARTESIAN_POINT('Ctrl Pts',(9.45,6.04999999999991,8.75));
#8915=CARTESIAN_POINT('Ctrl Pts',(9.45000000000001,6.42189018817314,8.76650408705885));
#8916=CARTESIAN_POINT('Ctrl Pts',(9.3889876360329,6.79169264537197,8.78403707366795));
#8917=CARTESIAN_POINT('Ctrl Pts',(9.12343028441685,7.57263793977115,8.82357615588902));
#8918=CARTESIAN_POINT('Ctrl Pts',(8.89394598677365,7.96739859150043,8.84531367090629));
#8919=CARTESIAN_POINT('Ctrl Pts',(8.30495814107097,8.63165134814997,8.88561947714985));
#8920=CARTESIAN_POINT('Ctrl Pts',(7.95597871974954,8.89904258871519,8.90528681827025));
#8921=CARTESIAN_POINT('Ctrl Pts',(7.16154210730749,9.29479295259595,8.94781788459532));
#8922=CARTESIAN_POINT('Ctrl Pts',(6.72089453689687,9.41365161454215,8.96955825229124));
#8923=CARTESIAN_POINT('Ctrl Pts',(5.83526036259262,9.4710511351701,9.0099168838268));
#8924=CARTESIAN_POINT('Ctrl Pts',(5.39921991874446,9.41544550730582,9.02951611380485));
#8925=CARTESIAN_POINT('Ctrl Pts',(4.5565673250132,9.13766306049492,9.0720184256976));
#8926=CARTESIAN_POINT('Ctrl Pts',(4.16002968660645,8.91217737673942,9.09376129754298));
#8927=CARTESIAN_POINT('Ctrl Pts',(3.49050210511622,8.33004936135071,9.13417509502469));
#8928=CARTESIAN_POINT('Ctrl Pts',(3.2197917670364,7.9838060365042,9.15370565203187));
#8929=CARTESIAN_POINT('Ctrl Pts',(2.82123628897572,7.203083883915,9.19567964996133));
#8930=CARTESIAN_POINT('Ctrl Pts',(2.69903116392255,6.77495677490676,9.21692588893315));
#8931=CARTESIAN_POINT('Ctrl Pts',(2.62463631912797,5.8919062749563,9.25748227382351));
#8932=CARTESIAN_POINT('Ctrl Pts',(2.67472110290963,5.44533266054955,9.27728891901719));
#8933=CARTESIAN_POINT('Ctrl Pts',(2.94296905152305,4.60048290654374,9.31971347201171));
#8934=CARTESIAN_POINT('Ctrl Pts',(3.1571387713426,4.20985594056222,9.34098602052128));
#8935=CARTESIAN_POINT('Ctrl Pts',(3.7248745537809,3.52979711861116,9.38160262003606));
#8936=CARTESIAN_POINT('Ctrl Pts',(4.07395382601525,3.24769933901859,9.40131807330647));
#8937=CARTESIAN_POINT('Ctrl Pts',(4.8582439511576,2.8352384064076,9.44370602899701));
#8938=CARTESIAN_POINT('Ctrl Pts',(5.28539243459268,2.70778769306821,9.46500526383516));
#8939=CARTESIAN_POINT('Ctrl Pts',(6.16694548996679,2.62312524369371,9.50568393647505));
#8940=CARTESIAN_POINT('Ctrl Pts',(6.61297914723104,2.66766138318069,9.5253090675691));
#8941=CARTESIAN_POINT('Ctrl Pts',(7.4606260610061,2.92504368813818,9.5676580194128));
#8942=CARTESIAN_POINT('Ctrl Pts',(7.85436872591342,3.13460935375612,9.58898420594445));
#8943=CARTESIAN_POINT('Ctrl Pts',(8.54085727014308,3.69367022666586,9.62972668437833));
#8944=CARTESIAN_POINT('Ctrl Pts',(8.82662679312066,4.03828089812275,9.64926300098683));
#8945=CARTESIAN_POINT('Ctrl Pts',(9.24909727306107,4.81661144278595,9.6915704759294));
#8946=CARTESIAN_POINT('Ctrl Pts',(9.38221466045615,5.2426305776525,9.71292375829374));
#8947=CARTESIAN_POINT('Ctrl Pts',(9.44336423048282,5.80457317540638,9.7389862401099));
#8948=CARTESIAN_POINT('Ctrl Pts',(9.44999999999999,5.92735486249534,9.74455714054554));
#8949=CARTESIAN_POINT('Ctrl Pts',(9.45,6.04999999999982,9.74999999999999));
#8950=CARTESIAN_POINT('Ctrl Pts',(9.45,6.04999999999982,9.87500000273118));
#8951=CARTESIAN_POINT('Ctrl Pts',(9.45,5.95353711447882,9.87071908349422));
#8952=CARTESIAN_POINT('Ctrl Pts',(9.44589494910931,5.85696986441934,9.86635807217685));
#8953=CARTESIAN_POINT('Ctrl Pts',(9.39926259467462,5.31118057028021,9.84127931720362));
#8954=CARTESIAN_POINT('Ctrl Pts',(9.27183536255884,4.873924537026,9.81953195180238));
#8955=CARTESIAN_POINT('Ctrl Pts',(8.86103613827327,4.08844853873326,9.77712191444424));
#8956=CARTESIAN_POINT('Ctrl Pts',(8.58699255428227,3.74495017893468,9.75771676764153));
#8957=CARTESIAN_POINT('Ctrl Pts',(7.91219476762674,3.16974342769564,9.71719631323634));
#8958=CARTESIAN_POINT('Ctrl Pts',(7.51390833121478,2.94829398020267,9.69545002713362));
#8959=CARTESIAN_POINT('Ctrl Pts',(6.66919950601976,2.67861482154502,9.65300541940017));
#8960=CARTESIAN_POINT('Ctrl Pts',(6.23276385568215,2.62710400178344,9.63353174863773));
#8961=CARTESIAN_POINT('Ctrl Pts',(5.34822029254245,2.69271305940184,9.59307060664766));
#8962=CARTESIAN_POINT('Ctrl Pts',(4.90909306964735,2.8154736939373,9.57132598290398));
#8963=CARTESIAN_POINT('Ctrl Pts',(4.11871039272001,3.21807244855154,9.52884893634668));
#8964=CARTESIAN_POINT('Ctrl Pts',(3.77221896006284,3.48848167430058,9.50930645938989));
#8965=CARTESIAN_POINT('Ctrl Pts',(3.18946728022619,4.15753181140478,9.46890238595715));
#8966=CARTESIAN_POINT('Ctrl Pts',(2.96361797737462,4.55390969459131,9.44715991970227));
#8967=CARTESIAN_POINT('Ctrl Pts',(2.68510440480482,5.39637485052578,9.40465248628585));
#8968=CARTESIAN_POINT('Ctrl Pts',(2.62912954470478,5.83237975475586,9.38504140351815));
#8969=CARTESIAN_POINT('Ctrl Pts',(2.68578915605735,6.71811037531411,9.34469209307488));
#8970=CARTESIAN_POINT('Ctrl Pts',(2.80429559101544,7.15889322118942,9.32295219675996));
#8971=CARTESIAN_POINT('Ctrl Pts',(3.19942809825849,7.95369362485812,9.28041634342982));
#8972=CARTESIAN_POINT('Ctrl Pts',(3.46654780642801,8.30289700493747,9.26073728799821));
#8973=CARTESIAN_POINT('Ctrl Pts',(4.13036787737263,8.89244460407466,9.22044039429625));
#8974=CARTESIAN_POINT('Ctrl Pts',(4.52498160494404,9.12225508545465,9.1987034035907));
#8975=CARTESIAN_POINT('Ctrl Pts',(5.36538101568226,9.40874572529667,9.15614100846099));
#8976=CARTESIAN_POINT('Ctrl Pts',(5.80099938979857,9.46874695016722,9.13639499538476));
#8977=CARTESIAN_POINT('Ctrl Pts',(6.68776145418069,9.42015162315627,9.09614815109358));
#8978=CARTESIAN_POINT('Ctrl Pts',(7.12999987790119,9.30548982153058,9.07441433120435));
#8979=CARTESIAN_POINT('Ctrl Pts',(7.92874826214317,8.91709804349146,9.03182718120068));
#8980=CARTESIAN_POINT('Ctrl Pts',(8.28038968497936,8.6529328629223,9.01201555667667));
#8981=CARTESIAN_POINT('Ctrl Pts',(8.8760135611558,7.99383180345792,8.97181639136582));
#8982=CARTESIAN_POINT('Ctrl Pts',(9.10936372827483,7.6008316947605,8.95008594357997));
#8983=CARTESIAN_POINT('Ctrl Pts',(9.38553245121705,6.81220312459808,8.91001082386116));
#8984=CARTESIAN_POINT('Ctrl Pts',(9.45000000000001,6.43227325110747,8.89196487896935));
#8985=CARTESIAN_POINT('Ctrl Pts',(9.45,6.04999999999993,8.87500000273118));
#8986=CARTESIAN_POINT('Origin',(6.05,6.05,13.5));
#8987=CARTESIAN_POINT('',(9.45,6.04999999999999,7.75));
#8988=CARTESIAN_POINT('',(9.45,6.05,7.87500000273119));
#8989=CARTESIAN_POINT('',(9.45,6.05,13.5));
#8990=CARTESIAN_POINT('Ctrl Pts',(9.45,6.04999999999998,7.75));
#8991=CARTESIAN_POINT('Ctrl Pts',(9.45,6.45430052159644,7.76794242284031));
#8992=CARTESIAN_POINT('Ctrl Pts',(9.37788709689348,6.85565752265863,7.78707982023782));
#8993=CARTESIAN_POINT('Ctrl Pts',(9.07870911289859,7.66013302831313,7.82828117428824));
#8994=CARTESIAN_POINT('Ctrl Pts',(8.83720885635553,8.04928243774024,7.84999054999727));
#8995=CARTESIAN_POINT('Ctrl Pts',(8.22757765545693,8.69734997791739,7.88995754716139));
#8996=CARTESIAN_POINT('Ctrl Pts',(7.87026622109522,8.9546535009479,7.9101129063024));
#8997=CARTESIAN_POINT('Ctrl Pts',(7.06242604766591,9.32726713964783,7.95281350081753));
#8998=CARTESIAN_POINT('Ctrl Pts',(6.61692496181724,9.43291851895035,7.97452648138389));
#8999=CARTESIAN_POINT('Ctrl Pts',(5.72789540653082,9.46269470063312,8.01452801431414));
#9000=CARTESIAN_POINT('Ctrl Pts',(5.29317374505633,9.39327996824454,8.03462978383825));
#9001=CARTESIAN_POINT('Ctrl Pts',(4.45776021581863,9.08811291290942,8.07731422736418));
#9002=CARTESIAN_POINT('Ctrl Pts',(4.06742756276609,8.849074538689,8.09903085896449));
#9003=CARTESIAN_POINT('Ctrl Pts',(3.41600200318196,8.24367734141125,8.13906905047372));
#9004=CARTESIAN_POINT('Ctrl Pts',(3.15661669309152,7.88808726815463,8.1591148546931));
#9005=CARTESIAN_POINT('Ctrl Pts',(2.77919818371157,7.08299370013892,8.2017818826391));
#9006=CARTESIAN_POINT('Ctrl Pts',(2.67080147858301,6.63846483043574,8.22350218284558));
#9007=CARTESIAN_POINT('Ctrl Pts',(2.63530277710082,5.75010421773783,8.26357922220101));
#9008=CARTESIAN_POINT('Ctrl Pts',(2.70185219303941,5.31511060650179,8.283566767163));
#9009=CARTESIAN_POINT('Ctrl Pts',(3.00133111288389,4.47815623883741,8.32621503012894));
#9010=CARTESIAN_POINT('Ctrl Pts',(3.23756613362428,4.08649743523284,8.34793898263308));
#9011=CARTESIAN_POINT('Ctrl Pts',(3.83814517137321,3.43127474060929,8.38805711780742));
#9012=CARTESIAN_POINT('Ctrl Pts',(4.19178433358672,3.16952863183394,8.40798422618561));
#9013=CARTESIAN_POINT('Ctrl Pts',(4.99375062138716,2.7866800026718,8.4506122871734));
#9014=CARTESIAN_POINT('Ctrl Pts',(5.43715828146175,2.67518212759188,8.47233983610157));
#9015=CARTESIAN_POINT('Ctrl Pts',(6.32474023783086,2.63320738663133,8.51250136436893));
#9016=CARTESIAN_POINT('Ctrl Pts',(6.76004234695034,2.69651729875923,8.53236601401886));
#9017=CARTESIAN_POINT('Ctrl Pts',(7.59871428596399,2.98956859761919,8.57497234615872));
#9018=CARTESIAN_POINT('Ctrl Pts',(7.99184816892666,3.22262823205567,8.59670339002846));
#9019=CARTESIAN_POINT('Ctrl Pts',(8.65133819664496,3.81775323236476,8.6369106468203));
#9020=CARTESIAN_POINT('Ctrl Pts',(8.91574643747904,4.16919400521223,8.65671101280643));
#9021=CARTESIAN_POINT('Ctrl Pts',(9.3046939826683,4.96761833063165,8.69929399773557));
#9022=CARTESIAN_POINT('Ctrl Pts',(9.41967289505919,5.40973814527964,8.72102838312359));
#9023=CARTESIAN_POINT('Ctrl Pts',(9.44825828025916,5.9242776795748,8.7443885615661));
#9024=CARTESIAN_POINT('Ctrl Pts',(9.45,5.98716722893258,8.74721154911632));
#9025=CARTESIAN_POINT('Ctrl Pts',(9.45,6.04999999999991,8.75));
#9026=CARTESIAN_POINT('Ctrl Pts',(9.45,6.04999999999993,8.87500000273118));
#9027=CARTESIAN_POINT('Ctrl Pts',(9.45,5.99724983571587,8.87265900710559));
#9028=CARTESIAN_POINT('Ctrl Pts',(9.44877240438403,5.94445703231466,8.87029355310591));
#9029=CARTESIAN_POINT('Ctrl Pts',(9.42522605818462,5.43938770550946,8.8474462816921));
#9030=CARTESIAN_POINT('Ctrl Pts',(9.31401155180986,4.99587657791948,8.8257193499703));
#9031=CARTESIAN_POINT('Ctrl Pts',(8.93165921801488,4.19362344021594,8.78308768196855));
#9032=CARTESIAN_POINT('Ctrl Pts',(8.67012924231331,3.83980572292555,8.76314995263723));
#9033=CARTESIAN_POINT('Ctrl Pts',(8.01525368417694,3.23878484909405,8.72303910102048));
#9034=CARTESIAN_POINT('Ctrl Pts',(7.62371559050731,3.0022926797119,8.70131577849649));
#9035=CARTESIAN_POINT('Ctrl Pts',(6.78690159910088,2.70229253136687,8.65866416387182));
#9036=CARTESIAN_POINT('Ctrl Pts',(6.35193294812803,2.63548049931586,8.63866636521247));
#9037=CARTESIAN_POINT('Ctrl Pts',(5.46351025329443,2.67045449128769,8.59859621611396));
#9038=CARTESIAN_POINT('Ctrl Pts',(5.01889151471322,2.77859966389548,8.57687655138278));
#9039=CARTESIAN_POINT('Ctrl Pts',(4.21354544790666,3.15557786155716,8.53420641177709));
#9040=CARTESIAN_POINT('Ctrl Pts',(3.85779744113543,3.41477212201343,8.51415074398328));
#9041=CARTESIAN_POINT('Ctrl Pts',(3.25201110233658,4.06588988148334,8.47411905897569));
#9042=CARTESIAN_POINT('Ctrl Pts',(3.01274639517497,4.45611448243693,8.45240306207945));
#9043=CARTESIAN_POINT('Ctrl Pts',(2.70711952975173,5.29140259574141,8.40971573198658));
#9044=CARTESIAN_POINT('Ctrl Pts',(2.63747322921383,5.72610231519252,8.38960450556702));
#9045=CARTESIAN_POINT('Ctrl Pts',(2.66678716744663,6.61518512485755,8.34960910638689));
#9046=CARTESIAN_POINT('Ctrl Pts',(2.77221659106985,7.06076398313202,8.32789675443145));
#9047=CARTESIAN_POINT('Ctrl Pts',(3.14444184159919,7.86882532781652,8.28519348406204));
#9048=CARTESIAN_POINT('Ctrl Pts',(3.40157737802011,8.22627570510621,8.26502908559466));
#9049=CARTESIAN_POINT('Ctrl Pts',(4.04937356323998,8.83624795359791,8.22506786161482));
#9050=CARTESIAN_POINT('Ctrl Pts',(4.43842693435339,9.07794644434455,8.20335910397189));
#9051=CARTESIAN_POINT('Ctrl Pts',(5.27235676258564,9.38852319957442,8.16064106248999));
#9052=CARTESIAN_POINT('Ctrl Pts',(5.70682065148168,9.46066188560911,8.14042592411221));
#9053=CARTESIAN_POINT('Ctrl Pts',(6.59646901556637,9.43632076293347,8.10049683828516));
#9054=CARTESIAN_POINT('Ctrl Pts',(7.04287736633075,9.33328096860552,8.07879160135317));
#9055=CARTESIAN_POINT('Ctrl Pts',(7.8533115472489,8.96523653860919,8.03605988037928));
#9056=CARTESIAN_POINT('Ctrl Pts',(8.21225572661272,8.70990661288832,8.01579645296773));
#9057=CARTESIAN_POINT('Ctrl Pts',(8.82588793750389,8.0650306447101,7.97589754636266));
#9058=CARTESIAN_POINT('Ctrl Pts',(9.06971309149199,7.67701475319204,7.9541957378754));
#9059=CARTESIAN_POINT('Ctrl Pts',(9.37561469323717,6.86810873809446,7.91267416666071));
#9060=CARTESIAN_POINT('Ctrl Pts',(9.45,6.46061970479734,7.89322286413375));
#9061=CARTESIAN_POINT('Ctrl Pts',(9.45,6.05,7.87500000273119));
#9062=CARTESIAN_POINT('Origin',(6.05,6.05,13.5));
#9063=CARTESIAN_POINT('',(9.45,6.05,6.75));
#9064=CARTESIAN_POINT('',(9.45,6.05,6.87500000273119));
#9065=CARTESIAN_POINT('',(9.45,6.05,13.5));
#9066=CARTESIAN_POINT('Ctrl Pts',(9.45,6.05,6.75));
#9067=CARTESIAN_POINT('Ctrl Pts',(9.45,6.47353245175333,6.76879591524133));
#9068=CARTESIAN_POINT('Ctrl Pts',(9.37086157490826,6.89353030602865,6.78888971930478));
#9069=CARTESIAN_POINT('Ctrl Pts',(9.05105385815024,7.7113264512872,6.83106145206025));
#9070=CARTESIAN_POINT('Ctrl Pts',(8.80249677323983,8.09698645205964,6.85274569267127));
#9071=CARTESIAN_POINT('Ctrl Pts',(8.18071245596865,8.7353041168575,6.89250340371407));
#9072=CARTESIAN_POINT('Ctrl Pts',(7.81842276505931,8.98659300425117,6.91300078641243));
#9073=CARTESIAN_POINT('Ctrl Pts',(7.00270821224288,9.34524006753577,6.95579409890727));
#9074=CARTESIAN_POINT('Ctrl Pts',(6.55448659159413,9.44290656069509,6.97748103289033));
#9075=CARTESIAN_POINT('Ctrl Pts',(5.66361808514688,9.45609020896819,7.01725916669233));
#9076=CARTESIAN_POINT('Ctrl Pts',(5.22968201197699,9.37835103361319,7.03772190769359));
#9077=CARTESIAN_POINT('Ctrl Pts',(4.39886061483181,9.05664660016976,7.08050655325133));
#9078=CARTESIAN_POINT('Ctrl Pts',(4.01249381566336,8.80949535048075,7.1021963182567));
#9079=CARTESIAN_POINT('Ctrl Pts',(3.37221886869897,8.19013428944586,7.1419963462281));
#9080=CARTESIAN_POINT('Ctrl Pts',(3.1197259297988,7.82884173325633,7.1624222469202));
#9081=CARTESIAN_POINT('Ctrl Pts',(2.75827308918841,7.01469605573813,7.2051975112037));
#9082=CARTESIAN_POINT('Ctrl Pts',(2.65900204116643,6.5670084215461,7.22689024293523));
#9083=CARTESIAN_POINT('Ctrl Pts',(2.64248999799314,5.67649685417121,7.26671371989442));
#9084=CARTESIAN_POINT('Ctrl Pts',(2.71855722217736,5.2424034996271,7.2871005082041));
#9085=CARTESIAN_POINT('Ctrl Pts',(3.0369390180289,4.41064595369846,7.32986562114231));
#9086=CARTESIAN_POINT('Ctrl Pts',(3.28246485589523,4.02346921730301,7.35156145139797));
#9087=CARTESIAN_POINT('Ctrl Pts',(3.89902557123271,3.38094062857804,7.39141001662682));
#9088=CARTESIAN_POINT('Ctrl Pts',(4.25916864332768,3.12705927416784,7.41175535618808));
#9089=CARTESIAN_POINT('Ctrl Pts',(5.07150051003907,2.76237709605655,7.45450948831811));
#9090=CARTESIAN_POINT('Ctrl Pts',(5.51856575285713,2.66125951073032,7.47620854268949));
#9091=CARTESIAN_POINT('Ctrl Pts',(6.40865875622421,2.64091356752112,7.51608392033124));
#9092=CARTESIAN_POINT('Ctrl Pts',(6.8429334541312,2.71505626198326,7.53638542207733));
#9093=CARTESIAN_POINT('Ctrl Pts',(7.67575996110386,3.02961408817785,7.5791276807985));
#9094=CARTESIAN_POINT('Ctrl Pts',(8.06386068219657,3.27326636266095,7.60083007599908));
#9095=CARTESIAN_POINT('Ctrl Pts',(8.70897466419334,3.88660096635188,7.64073407468114));
#9096=CARTESIAN_POINT('Ctrl Pts',(8.96445160859702,4.24542349066814,7.6609893111292));
#9097=CARTESIAN_POINT('Ctrl Pts',(9.33283687766625,5.05566477318768,7.70371873690351));
#9098=CARTESIAN_POINT('Ctrl Pts',(9.43607150963041,5.50200602651953,7.72542457769771));
#9099=CARTESIAN_POINT('Ctrl Pts',(9.44956224759742,5.98698307095025,7.74719532946373));
#9100=CARTESIAN_POINT('Ctrl Pts',(9.45,6.01850011672414,7.74860206901806));
#9101=CARTESIAN_POINT('Ctrl Pts',(9.45,6.04999999999998,7.75));
#9102=CARTESIAN_POINT('Ctrl Pts',(9.45,6.05,7.87500000273119));
#9103=CARTESIAN_POINT('Ctrl Pts',(9.45,6.02456181967276,7.87387108361449));
#9104=CARTESIAN_POINT('Ctrl Pts',(9.44971451498466,5.99911208447609,7.87273640381879));
#9105=CARTESIAN_POINT('Ctrl Pts',(9.43895137171099,5.51989652434692,7.8512714801453));
#9106=CARTESIAN_POINT('Ctrl Pts',(9.33800403856315,5.07277354287053,7.82957299302992));
#9107=CARTESIAN_POINT('Ctrl Pts',(8.97361962906734,4.26027406647926,7.78681689625013));
#9108=CARTESIAN_POINT('Ctrl Pts',(8.71986641451798,3.9000249212958,7.76646420546922));
#9109=CARTESIAN_POINT('Ctrl Pts',(8.07754566720174,3.28320548662697,7.72662010814876));
#9110=CARTESIAN_POINT('Ctrl Pts',(7.69044345185144,3.03752944427284,7.70492482394512));
#9111=CARTESIAN_POINT('Ctrl Pts',(6.85877207246528,2.71884080526348,7.66215789448628));
#9112=CARTESIAN_POINT('Ctrl Pts',(6.42469325370103,2.64261916785578,7.64176416388851));
#9113=CARTESIAN_POINT('Ctrl Pts',(5.53414846071615,2.65882372444598,7.60194486473934));
#9114=CARTESIAN_POINT('Ctrl Pts',(5.08641124820982,2.75794659641626,7.58025265659996));
#9115=CARTESIAN_POINT('Ctrl Pts',(4.27212040809537,3.11914031828733,7.5374757133685));
#9116=CARTESIAN_POINT('Ctrl Pts',(3.9107357032588,3.37152197334552,7.51704326893938));
#9117=CARTESIAN_POINT('Ctrl Pts',(3.29115046914989,4.01161613128447,7.47724714336216));
#9118=CARTESIAN_POINT('Ctrl Pts',(3.04386913919508,4.39791777605735,7.45555787865751));
#9119=CARTESIAN_POINT('Ctrl Pts',(2.72189858841198,5.22866389936586,7.41277168180892));
#9120=CARTESIAN_POINT('Ctrl Pts',(2.64402551232079,5.66258738663463,7.39230278348669));
#9121=CARTESIAN_POINT('Ctrl Pts',(2.65694269733631,6.55348421056986,7.35252829120664));
#9122=CARTESIAN_POINT('Ctrl Pts',(2.75448067513759,7.00174832602501,7.33084183376439));
#9123=CARTESIAN_POINT('Ctrl Pts',(3.11290302504191,7.81758824661613,7.28804708834305));
#9124=CARTESIAN_POINT('Ctrl Pts',(3.36409557028384,8.17995773442997,7.26754392124273));
#9125=CARTESIAN_POINT('Ctrl Pts',(4.00225650888975,8.80193573681866,7.22778960515178));
#9126=CARTESIAN_POINT('Ctrl Pts',(4.38785977956584,9.05060515779524,7.20610581716027));
#9127=CARTESIAN_POINT('Ctrl Pts',(5.21779935951545,9.37541741326143,7.1633031766211));
#9128=CARTESIAN_POINT('Ctrl Pts',(5.65158854865278,9.45472025587105,7.14276784436937));
#9129=CARTESIAN_POINT('Ctrl Pts',(6.54278526339388,9.44464740643123,7.10303232883794));
#9130=CARTESIAN_POINT('Ctrl Pts',(6.99150063104971,9.34848178491207,7.08135107244531));
#9131=CARTESIAN_POINT('Ctrl Pts',(7.80867662688974,8.99245894280573,7.03854114203889));
#9132=CARTESIAN_POINT('Ctrl Pts',(8.17189761273263,8.74229432566844,7.01797566196271));
#9133=CARTESIAN_POINT('Ctrl Pts',(8.79594018587127,8.10580662529752,6.97825765071901));
#9134=CARTESIAN_POINT('Ctrl Pts',(9.04580676995054,7.72081024867771,6.95657878935909));
#9135=CARTESIAN_POINT('Ctrl Pts',(9.36951552885368,6.90058460109329,6.91422752756667));
#9136=CARTESIAN_POINT('Ctrl Pts',(9.45,6.47711829400629,6.89395505379971));
#9137=CARTESIAN_POINT('Ctrl Pts',(9.45,6.05,6.87500000273119));
#9138=CARTESIAN_POINT('Origin',(6.05,6.04999999999997,14.0625000013656));
#9139=CARTESIAN_POINT('',(6.04999999999998,8.908734125,6.68750000136559));
#9140=CARTESIAN_POINT('',(6.04999999999998,8.908734125,6.43750000136559));
#9141=CARTESIAN_POINT('',(6.05,8.90873412499993,14.0625000013656));
#9142=CARTESIAN_POINT('',(6.05,3.191265875,6.18750000136559));
#9143=CARTESIAN_POINT('Ctrl Pts',(6.05,8.908734125,6.68750000136559));
#9144=CARTESIAN_POINT('Ctrl Pts',(7.23412644579378,8.908734125,6.62500000136559));
#9145=CARTESIAN_POINT('Ctrl Pts',(8.07143028539689,8.07143028539689,6.56250000136559));
#9146=CARTESIAN_POINT('Ctrl Pts',(8.908734125,7.23412644579378,6.50000000136559));
#9147=CARTESIAN_POINT('Ctrl Pts',(8.908734125,6.05,6.43750000136559));
#9148=CARTESIAN_POINT('Ctrl Pts',(8.908734125,4.86587355420622,6.3750000013656));
#9149=CARTESIAN_POINT('Ctrl Pts',(8.07143028539689,4.02856971460311,6.3125000013656));
#9150=CARTESIAN_POINT('Ctrl Pts',(7.23412644579378,3.191265875,6.2500000013656));
#9151=CARTESIAN_POINT('Ctrl Pts',(6.05,3.191265875,6.18750000136559));
#9152=CARTESIAN_POINT('',(6.05,3.191265875,5.93750000136559));
#9153=CARTESIAN_POINT('',(6.05,3.191265875,6.06250000136559));
#9154=CARTESIAN_POINT('Ctrl Pts',(6.05,8.908734125,6.43750000136559));
#9155=CARTESIAN_POINT('Ctrl Pts',(7.23412644579378,8.908734125,6.37500000136559));
#9156=CARTESIAN_POINT('Ctrl Pts',(8.07143028539689,8.07143028539689,6.31250000136559));
#9157=CARTESIAN_POINT('Ctrl Pts',(8.908734125,7.23412644579378,6.2500000013656));
#9158=CARTESIAN_POINT('Ctrl Pts',(8.908734125,6.05,6.18750000136559));
#9159=CARTESIAN_POINT('Ctrl Pts',(8.908734125,4.86587355420622,6.12500000136559));
#9160=CARTESIAN_POINT('Ctrl Pts',(8.07143028539689,4.02856971460311,6.06250000136559));
#9161=CARTESIAN_POINT('Ctrl Pts',(7.23412644579378,3.191265875,6.0000000013656));
#9162=CARTESIAN_POINT('Ctrl Pts',(6.05,3.191265875,5.93750000136559));
#9163=CARTESIAN_POINT('Origin',(6.05,6.04999999999997,14.0625000013656));
#9164=CARTESIAN_POINT('',(6.04999999999998,8.908734125,7.68750000136559));
#9165=CARTESIAN_POINT('',(6.04999999999998,8.908734125,7.43750000136559));
#9166=CARTESIAN_POINT('',(6.05,8.90873412499993,14.0625000013656));
#9167=CARTESIAN_POINT('Ctrl Pts',(6.05,8.908734125,7.68750000136559));
#9168=CARTESIAN_POINT('Ctrl Pts',(7.23412644579378,8.908734125,7.62500000136559));
#9169=CARTESIAN_POINT('Ctrl Pts',(8.07143028539689,8.07143028539689,7.56250000136559));
#9170=CARTESIAN_POINT('Ctrl Pts',(8.908734125,7.23412644579379,7.5000000013656));
#9171=CARTESIAN_POINT('Ctrl Pts',(8.908734125,6.05,7.43750000136559));
#9172=CARTESIAN_POINT('Ctrl Pts',(8.908734125,4.86587355420622,7.37500000136559));
#9173=CARTESIAN_POINT('Ctrl Pts',(8.07143028539689,4.02856971460311,7.31250000136559));
#9174=CARTESIAN_POINT('Ctrl Pts',(7.23412644579378,3.191265875,7.2500000013656));
#9175=CARTESIAN_POINT('Ctrl Pts',(6.05,3.191265875,7.1875000013656));
#9176=CARTESIAN_POINT('Ctrl Pts',(4.86587355420621,3.191265875,7.1250000013656));
#9177=CARTESIAN_POINT('Ctrl Pts',(4.02856971460311,4.02856971460311,7.06250000136559));
#9178=CARTESIAN_POINT('Ctrl Pts',(3.191265875,4.86587355420622,7.00000000136559));
#9179=CARTESIAN_POINT('Ctrl Pts',(3.191265875,6.05,6.93750000136559));
#9180=CARTESIAN_POINT('Ctrl Pts',(3.191265875,7.23412644579378,6.87500000136559));
#9181=CARTESIAN_POINT('Ctrl Pts',(4.02856971460311,8.07143028539689,6.81250000136559));
#9182=CARTESIAN_POINT('Ctrl Pts',(4.86587355420622,8.908734125,6.75000000136559));
#9183=CARTESIAN_POINT('Ctrl Pts',(6.05,8.908734125,6.68750000136559));
#9184=CARTESIAN_POINT('Ctrl Pts',(6.05,8.908734125,7.43750000136559));
#9185=CARTESIAN_POINT('Ctrl Pts',(7.23412644579378,8.908734125,7.37500000136559));
#9186=CARTESIAN_POINT('Ctrl Pts',(8.07143028539689,8.07143028539689,7.31250000136559));
#9187=CARTESIAN_POINT('Ctrl Pts',(8.908734125,7.23412644579378,7.2500000013656));
#9188=CARTESIAN_POINT('Ctrl Pts',(8.908734125,6.05,7.1875000013656));
#9189=CARTESIAN_POINT('Ctrl Pts',(8.908734125,4.86587355420622,7.1250000013656));
#9190=CARTESIAN_POINT('Ctrl Pts',(8.07143028539689,4.02856971460311,7.06250000136559));
#9191=CARTESIAN_POINT('Ctrl Pts',(7.23412644579378,3.191265875,7.00000000136559));
#9192=CARTESIAN_POINT('Ctrl Pts',(6.05,3.191265875,6.9375000013656));
#9193=CARTESIAN_POINT('Ctrl Pts',(4.86587355420621,3.191265875,6.87500000136559));
#9194=CARTESIAN_POINT('Ctrl Pts',(4.02856971460311,4.02856971460311,6.8125000013656));
#9195=CARTESIAN_POINT('Ctrl Pts',(3.191265875,4.86587355420622,6.75000000136559));
#9196=CARTESIAN_POINT('Ctrl Pts',(3.191265875,6.05,6.68750000136559));
#9197=CARTESIAN_POINT('Ctrl Pts',(3.191265875,7.23412644579378,6.62500000136559));
#9198=CARTESIAN_POINT('Ctrl Pts',(4.02856971460311,8.07143028539689,6.56250000136559));
#9199=CARTESIAN_POINT('Ctrl Pts',(4.86587355420622,8.908734125,6.50000000136559));
#9200=CARTESIAN_POINT('Ctrl Pts',(6.05,8.908734125,6.43750000136559));
#9201=CARTESIAN_POINT('Origin',(6.05,6.04999999999997,14.0625000013656));
#9202=CARTESIAN_POINT('',(6.04999999999998,8.908734125,8.68750000136559));
#9203=CARTESIAN_POINT('',(6.04999999999998,8.908734125,8.43750000136559));
#9204=CARTESIAN_POINT('',(6.05,8.90873412499993,14.0625000013656));
#9205=CARTESIAN_POINT('Ctrl Pts',(6.05,8.908734125,8.68750000136559));
#9206=CARTESIAN_POINT('Ctrl Pts',(7.23412644579378,8.908734125,8.62500000136559));
#9207=CARTESIAN_POINT('Ctrl Pts',(8.07143028539689,8.07143028539689,8.56250000136559));
#9208=CARTESIAN_POINT('Ctrl Pts',(8.908734125,7.23412644579379,8.5000000013656));
#9209=CARTESIAN_POINT('Ctrl Pts',(8.908734125,6.05,8.4375000013656));
#9210=CARTESIAN_POINT('Ctrl Pts',(8.908734125,4.86587355420622,8.3750000013656));
#9211=CARTESIAN_POINT('Ctrl Pts',(8.07143028539689,4.02856971460311,8.3125000013656));
#9212=CARTESIAN_POINT('Ctrl Pts',(7.23412644579378,3.191265875,8.2500000013656));
#9213=CARTESIAN_POINT('Ctrl Pts',(6.05,3.191265875,8.1875000013656));
#9214=CARTESIAN_POINT('Ctrl Pts',(4.86587355420621,3.191265875,8.1250000013656));
#9215=CARTESIAN_POINT('Ctrl Pts',(4.02856971460311,4.02856971460311,8.0625000013656));
#9216=CARTESIAN_POINT('Ctrl Pts',(3.191265875,4.86587355420622,8.0000000013656));
#9217=CARTESIAN_POINT('Ctrl Pts',(3.191265875,6.05,7.93750000136559));
#9218=CARTESIAN_POINT('Ctrl Pts',(3.191265875,7.23412644579378,7.87500000136559));
#9219=CARTESIAN_POINT('Ctrl Pts',(4.02856971460311,8.07143028539689,7.81250000136559));
#9220=CARTESIAN_POINT('Ctrl Pts',(4.86587355420622,8.908734125,7.75000000136559));
#9221=CARTESIAN_POINT('Ctrl Pts',(6.05,8.908734125,7.68750000136559));
#9222=CARTESIAN_POINT('Ctrl Pts',(6.05,8.908734125,8.43750000136559));
#9223=CARTESIAN_POINT('Ctrl Pts',(7.23412644579378,8.908734125,8.37500000136559));
#9224=CARTESIAN_POINT('Ctrl Pts',(8.07143028539689,8.07143028539689,8.31250000136559));
#9225=CARTESIAN_POINT('Ctrl Pts',(8.908734125,7.23412644579379,8.2500000013656));
#9226=CARTESIAN_POINT('Ctrl Pts',(8.908734125,6.05,8.1875000013656));
#9227=CARTESIAN_POINT('Ctrl Pts',(8.908734125,4.86587355420622,8.1250000013656));
#9228=CARTESIAN_POINT('Ctrl Pts',(8.07143028539689,4.02856971460311,8.06250000136559));
#9229=CARTESIAN_POINT('Ctrl Pts',(7.23412644579378,3.191265875,8.0000000013656));
#9230=CARTESIAN_POINT('Ctrl Pts',(6.05,3.191265875,7.93750000136559));
#9231=CARTESIAN_POINT('Ctrl Pts',(4.86587355420621,3.191265875,7.8750000013656));
#9232=CARTESIAN_POINT('Ctrl Pts',(4.02856971460311,4.02856971460311,7.81250000136559));
#9233=CARTESIAN_POINT('Ctrl Pts',(3.191265875,4.86587355420622,7.75000000136559));
#9234=CARTESIAN_POINT('Ctrl Pts',(3.191265875,6.05,7.68750000136559));
#9235=CARTESIAN_POINT('Ctrl Pts',(3.191265875,7.23412644579378,7.62500000136559));
#9236=CARTESIAN_POINT('Ctrl Pts',(4.02856971460311,8.07143028539689,7.56250000136559));
#9237=CARTESIAN_POINT('Ctrl Pts',(4.86587355420622,8.908734125,7.50000000136559));
#9238=CARTESIAN_POINT('Ctrl Pts',(6.05,8.908734125,7.43750000136559));
#9239=CARTESIAN_POINT('Origin',(6.05,6.04999999999997,14.0625000013656));
#9240=CARTESIAN_POINT('',(6.04999999999998,8.908734125,9.68750000136559));
#9241=CARTESIAN_POINT('',(6.04999999999998,8.908734125,9.4375000013656));
#9242=CARTESIAN_POINT('',(6.05,8.90873412499993,14.0625000013656));
#9243=CARTESIAN_POINT('Ctrl Pts',(6.05,8.908734125,9.68750000136559));
#9244=CARTESIAN_POINT('Ctrl Pts',(7.23412644579378,8.908734125,9.6250000013656));
#9245=CARTESIAN_POINT('Ctrl Pts',(8.07143028539689,8.07143028539689,9.5625000013656));
#9246=CARTESIAN_POINT('Ctrl Pts',(8.908734125,7.23412644579379,9.5000000013656));
#9247=CARTESIAN_POINT('Ctrl Pts',(8.908734125,6.05,9.4375000013656));
#9248=CARTESIAN_POINT('Ctrl Pts',(8.908734125,4.86587355420622,9.3750000013656));
#9249=CARTESIAN_POINT('Ctrl Pts',(8.07143028539689,4.02856971460311,9.31250000136559));
#9250=CARTESIAN_POINT('Ctrl Pts',(7.23412644579378,3.191265875,9.2500000013656));
#9251=CARTESIAN_POINT('Ctrl Pts',(6.05,3.191265875,9.1875000013656));
#9252=CARTESIAN_POINT('Ctrl Pts',(4.86587355420621,3.191265875,9.1250000013656));
#9253=CARTESIAN_POINT('Ctrl Pts',(4.02856971460311,4.02856971460311,9.0625000013656));
#9254=CARTESIAN_POINT('Ctrl Pts',(3.191265875,4.86587355420622,9.0000000013656));
#9255=CARTESIAN_POINT('Ctrl Pts',(3.191265875,6.05,8.9375000013656));
#9256=CARTESIAN_POINT('Ctrl Pts',(3.191265875,7.23412644579378,8.8750000013656));
#9257=CARTESIAN_POINT('Ctrl Pts',(4.02856971460311,8.07143028539689,8.8125000013656));
#9258=CARTESIAN_POINT('Ctrl Pts',(4.86587355420622,8.908734125,8.7500000013656));
#9259=CARTESIAN_POINT('Ctrl Pts',(6.05,8.908734125,8.68750000136559));
#9260=CARTESIAN_POINT('Ctrl Pts',(6.05,8.908734125,9.4375000013656));
#9261=CARTESIAN_POINT('Ctrl Pts',(7.23412644579378,8.908734125,9.3750000013656));
#9262=CARTESIAN_POINT('Ctrl Pts',(8.07143028539689,8.07143028539689,9.31250000136559));
#9263=CARTESIAN_POINT('Ctrl Pts',(8.908734125,7.23412644579379,9.2500000013656));
#9264=CARTESIAN_POINT('Ctrl Pts',(8.908734125,6.05,9.1875000013656));
#9265=CARTESIAN_POINT('Ctrl Pts',(8.908734125,4.86587355420622,9.1250000013656));
#9266=CARTESIAN_POINT('Ctrl Pts',(8.07143028539689,4.02856971460311,9.06250000136559));
#9267=CARTESIAN_POINT('Ctrl Pts',(7.23412644579378,3.191265875,9.0000000013656));
#9268=CARTESIAN_POINT('Ctrl Pts',(6.05,3.191265875,8.9375000013656));
#9269=CARTESIAN_POINT('Ctrl Pts',(4.86587355420621,3.191265875,8.8750000013656));
#9270=CARTESIAN_POINT('Ctrl Pts',(4.02856971460311,4.02856971460311,8.8125000013656));
#9271=CARTESIAN_POINT('Ctrl Pts',(3.191265875,4.86587355420622,8.7500000013656));
#9272=CARTESIAN_POINT('Ctrl Pts',(3.191265875,6.05,8.68750000136559));
#9273=CARTESIAN_POINT('Ctrl Pts',(3.191265875,7.23412644579378,8.62500000136559));
#9274=CARTESIAN_POINT('Ctrl Pts',(4.02856971460311,8.07143028539689,8.56250000136559));
#9275=CARTESIAN_POINT('Ctrl Pts',(4.86587355420622,8.908734125,8.5000000013656));
#9276=CARTESIAN_POINT('Ctrl Pts',(6.05,8.908734125,8.43750000136559));
#9277=CARTESIAN_POINT('Origin',(6.05,6.04999999999997,14.0625000013656));
#9278=CARTESIAN_POINT('',(6.04999999999999,8.908734125,10.6875000013656));
#9279=CARTESIAN_POINT('',(6.04999999999999,8.908734125,10.4375000013656));
#9280=CARTESIAN_POINT('',(6.05,8.90873412499993,14.0625000013656));
#9281=CARTESIAN_POINT('Ctrl Pts',(6.05,8.908734125,10.6875000013656));
#9282=CARTESIAN_POINT('Ctrl Pts',(7.23412644579378,8.908734125,10.6250000013656));
#9283=CARTESIAN_POINT('Ctrl Pts',(8.07143028539689,8.07143028539689,10.5625000013656));
#9284=CARTESIAN_POINT('Ctrl Pts',(8.908734125,7.23412644579379,10.5000000013656));
#9285=CARTESIAN_POINT('Ctrl Pts',(8.908734125,6.05,10.4375000013656));
#9286=CARTESIAN_POINT('Ctrl Pts',(8.908734125,4.86587355420622,10.3750000013656));
#9287=CARTESIAN_POINT('Ctrl Pts',(8.07143028539689,4.02856971460311,10.3125000013656));
#9288=CARTESIAN_POINT('Ctrl Pts',(7.23412644579378,3.191265875,10.2500000013656));
#9289=CARTESIAN_POINT('Ctrl Pts',(6.05,3.191265875,10.1875000013656));
#9290=CARTESIAN_POINT('Ctrl Pts',(4.86587355420621,3.191265875,10.1250000013656));
#9291=CARTESIAN_POINT('Ctrl Pts',(4.02856971460311,4.02856971460311,10.0625000013656));
#9292=CARTESIAN_POINT('Ctrl Pts',(3.191265875,4.86587355420622,10.0000000013656));
#9293=CARTESIAN_POINT('Ctrl Pts',(3.191265875,6.05,9.93750000136559));
#9294=CARTESIAN_POINT('Ctrl Pts',(3.191265875,7.23412644579379,9.8750000013656));
#9295=CARTESIAN_POINT('Ctrl Pts',(4.02856971460311,8.07143028539689,9.81250000136559));
#9296=CARTESIAN_POINT('Ctrl Pts',(4.86587355420622,8.908734125,9.7500000013656));
#9297=CARTESIAN_POINT('Ctrl Pts',(6.05,8.908734125,9.68750000136559));
#9298=CARTESIAN_POINT('Ctrl Pts',(6.05,8.908734125,10.4375000013656));
#9299=CARTESIAN_POINT('Ctrl Pts',(7.23412644579378,8.908734125,10.3750000013656));
#9300=CARTESIAN_POINT('Ctrl Pts',(8.07143028539689,8.07143028539689,10.3125000013656));
#9301=CARTESIAN_POINT('Ctrl Pts',(8.908734125,7.23412644579379,10.2500000013656));
#9302=CARTESIAN_POINT('Ctrl Pts',(8.908734125,6.05,10.1875000013656));
#9303=CARTESIAN_POINT('Ctrl Pts',(8.908734125,4.86587355420622,10.1250000013656));
#9304=CARTESIAN_POINT('Ctrl Pts',(8.07143028539689,4.02856971460311,10.0625000013656));
#9305=CARTESIAN_POINT('Ctrl Pts',(7.23412644579378,3.191265875,10.0000000013656));
#9306=CARTESIAN_POINT('Ctrl Pts',(6.05,3.191265875,9.9375000013656));
#9307=CARTESIAN_POINT('Ctrl Pts',(4.86587355420621,3.191265875,9.8750000013656));
#9308=CARTESIAN_POINT('Ctrl Pts',(4.02856971460311,4.02856971460311,9.8125000013656));
#9309=CARTESIAN_POINT('Ctrl Pts',(3.191265875,4.86587355420622,9.7500000013656));
#9310=CARTESIAN_POINT('Ctrl Pts',(3.191265875,6.05,9.68750000136559));
#9311=CARTESIAN_POINT('Ctrl Pts',(3.191265875,7.23412644579378,9.6250000013656));
#9312=CARTESIAN_POINT('Ctrl Pts',(4.02856971460311,8.07143028539689,9.5625000013656));
#9313=CARTESIAN_POINT('Ctrl Pts',(4.86587355420622,8.908734125,9.5000000013656));
#9314=CARTESIAN_POINT('Ctrl Pts',(6.05,8.908734125,9.4375000013656));
#9315=CARTESIAN_POINT('Origin',(6.05,6.04999999999997,14.0625000013656));
#9316=CARTESIAN_POINT('',(6.04999999999999,8.908734125,11.6875000013656));
#9317=CARTESIAN_POINT('',(6.04999999999999,8.908734125,11.4375000013656));
#9318=CARTESIAN_POINT('',(6.05,8.90873412499993,14.0625000013656));
#9319=CARTESIAN_POINT('Ctrl Pts',(6.05,8.908734125,11.6875000013656));
#9320=CARTESIAN_POINT('Ctrl Pts',(7.23412644579378,8.908734125,11.6250000013656));
#9321=CARTESIAN_POINT('Ctrl Pts',(8.07143028539689,8.07143028539689,11.5625000013656));
#9322=CARTESIAN_POINT('Ctrl Pts',(8.908734125,7.23412644579379,11.5000000013656));
#9323=CARTESIAN_POINT('Ctrl Pts',(8.908734125,6.05,11.4375000013656));
#9324=CARTESIAN_POINT('Ctrl Pts',(8.908734125,4.86587355420622,11.3750000013656));
#9325=CARTESIAN_POINT('Ctrl Pts',(8.07143028539689,4.02856971460311,11.3125000013656));
#9326=CARTESIAN_POINT('Ctrl Pts',(7.23412644579378,3.191265875,11.2500000013656));
#9327=CARTESIAN_POINT('Ctrl Pts',(6.05,3.191265875,11.1875000013656));
#9328=CARTESIAN_POINT('Ctrl Pts',(4.86587355420621,3.191265875,11.1250000013656));
#9329=CARTESIAN_POINT('Ctrl Pts',(4.02856971460311,4.02856971460311,11.0625000013656));
#9330=CARTESIAN_POINT('Ctrl Pts',(3.191265875,4.86587355420622,11.0000000013656));
#9331=CARTESIAN_POINT('Ctrl Pts',(3.191265875,6.05,10.9375000013656));
#9332=CARTESIAN_POINT('Ctrl Pts',(3.191265875,7.23412644579379,10.8750000013656));
#9333=CARTESIAN_POINT('Ctrl Pts',(4.02856971460311,8.07143028539689,10.8125000013656));
#9334=CARTESIAN_POINT('Ctrl Pts',(4.86587355420622,8.908734125,10.7500000013656));
#9335=CARTESIAN_POINT('Ctrl Pts',(6.05,8.908734125,10.6875000013656));
#9336=CARTESIAN_POINT('Ctrl Pts',(6.05,8.908734125,11.4375000013656));
#9337=CARTESIAN_POINT('Ctrl Pts',(7.23412644579378,8.908734125,11.3750000013656));
#9338=CARTESIAN_POINT('Ctrl Pts',(8.07143028539689,8.07143028539689,11.3125000013656));
#9339=CARTESIAN_POINT('Ctrl Pts',(8.908734125,7.23412644579379,11.2500000013656));
#9340=CARTESIAN_POINT('Ctrl Pts',(8.908734125,6.05,11.1875000013656));
#9341=CARTESIAN_POINT('Ctrl Pts',(8.908734125,4.86587355420622,11.1250000013656));
#9342=CARTESIAN_POINT('Ctrl Pts',(8.07143028539689,4.02856971460311,11.0625000013656));
#9343=CARTESIAN_POINT('Ctrl Pts',(7.23412644579378,3.191265875,11.0000000013656));
#9344=CARTESIAN_POINT('Ctrl Pts',(6.05,3.191265875,10.9375000013656));
#9345=CARTESIAN_POINT('Ctrl Pts',(4.86587355420621,3.191265875,10.8750000013656));
#9346=CARTESIAN_POINT('Ctrl Pts',(4.02856971460311,4.02856971460311,10.8125000013656));
#9347=CARTESIAN_POINT('Ctrl Pts',(3.191265875,4.86587355420622,10.7500000013656));
#9348=CARTESIAN_POINT('Ctrl Pts',(3.191265875,6.05,10.6875000013656));
#9349=CARTESIAN_POINT('Ctrl Pts',(3.191265875,7.23412644579379,10.6250000013656));
#9350=CARTESIAN_POINT('Ctrl Pts',(4.02856971460311,8.07143028539689,10.5625000013656));
#9351=CARTESIAN_POINT('Ctrl Pts',(4.86587355420622,8.908734125,10.5000000013656));
#9352=CARTESIAN_POINT('Ctrl Pts',(6.05,8.908734125,10.4375000013656));
#9353=CARTESIAN_POINT('Origin',(6.05,6.04999999999997,14.0625000013656));
#9354=CARTESIAN_POINT('',(6.04999999999999,8.908734125,12.6875000013656));
#9355=CARTESIAN_POINT('',(6.04999999999999,8.908734125,12.4375000013656));
#9356=CARTESIAN_POINT('',(6.05,8.90873412499993,14.0625000013656));
#9357=CARTESIAN_POINT('Ctrl Pts',(6.05,8.908734125,12.6875000013656));
#9358=CARTESIAN_POINT('Ctrl Pts',(7.23412644579378,8.908734125,12.6250000013656));
#9359=CARTESIAN_POINT('Ctrl Pts',(8.07143028539689,8.07143028539689,12.5625000013656));
#9360=CARTESIAN_POINT('Ctrl Pts',(8.908734125,7.23412644579379,12.5000000013656));
#9361=CARTESIAN_POINT('Ctrl Pts',(8.908734125,6.05,12.4375000013656));
#9362=CARTESIAN_POINT('Ctrl Pts',(8.908734125,4.86587355420622,12.3750000013656));
#9363=CARTESIAN_POINT('Ctrl Pts',(8.07143028539689,4.02856971460311,12.3125000013656));
#9364=CARTESIAN_POINT('Ctrl Pts',(7.23412644579378,3.191265875,12.2500000013656));
#9365=CARTESIAN_POINT('Ctrl Pts',(6.05,3.191265875,12.1875000013656));
#9366=CARTESIAN_POINT('Ctrl Pts',(4.86587355420622,3.191265875,12.1250000013656));
#9367=CARTESIAN_POINT('Ctrl Pts',(4.02856971460311,4.02856971460311,12.0625000013656));
#9368=CARTESIAN_POINT('Ctrl Pts',(3.191265875,4.86587355420622,12.0000000013656));
#9369=CARTESIAN_POINT('Ctrl Pts',(3.191265875,6.05,11.9375000013656));
#9370=CARTESIAN_POINT('Ctrl Pts',(3.191265875,7.23412644579379,11.8750000013656));
#9371=CARTESIAN_POINT('Ctrl Pts',(4.02856971460311,8.07143028539689,11.8125000013656));
#9372=CARTESIAN_POINT('Ctrl Pts',(4.86587355420622,8.908734125,11.7500000013656));
#9373=CARTESIAN_POINT('Ctrl Pts',(6.05,8.908734125,11.6875000013656));
#9374=CARTESIAN_POINT('Ctrl Pts',(6.05,8.908734125,12.4375000013656));
#9375=CARTESIAN_POINT('Ctrl Pts',(7.23412644579378,8.908734125,12.3750000013656));
#9376=CARTESIAN_POINT('Ctrl Pts',(8.07143028539689,8.07143028539689,12.3125000013656));
#9377=CARTESIAN_POINT('Ctrl Pts',(8.908734125,7.23412644579379,12.2500000013656));
#9378=CARTESIAN_POINT('Ctrl Pts',(8.908734125,6.05,12.1875000013656));
#9379=CARTESIAN_POINT('Ctrl Pts',(8.908734125,4.86587355420622,12.1250000013656));
#9380=CARTESIAN_POINT('Ctrl Pts',(8.07143028539689,4.02856971460311,12.0625000013656));
#9381=CARTESIAN_POINT('Ctrl Pts',(7.23412644579378,3.191265875,12.0000000013656));
#9382=CARTESIAN_POINT('Ctrl Pts',(6.05,3.191265875,11.9375000013656));
#9383=CARTESIAN_POINT('Ctrl Pts',(4.86587355420622,3.191265875,11.8750000013656));
#9384=CARTESIAN_POINT('Ctrl Pts',(4.02856971460311,4.02856971460311,11.8125000013656));
#9385=CARTESIAN_POINT('Ctrl Pts',(3.191265875,4.86587355420622,11.7500000013656));
#9386=CARTESIAN_POINT('Ctrl Pts',(3.191265875,6.05,11.6875000013656));
#9387=CARTESIAN_POINT('Ctrl Pts',(3.191265875,7.23412644579379,11.6250000013656));
#9388=CARTESIAN_POINT('Ctrl Pts',(4.02856971460311,8.07143028539689,11.5625000013656));
#9389=CARTESIAN_POINT('Ctrl Pts',(4.86587355420622,8.908734125,11.5000000013656));
#9390=CARTESIAN_POINT('Ctrl Pts',(6.05,8.908734125,11.4375000013656));
#9391=CARTESIAN_POINT('Origin',(6.05,6.04999999999997,14.0625000013656));
#9392=CARTESIAN_POINT('',(6.04999999999999,8.90873412499993,13.5));
#9393=CARTESIAN_POINT('',(6.05,8.908734125,13.4375000013656));
#9394=CARTESIAN_POINT('',(6.05,8.90873412499993,14.0625000013656));
#9395=CARTESIAN_POINT('',(8.69112595612637,7.14399016509066,13.5));
#9396=CARTESIAN_POINT('Origin',(6.05,6.05,13.5));
#9397=CARTESIAN_POINT('Ctrl Pts',(8.69112595612637,7.14399016509066,13.5));
#9398=CARTESIAN_POINT('Ctrl Pts',(8.908734125,6.61863756008836,13.4675135591505));
#9399=CARTESIAN_POINT('Ctrl Pts',(8.908734125,6.05,13.4375000013656));
#9400=CARTESIAN_POINT('Ctrl Pts',(8.908734125,4.86587355420622,13.3750000013656));
#9401=CARTESIAN_POINT('Ctrl Pts',(8.07143028539689,4.02856971460311,13.3125000013656));
#9402=CARTESIAN_POINT('Ctrl Pts',(7.23412644579378,3.191265875,13.2500000013656));
#9403=CARTESIAN_POINT('Ctrl Pts',(6.05,3.191265875,13.1875000013656));
#9404=CARTESIAN_POINT('Ctrl Pts',(4.86587355420622,3.191265875,13.1250000013656));
#9405=CARTESIAN_POINT('Ctrl Pts',(4.02856971460311,4.02856971460311,13.0625000013656));
#9406=CARTESIAN_POINT('Ctrl Pts',(3.191265875,4.86587355420622,13.0000000013656));
#9407=CARTESIAN_POINT('Ctrl Pts',(3.191265875,6.05,12.9375000013656));
#9408=CARTESIAN_POINT('Ctrl Pts',(3.191265875,7.23412644579379,12.8750000013656));
#9409=CARTESIAN_POINT('Ctrl Pts',(4.02856971460311,8.07143028539689,12.8125000013656));
#9410=CARTESIAN_POINT('Ctrl Pts',(4.86587355420622,8.908734125,12.7500000013656));
#9411=CARTESIAN_POINT('Ctrl Pts',(6.05,8.908734125,12.6875000013656));
#9412=CARTESIAN_POINT('Ctrl Pts',(6.05,8.908734125,13.4375000013656));
#9413=CARTESIAN_POINT('Ctrl Pts',(7.23412644579378,8.908734125,13.3750000013656));
#9414=CARTESIAN_POINT('Ctrl Pts',(8.07143028539689,8.07143028539689,13.3125000013656));
#9415=CARTESIAN_POINT('Ctrl Pts',(8.908734125,7.23412644579379,13.2500000013656));
#9416=CARTESIAN_POINT('Ctrl Pts',(8.908734125,6.05,13.1875000013656));
#9417=CARTESIAN_POINT('Ctrl Pts',(8.908734125,4.86587355420622,13.1250000013656));
#9418=CARTESIAN_POINT('Ctrl Pts',(8.07143028539689,4.02856971460311,13.0625000013656));
#9419=CARTESIAN_POINT('Ctrl Pts',(7.23412644579378,3.191265875,13.0000000013656));
#9420=CARTESIAN_POINT('Ctrl Pts',(6.05,3.191265875,12.9375000013656));
#9421=CARTESIAN_POINT('Ctrl Pts',(4.86587355420622,3.191265875,12.8750000013656));
#9422=CARTESIAN_POINT('Ctrl Pts',(4.02856971460311,4.02856971460311,12.8125000013656));
#9423=CARTESIAN_POINT('Ctrl Pts',(3.191265875,4.86587355420622,12.7500000013656));
#9424=CARTESIAN_POINT('Ctrl Pts',(3.191265875,6.05,12.6875000013656));
#9425=CARTESIAN_POINT('Ctrl Pts',(3.191265875,7.23412644579379,12.6250000013656));
#9426=CARTESIAN_POINT('Ctrl Pts',(4.02856971460311,8.07143028539689,12.5625000013656));
#9427=CARTESIAN_POINT('Ctrl Pts',(4.86587355420622,8.908734125,12.5000000013656));
#9428=CARTESIAN_POINT('Ctrl Pts',(6.05,8.908734125,12.4375000013656));
#9429=CARTESIAN_POINT('Origin',(6.05,6.05,26.6));
#9430=CARTESIAN_POINT('',(8.29499443206436,4.55,26.6));
#9431=CARTESIAN_POINT('',(3.80500556793563,4.55000000000001,26.6));
#9432=CARTESIAN_POINT('Origin',(6.05,6.05,26.6));
#9433=CARTESIAN_POINT('',(8.64807621135332,4.55,26.3));
#9434=CARTESIAN_POINT('Ctrl Pts',(8.64807621135331,4.55,26.3));
#9435=CARTESIAN_POINT('Ctrl Pts',(8.46224369593808,4.55,26.4609356791988));
#9436=CARTESIAN_POINT('Ctrl Pts',(8.29499443206437,4.55,26.6));
#9437=CARTESIAN_POINT('',(9.05,6.05,26.3));
#9438=CARTESIAN_POINT('Origin',(6.05,6.05,26.3));
#9439=CARTESIAN_POINT('',(3.45192378864668,4.55000000000001,26.3));
#9440=CARTESIAN_POINT('Origin',(6.05,6.05,26.3));
#9441=CARTESIAN_POINT('Ctrl Pts',(3.80500556793563,4.55000000000001,26.6));
#9442=CARTESIAN_POINT('Ctrl Pts',(3.63775630406192,4.55000000000001,26.4609356791988));
#9443=CARTESIAN_POINT('Ctrl Pts',(3.45192378864668,4.55000000000001,26.3));
#9444=CARTESIAN_POINT('Origin',(6.05,6.05,26.6));
#9445=CARTESIAN_POINT('',(6.05,4.55000000000001,26.6));
#9446=CARTESIAN_POINT('Origin',(6.05,6.05,16.6));
#9447=CARTESIAN_POINT('',(3.45192378864668,4.55,16.6));
#9448=CARTESIAN_POINT('',(8.64807621135331,4.55,16.6));
#9449=CARTESIAN_POINT('Origin',(6.05,6.05,16.6));
#9450=CARTESIAN_POINT('',(6.05,4.55,16.6));
#9451=CARTESIAN_POINT('Origin',(3.97139090127677,12.3,1.8));
#9452=CARTESIAN_POINT('',(3.97139090127677,12.1,2.37860909872322));
#9453=CARTESIAN_POINT('',(4.08231328438658,12.1335768105917,2.26768671561342));
#9454=CARTESIAN_POINT('Origin',(3.97139090127677,12.3,2.37860909872322));
#9455=CARTESIAN_POINT('',(4.0823132739743,12.1335768054695,1.33231327397429));
#9456=CARTESIAN_POINT('',(4.08230664538825,12.1335737469382,1.33249893190607));
#9457=CARTESIAN_POINT('',(3.97139090127677,12.1,1.22139090127677));
#9458=CARTESIAN_POINT('Origin',(3.97139090127677,12.3,1.22139090127677));
#9459=CARTESIAN_POINT('',(3.97139090127677,12.1,6.5));
#9460=CARTESIAN_POINT('Origin',(6.05,12.3,1.22139090127677));
#9461=CARTESIAN_POINT('',(8.01768671561343,12.1335768105917,1.33231328438657));
#9462=CARTESIAN_POINT('',(8.12860909872323,12.1,1.22139090127677));
#9463=CARTESIAN_POINT('Origin',(8.12860909872323,12.3,1.22139090127677));
#9464=CARTESIAN_POINT('',(12.1,12.1,1.22139090127677));
#9465=CARTESIAN_POINT('',(8.01750106809394,12.1335737469382,1.33230664538825));
#9466=CARTESIAN_POINT('Origin',(6.05,12.3,2.37860909872322));
#9467=CARTESIAN_POINT('',(8.12860909872323,12.1,2.37860909872322));
#9468=CARTESIAN_POINT('',(8.01768671561342,12.1335768105917,2.26768671561342));
#9469=CARTESIAN_POINT('Origin',(8.12860909872323,12.3,2.37860909872322));
#9470=CARTESIAN_POINT('',(4.08249893190607,12.1335737469382,2.26769335461174));
#9471=CARTESIAN_POINT('',(12.1,12.1,2.37860909872322));
#9472=CARTESIAN_POINT('Origin',(8.12860909872323,12.3,1.8));
#9473=CARTESIAN_POINT('',(8.01769335461175,12.1335737469382,2.26750106809393));
#9474=CARTESIAN_POINT('',(8.12860909872323,12.1,6.5));
#9475=CARTESIAN_POINT('Ctrl Pts',(7.64688711258507,12.2,2.35));
#9476=CARTESIAN_POINT('Ctrl Pts',(7.64688711258507,12.2,1.03));
#9477=CARTESIAN_POINT('Ctrl Pts',(8.00038610616432,12.2,2.35));
#9478=CARTESIAN_POINT('Ctrl Pts',(8.00038610616432,12.2,1.03));
#9479=CARTESIAN_POINT('Ctrl Pts',(8.05,12.1,2.35));
#9480=CARTESIAN_POINT('Ctrl Pts',(8.05,12.1,1.03));
#9481=CARTESIAN_POINT('',(7.64688711258502,12.2,1.89688711258507));
#9482=CARTESIAN_POINT('Ctrl Pts',(7.64688711258503,12.2,1.89688711258507));
#9483=CARTESIAN_POINT('Ctrl Pts',(7.64781062904597,12.2,1.89781062904601));
#9484=CARTESIAN_POINT('Ctrl Pts',(7.64873415173433,12.1999992912332,1.89873415173426));
#9485=CARTESIAN_POINT('Ctrl Pts',(7.71113413605314,12.1999032725557,1.96113413605434));
#9486=CARTESIAN_POINT('Ctrl Pts',(7.77583070047597,12.1966472574883,2.02583069945755));
#9487=CARTESIAN_POINT('Ctrl Pts',(7.87804789910156,12.1825741478513,2.12804789810045));
#9488=CARTESIAN_POINT('Ctrl Pts',(7.96635726192536,12.1677808400411,2.21635726192536));
#9489=CARTESIAN_POINT('Ctrl Pts',(8.01768261929543,12.1335809009096,2.26768261929543));
#9490=CARTESIAN_POINT('',(7.64688711258519,12.2,1.70311288741493));
#9491=CARTESIAN_POINT('Ctrl Pts',(8.01768261929544,12.1335809009096,1.33231738070456));
#9492=CARTESIAN_POINT('Ctrl Pts',(7.96635726193094,12.1677808400374,1.38364273806905));
#9493=CARTESIAN_POINT('Ctrl Pts',(7.87804789912135,12.1825741478477,1.47195210187977));
#9494=CARTESIAN_POINT('Ctrl Pts',(7.77583070049076,12.1966472574876,1.57416930052768));
#9495=CARTESIAN_POINT('Ctrl Pts',(7.71113413605992,12.1999032725557,1.63886586393807));
#9496=CARTESIAN_POINT('Ctrl Pts',(7.6487341517344,12.1999992912332,1.70126584826572));
#9497=CARTESIAN_POINT('Ctrl Pts',(7.64781062904611,12.2,1.70218937095401));
#9498=CARTESIAN_POINT('Ctrl Pts',(7.64688711258519,12.2,1.70311288741493));
#9499=CARTESIAN_POINT('',(7.64688711258502,12.2,1.89688711258507));
#9500=CARTESIAN_POINT('Ctrl Pts',(3.85,12.2,1.89688711258507));
#9501=CARTESIAN_POINT('Ctrl Pts',(9.13,12.2,1.89688711258507));
#9502=CARTESIAN_POINT('Ctrl Pts',(3.85,12.2,2.25038610616431));
#9503=CARTESIAN_POINT('Ctrl Pts',(9.13,12.2,2.25038610616431));
#9504=CARTESIAN_POINT('Ctrl Pts',(3.85,12.1,2.3));
#9505=CARTESIAN_POINT('Ctrl Pts',(9.13,12.1,2.3));
#9506=CARTESIAN_POINT('',(4.45311288741493,12.2,1.89688711258508));
#9507=CARTESIAN_POINT('Ctrl Pts',(4.45311288741493,12.2,1.89688711258508));
#9508=CARTESIAN_POINT('Ctrl Pts',(4.45226689674092,12.2,1.89773310325908));
#9509=CARTESIAN_POINT('Ctrl Pts',(4.45142090128488,12.1999994052353,1.89857909871589));
#9510=CARTESIAN_POINT('Ctrl Pts',(4.38902334483811,12.199911468915,1.96097665514852));
#9511=CARTESIAN_POINT('Ctrl Pts',(4.32424247300021,12.1966573317622,2.02575752801823));
#9512=CARTESIAN_POINT('Ctrl Pts',(4.22195210189533,12.1825741478505,2.12804789910579));
#9513=CARTESIAN_POINT('Ctrl Pts',(4.13364273807345,12.1677808400403,2.21635726192654));
#9514=CARTESIAN_POINT('Ctrl Pts',(4.08231738070457,12.1335809009096,2.26768261929542));
#9515=CARTESIAN_POINT('',(4.45311288741493,12.2,1.89688711258508));
#9516=CARTESIAN_POINT('Ctrl Pts',(8.25,12.2,1.70311288741493));
#9517=CARTESIAN_POINT('Ctrl Pts',(2.97,12.2,1.70311288741493));
#9518=CARTESIAN_POINT('Ctrl Pts',(8.25,12.2,1.34961389383568));
#9519=CARTESIAN_POINT('Ctrl Pts',(2.97,12.2,1.34961389383568));
#9520=CARTESIAN_POINT('Ctrl Pts',(8.25,12.1,1.3));
#9521=CARTESIAN_POINT('Ctrl Pts',(2.97,12.1,1.3));
#9522=CARTESIAN_POINT('',(4.45311288741384,12.2,1.70311288741493));
#9523=CARTESIAN_POINT('Ctrl Pts',(4.0823173603173,12.1335808873248,1.3323173603173));
#9524=CARTESIAN_POINT('Ctrl Pts',(4.13364270720073,12.1677808311337,1.38364270720073));
#9525=CARTESIAN_POINT('Ctrl Pts',(4.2219520706165,12.1825741421277,1.47195206961539));
#9526=CARTESIAN_POINT('Ctrl Pts',(4.32424244973085,12.196657330642,1.57424244871243));
#9527=CARTESIAN_POINT('Ctrl Pts',(4.38902333427524,12.1999114689001,1.63902333425186));
#9528=CARTESIAN_POINT('Ctrl Pts',(4.45142090128383,12.1999994052353,1.70142090128516));
#9529=CARTESIAN_POINT('Ctrl Pts',(4.45226689674034,12.2,1.70226689674143));
#9530=CARTESIAN_POINT('Ctrl Pts',(4.45311288741384,12.2,1.70311288741493));
#9531=CARTESIAN_POINT('',(7.64688711258519,12.2,1.70311288741493));
#9532=CARTESIAN_POINT('Ctrl Pts',(4.45311288741493,12.2,1.25));
#9533=CARTESIAN_POINT('Ctrl Pts',(4.45311288741493,12.2,2.57));
#9534=CARTESIAN_POINT('Ctrl Pts',(4.09961389383568,12.2,1.25));
#9535=CARTESIAN_POINT('Ctrl Pts',(4.09961389383568,12.2,2.57));
#9536=CARTESIAN_POINT('Ctrl Pts',(4.05,12.1,1.25));
#9537=CARTESIAN_POINT('Ctrl Pts',(4.05,12.1,2.57));
#9538=CARTESIAN_POINT('',(4.45311288741384,12.2,1.70311288741493));
#9539=CARTESIAN_POINT('Origin',(6.05,12.2,-2.77555756156289E-15));
#9540=CARTESIAN_POINT('Origin',(8.12860909872322,-0.199999999999999,1.80000000000001));
#9541=CARTESIAN_POINT('',(8.01768672602569,-0.0335768054694829,1.33231327397429));
#9542=CARTESIAN_POINT('',(8.12860909872322,-3.33066907387547E-15,1.22139090127674));
#9543=CARTESIAN_POINT('Origin',(8.12860909872322,-0.200000000000006,1.22139090127674));
#9544=CARTESIAN_POINT('',(8.12860909872322,-2.22044604925031E-15,2.37860909872323));
#9545=CARTESIAN_POINT('',(8.12860909872323,-1.11022302462516E-15,6.5));
#9546=CARTESIAN_POINT('',(8.01768671561342,-0.0335768105916834,2.26768671561342));
#9547=CARTESIAN_POINT('Origin',(8.12860909872322,-0.200000000000004,2.37860909872323));
#9548=CARTESIAN_POINT('',(8.01769335461174,-0.0335737469381847,1.33249893190607));
#9549=CARTESIAN_POINT('Origin',(6.05000000000008,-0.200000000000004,2.37860909872323));
#9550=CARTESIAN_POINT('',(3.97139090127677,-1.11022302462516E-15,2.37860909872323));
#9551=CARTESIAN_POINT('',(4.08231328438657,-0.0335768105916801,2.26768671561342));
#9552=CARTESIAN_POINT('Origin',(3.97139090127677,-0.199999999999998,2.37860909872323));
#9553=CARTESIAN_POINT('',(8.01750106809393,-0.0335737469381836,2.26769335461174));
#9554=CARTESIAN_POINT('',(12.1,-3.33066907387547E-15,2.37860909872323));
#9555=CARTESIAN_POINT('Origin',(6.05000000000008,-0.200000000000006,1.22139090127674));
#9556=CARTESIAN_POINT('',(4.08231328438658,-0.0335768105916789,1.33231328438656));
#9557=CARTESIAN_POINT('',(3.97139090127677,-2.22044604925031E-15,1.22139090127674));
#9558=CARTESIAN_POINT('Origin',(3.97139090127677,-0.199999999999999,1.22139090127674));
#9559=CARTESIAN_POINT('',(12.1,-4.44089209850063E-15,1.22139090127674));
#9560=CARTESIAN_POINT('',(4.08249893190607,-0.0335737469381736,1.33230664538825));
#9561=CARTESIAN_POINT('Origin',(3.97139090127677,-0.199999999999998,1.8));
#9562=CARTESIAN_POINT('',(3.97139090127677,2.95586394818516E-47,6.5));
#9563=CARTESIAN_POINT('',(4.08230664538825,-0.0335737469381803,2.26750106809393));
#9564=CARTESIAN_POINT('Ctrl Pts',(7.64688711258507,-0.100000000000003,1.25));
#9565=CARTESIAN_POINT('Ctrl Pts',(7.64688711258507,-0.100000000000003,2.57));
#9566=CARTESIAN_POINT('Ctrl Pts',(8.00038610616431,-0.100000000000002,1.25));
#9567=CARTESIAN_POINT('Ctrl Pts',(8.00038610616431,-0.100000000000002,2.57));
#9568=CARTESIAN_POINT('Ctrl Pts',(8.05,-3.33066907387547E-15,1.25));
#9569=CARTESIAN_POINT('Ctrl Pts',(8.05,-3.03757019537443E-15,2.57));
#9570=CARTESIAN_POINT('',(7.64688711258501,-0.100000000000002,1.70311288741493));
#9571=CARTESIAN_POINT('Ctrl Pts',(7.64688711258503,-0.100000000000001,1.70311288741493));
#9572=CARTESIAN_POINT('Ctrl Pts',(7.64781062904662,-0.100000000000001,1.70218937095334));
#9573=CARTESIAN_POINT('Ctrl Pts',(7.64873415173451,-0.0999992912332448,
1.70126584826652));
#9574=CARTESIAN_POINT('Ctrl Pts',(7.71113414661998,-0.0999032725393822,
1.63886585336357));
#9575=CARTESIAN_POINT('Ctrl Pts',(7.77583072372934,-0.096647256366641,1.57416927728908));
#9576=CARTESIAN_POINT('Ctrl Pts',(7.87804793036126,-0.0825741421319248,
1.47195207063984));
#9577=CARTESIAN_POINT('Ctrl Pts',(7.96635729279267,-0.0677808311381176,
1.38364270720733));
#9578=CARTESIAN_POINT('Ctrl Pts',(8.01768263968268,-0.0335808873248374,
1.33231736031732));
#9579=CARTESIAN_POINT('',(7.64688711258513,-0.100000000000002,1.89688711258507));
#9580=CARTESIAN_POINT('Ctrl Pts',(8.01768261929544,-0.0335809009096004,
2.26768261929543));
#9581=CARTESIAN_POINT('Ctrl Pts',(7.9663572619258,-0.0677808400407739,2.2163572619258));
#9582=CARTESIAN_POINT('Ctrl Pts',(7.8780478991031,-0.0825741478510256,2.128047898102));
#9583=CARTESIAN_POINT('Ctrl Pts',(7.77583070047721,-0.0966472574882615,
2.02583069945881));
#9584=CARTESIAN_POINT('Ctrl Pts',(7.71113413604594,-0.0999032725556515,
1.96113413606364));
#9585=CARTESIAN_POINT('Ctrl Pts',(7.64873415173493,-0.0999992912332448,
1.89873415173383));
#9586=CARTESIAN_POINT('Ctrl Pts',(7.64781062904636,-0.100000000000002,1.8978106290463));
#9587=CARTESIAN_POINT('Ctrl Pts',(7.64688711258513,-0.100000000000002,1.89688711258507));
#9588=CARTESIAN_POINT('',(7.64688711258501,-0.100000000000002,1.70311288741493));
#9589=CARTESIAN_POINT('Ctrl Pts',(8.25,-0.100000000000002,1.89688711258507));
#9590=CARTESIAN_POINT('Ctrl Pts',(2.97,-0.100000000000001,1.89688711258507));
#9591=CARTESIAN_POINT('Ctrl Pts',(8.25,-0.100000000000001,2.25038610616432));
#9592=CARTESIAN_POINT('Ctrl Pts',(2.97,-0.1,2.25038610616432));
#9593=CARTESIAN_POINT('Ctrl Pts',(8.25,-2.22044604925031E-15,2.3));
#9594=CARTESIAN_POINT('Ctrl Pts',(2.97,-1.04805053524615E-15,2.3));
#9595=CARTESIAN_POINT('',(4.45311288741493,-0.100000000000002,1.89688711258507));
#9596=CARTESIAN_POINT('Ctrl Pts',(4.08231738070456,-0.0335809009095963,
2.26768261929544));
#9597=CARTESIAN_POINT('Ctrl Pts',(4.13364273807299,-0.0677808400399685,
2.21635726192701));
#9598=CARTESIAN_POINT('Ctrl Pts',(4.22195210189372,-0.0825741478502395,
2.1280478991074));
#9599=CARTESIAN_POINT('Ctrl Pts',(4.32424247299916,-0.0966573317621267,
2.02575752801928));
#9600=CARTESIAN_POINT('Ctrl Pts',(4.38902334484694,-0.0999114689149971,
1.96097665515811));
#9601=CARTESIAN_POINT('Ctrl Pts',(4.45142090128479,-0.0999994052352726,
1.89857909871493));
#9602=CARTESIAN_POINT('Ctrl Pts',(4.45226689674074,-0.100000000000001,1.89773310325926));
#9603=CARTESIAN_POINT('Ctrl Pts',(4.45311288741492,-0.100000000000001,1.89688711258507));
#9604=CARTESIAN_POINT('',(7.64688711258513,-0.100000000000002,1.89688711258507));
#9605=CARTESIAN_POINT('Ctrl Pts',(3.85,-0.100000000000001,1.70311288741493));
#9606=CARTESIAN_POINT('Ctrl Pts',(9.13,-0.100000000000002,1.70311288741493));
#9607=CARTESIAN_POINT('Ctrl Pts',(3.85,-0.1,1.34961389383568));
#9608=CARTESIAN_POINT('Ctrl Pts',(9.13,-0.100000000000001,1.34961389383568));
#9609=CARTESIAN_POINT('Ctrl Pts',(3.85,-2.22044604925031E-15,1.3));
#9610=CARTESIAN_POINT('Ctrl Pts',(9.13,-3.39284156325448E-15,1.3));
#9611=CARTESIAN_POINT('',(4.45311288741481,-0.100000000000002,1.70311288741493));
#9612=CARTESIAN_POINT('Ctrl Pts',(4.45311288741481,-0.100000000000001,1.70311288741492));
#9613=CARTESIAN_POINT('Ctrl Pts',(4.45226689674104,-0.100000000000001,1.70226689674114));
#9614=CARTESIAN_POINT('Ctrl Pts',(4.45142090128438,-0.0999994052352704,
1.70142090128467));
#9615=CARTESIAN_POINT('Ctrl Pts',(4.38902334484537,-0.0999114689149938,
1.63902334484033));
#9616=CARTESIAN_POINT('Ctrl Pts',(4.3242424729953,-0.0966573317619446,1.57424247197687));
#9617=CARTESIAN_POINT('Ctrl Pts',(4.22195210188855,-0.0825741478492925,
1.47195210088744));
#9618=CARTESIAN_POINT('Ctrl Pts',(4.13364273807153,-0.067780840038998,1.38364273807153));
#9619=CARTESIAN_POINT('Ctrl Pts',(4.08231738070456,-0.0335809009095956,
1.33231738070456));
#9620=CARTESIAN_POINT('',(4.45311288741481,-0.100000000000002,1.70311288741493));
#9621=CARTESIAN_POINT('Ctrl Pts',(4.45311288741493,-0.100000000000002,2.35));
#9622=CARTESIAN_POINT('Ctrl Pts',(4.45311288741493,-0.100000000000003,1.03));
#9623=CARTESIAN_POINT('Ctrl Pts',(4.09961389383568,-0.1,2.35));
#9624=CARTESIAN_POINT('Ctrl Pts',(4.09961389383568,-0.1,1.03));
#9625=CARTESIAN_POINT('Ctrl Pts',(4.05,-1.11022302462516E-15,2.35));
#9626=CARTESIAN_POINT('Ctrl Pts',(4.05,-1.4033219031262E-15,1.03));
#9627=CARTESIAN_POINT('',(4.45311288741493,-0.100000000000002,1.89688711258507));
#9628=CARTESIAN_POINT('Origin',(6.05,-0.100000000000003,0.));
#9629=CARTESIAN_POINT('Origin',(6.05,9.7,-2.22044604925031E-15));
#9630=CARTESIAN_POINT('',(4.95,9.7,6.3));
#9631=CARTESIAN_POINT('',(4.95,9.7,6.29));
#9632=CARTESIAN_POINT('',(4.95,9.7,6.29));
#9633=CARTESIAN_POINT('',(7.15,9.7,6.3));
#9634=CARTESIAN_POINT('',(4.95,9.7,6.3));
#9635=CARTESIAN_POINT('',(7.15,9.7,6.29));
#9636=CARTESIAN_POINT('',(7.15,9.7,6.29));
#9637=CARTESIAN_POINT('',(4.95,9.7,6.29));
#9638=CARTESIAN_POINT('Origin',(4.95,9.7,6.3));
#9639=CARTESIAN_POINT('',(7.15,11.7,6.3));
#9640=CARTESIAN_POINT('',(4.95,11.7,6.3));
#9641=CARTESIAN_POINT('',(4.95,11.7,6.3));
#9642=CARTESIAN_POINT('',(7.15,9.89577690460588,6.3));
#9643=CARTESIAN_POINT('',(7.15,6.05,6.3));
#9644=CARTESIAN_POINT('',(7.15,9.7,6.3));
#9645=CARTESIAN_POINT('',(4.95,9.89577690460588,6.3));
#9646=CARTESIAN_POINT('',(4.95,9.7,6.3));
#9647=CARTESIAN_POINT('',(4.95,9.7,6.3));
#9648=CARTESIAN_POINT('Origin',(7.15,9.7,6.29));
#9649=CARTESIAN_POINT('',(7.15,9.89577690460588,6.29));
#9650=CARTESIAN_POINT('',(7.15,9.7,6.29));
#9651=CARTESIAN_POINT('',(7.15,9.89577690460588,6.1));
#9652=CARTESIAN_POINT('Origin',(4.95,9.7,6.29));
#9653=CARTESIAN_POINT('',(4.95,11.7,6.29));
#9654=CARTESIAN_POINT('',(7.15,11.7,6.29));
#9655=CARTESIAN_POINT('',(4.95,11.7,6.29));
#9656=CARTESIAN_POINT('',(4.95,9.89577690460588,6.29));
#9657=CARTESIAN_POINT('',(4.95,9.7,6.29));
#9658=CARTESIAN_POINT('',(4.95,9.7,6.29));
#9659=CARTESIAN_POINT('',(7.15,6.05,6.29));
#9660=CARTESIAN_POINT('Origin',(4.95,9.7,6.29));
#9661=CARTESIAN_POINT('',(4.95,9.89577690460588,6.1));
#9662=CARTESIAN_POINT('Origin',(6.05,2.4,-5.55111512312578E-16));
#9663=CARTESIAN_POINT('',(4.95,2.4,6.3));
#9664=CARTESIAN_POINT('',(4.94999999999999,2.4,6.29));
#9665=CARTESIAN_POINT('',(4.94999999999999,2.4,6.29));
#9666=CARTESIAN_POINT('',(7.15,2.4,6.29));
#9667=CARTESIAN_POINT('',(4.94999999999999,2.4,6.29));
#9668=CARTESIAN_POINT('',(7.15,2.4,6.3));
#9669=CARTESIAN_POINT('',(7.15,2.4,6.29));
#9670=CARTESIAN_POINT('',(4.95,2.4,6.3));
#9671=CARTESIAN_POINT('Origin',(4.94999999999999,2.4,6.29));
#9672=CARTESIAN_POINT('',(4.94999999999999,0.4,6.29));
#9673=CARTESIAN_POINT('',(7.15,0.4,6.29));
#9674=CARTESIAN_POINT('',(4.94999999999999,0.4,6.29));
#9675=CARTESIAN_POINT('',(7.15,2.20422309539412,6.29));
#9676=CARTESIAN_POINT('',(7.15,6.05,6.29));
#9677=CARTESIAN_POINT('',(7.15,2.4,6.29));
#9678=CARTESIAN_POINT('',(4.94999999999999,2.20422309539412,6.29));
#9679=CARTESIAN_POINT('',(4.94999999999999,2.4,6.29));
#9680=CARTESIAN_POINT('',(4.94999999999999,2.4,6.29));
#9681=CARTESIAN_POINT('Origin',(7.15,2.4,6.29));
#9682=CARTESIAN_POINT('',(7.15,2.20422309539412,6.3));
#9683=CARTESIAN_POINT('',(7.15,2.20422309539412,6.1));
#9684=CARTESIAN_POINT('',(7.15,2.4,6.3));
#9685=CARTESIAN_POINT('Origin',(4.95,2.4,6.3));
#9686=CARTESIAN_POINT('',(7.15,0.4,6.3));
#9687=CARTESIAN_POINT('',(4.95,0.4,6.3));
#9688=CARTESIAN_POINT('',(4.95,0.4,6.3));
#9689=CARTESIAN_POINT('',(4.95,2.20422309539412,6.3));
#9690=CARTESIAN_POINT('',(4.95,2.4,6.3));
#9691=CARTESIAN_POINT('',(4.95,2.4,6.3));
#9692=CARTESIAN_POINT('',(7.15,6.05,6.3));
#9693=CARTESIAN_POINT('Origin',(4.94999999999999,2.4,6.29));
#9694=CARTESIAN_POINT('',(4.94999999999999,2.20422309539412,6.1));
#9695=CARTESIAN_POINT('Origin',(6.05,12.,6.4));
#9696=CARTESIAN_POINT('',(4.9,12.1,6.4));
#9697=CARTESIAN_POINT('',(4.9,12.,6.5));
#9698=CARTESIAN_POINT('Origin',(4.9,12.,6.4));
#9699=CARTESIAN_POINT('',(0.500000000000002,12.1,6.4));
#9700=CARTESIAN_POINT('',(12.1,12.1,6.4));
#9701=CARTESIAN_POINT('',(0.2,12.,6.5));
#9702=CARTESIAN_POINT('Ctrl Pts',(0.199999999999999,12.,6.5));
#9703=CARTESIAN_POINT('Ctrl Pts',(0.24360258583368,12.0327019393753,6.5));
#9704=CARTESIAN_POINT('Ctrl Pts',(0.293117388368457,12.0584284307238,6.48510965261954));
#9705=CARTESIAN_POINT('Ctrl Pts',(0.396497275035656,12.0921823954663,6.44648206137029));
#9706=CARTESIAN_POINT('Ctrl Pts',(0.450245583694455,12.1,6.422250851408));
#9707=CARTESIAN_POINT('Ctrl Pts',(0.500000000000002,12.1,6.4));
#9708=CARTESIAN_POINT('',(6.05,12.,6.5));
#9709=CARTESIAN_POINT('Origin',(6.05,12.,6.4));
#9710=CARTESIAN_POINT('',(11.6,12.1,6.4));
#9711=CARTESIAN_POINT('',(11.9,12.,6.5));
#9712=CARTESIAN_POINT('Ctrl Pts',(11.6,12.1,6.4));
#9713=CARTESIAN_POINT('Ctrl Pts',(11.6497544163055,12.1,6.422250851408));
#9714=CARTESIAN_POINT('Ctrl Pts',(11.7035027249643,12.0921823954663,6.44648206137029));
#9715=CARTESIAN_POINT('Ctrl Pts',(11.8068826116315,12.0584284307238,6.48510965261954));
#9716=CARTESIAN_POINT('Ctrl Pts',(11.8563974141663,12.0327019393753,6.5));
#9717=CARTESIAN_POINT('Ctrl Pts',(11.9,12.,6.5));
#9718=CARTESIAN_POINT('',(7.2,12.1,6.4));
#9719=CARTESIAN_POINT('',(12.1,12.1,6.4));
#9720=CARTESIAN_POINT('',(7.2,12.,6.5));
#9721=CARTESIAN_POINT('Origin',(7.2,12.,6.4));
#9722=CARTESIAN_POINT('',(6.05,12.,6.5));
#9723=CARTESIAN_POINT('Origin',(6.05,0.1,6.4));
#9724=CARTESIAN_POINT('',(0.499999999999998,2.84638750565979E-47,6.4));
#9725=CARTESIAN_POINT('',(0.199999999999995,0.100000000000001,6.5));
#9726=CARTESIAN_POINT('Ctrl Pts',(0.499999999999998,1.11022302462516E-15,
6.4));
#9727=CARTESIAN_POINT('Ctrl Pts',(0.45024558369445,1.11022302462516E-15,
6.42225085140801));
#9728=CARTESIAN_POINT('Ctrl Pts',(0.396497275035652,0.00781760453374081,
6.44648206137029));
#9729=CARTESIAN_POINT('Ctrl Pts',(0.293117388368453,0.0415715692762342,
6.48510965261955));
#9730=CARTESIAN_POINT('Ctrl Pts',(0.243602585833677,0.0672980606247398,
6.5));
#9731=CARTESIAN_POINT('Ctrl Pts',(0.199999999999995,0.100000000000001,6.5));
#9732=CARTESIAN_POINT('',(4.9,-1.11022302462516E-15,6.4));
#9733=CARTESIAN_POINT('',(12.1,-2.22044604925031E-15,6.4));
#9734=CARTESIAN_POINT('',(4.9,0.1,6.5));
#9735=CARTESIAN_POINT('Origin',(4.9,0.1,6.4));
#9736=CARTESIAN_POINT('',(6.05,0.1,6.5));
#9737=CARTESIAN_POINT('Origin',(6.05,0.1,6.4));
#9738=CARTESIAN_POINT('',(7.2,-1.11022302462516E-15,6.4));
#9739=CARTESIAN_POINT('',(7.2,0.1,6.5));
#9740=CARTESIAN_POINT('Origin',(7.2,0.1,6.4));
#9741=CARTESIAN_POINT('',(11.6,-2.22044604925031E-15,6.4));
#9742=CARTESIAN_POINT('',(12.1,-2.22044604925031E-15,6.4));
#9743=CARTESIAN_POINT('',(11.9,0.099999999999999,6.5));
#9744=CARTESIAN_POINT('Ctrl Pts',(11.9,0.0999999999999986,6.5));
#9745=CARTESIAN_POINT('Ctrl Pts',(11.8563974141663,0.067298060624736,6.5));
#9746=CARTESIAN_POINT('Ctrl Pts',(11.8068826116315,0.041571569276232,6.48510965261955));
#9747=CARTESIAN_POINT('Ctrl Pts',(11.7035027249643,0.00781760453373859,
6.44648206137029));
#9748=CARTESIAN_POINT('Ctrl Pts',(11.6497544163055,-1.11022302462516E-15,
6.42225085140801));
#9749=CARTESIAN_POINT('Ctrl Pts',(11.6,-1.11022302462516E-15,6.4));
#9750=CARTESIAN_POINT('',(6.05,0.1,6.5));
#9751=CARTESIAN_POINT('Origin',(11.55,0.550000000000002,2.8));
#9752=CARTESIAN_POINT('',(11.55,0.0500000000000012,6.1));
#9753=CARTESIAN_POINT('',(12.05,0.550000000000002,6.1));
#9754=CARTESIAN_POINT('Origin',(11.55,0.550000000000002,6.1));
#9755=CARTESIAN_POINT('',(11.55,0.0499999999999989,3.01));
#9756=CARTESIAN_POINT('',(11.55,0.0500000000000012,2.8));
#9757=CARTESIAN_POINT('',(12.05,0.550000000000002,3.01));
#9758=CARTESIAN_POINT('Origin',(11.55,0.550000000000002,3.01));
#9759=CARTESIAN_POINT('',(12.05,0.550000000000002,2.8));
#9760=CARTESIAN_POINT('Origin',(11.55,0.550000000000002,2.8));
#9761=CARTESIAN_POINT('',(11.55,0.0499999999999989,3.));
#9762=CARTESIAN_POINT('',(12.05,0.550000000000002,3.));
#9763=CARTESIAN_POINT('Origin',(11.55,0.550000000000002,3.));
#9764=CARTESIAN_POINT('',(11.55,0.05,0.));
#9765=CARTESIAN_POINT('',(11.55,0.0500000000000012,2.8));
#9766=CARTESIAN_POINT('',(12.05,0.55,-5.55111512312578E-16));
#9767=CARTESIAN_POINT('Origin',(11.55,0.55,-5.55111512312578E-16));
#9768=CARTESIAN_POINT('',(12.05,0.550000000000002,2.8));
#9769=CARTESIAN_POINT('Origin',(11.6,0.499999999999998,6.5));
#9770=CARTESIAN_POINT('',(12.1,0.499999999999998,6.5));
#9771=CARTESIAN_POINT('Origin',(11.6,0.499999999999998,6.5));
#9772=CARTESIAN_POINT('',(11.6,-3.33066907387547E-15,6.1));
#9773=CARTESIAN_POINT('',(11.6,-2.22044604925031E-15,6.5));
#9774=CARTESIAN_POINT('',(12.1,0.499999999999997,6.1));
#9775=CARTESIAN_POINT('Origin',(11.6,0.499999999999997,6.1));
#9776=CARTESIAN_POINT('',(12.1,0.499999999999998,6.5));
#9777=CARTESIAN_POINT('Origin',(0.549999999999997,0.550000000000002,2.8));
#9778=CARTESIAN_POINT('',(0.0499999999999939,0.550000000000002,6.1));
#9779=CARTESIAN_POINT('',(0.549999999999997,0.0500000000000012,6.1));
#9780=CARTESIAN_POINT('Origin',(0.549999999999997,0.550000000000002,6.1));
#9781=CARTESIAN_POINT('',(0.0499999999999939,0.550000000000002,3.01));
#9782=CARTESIAN_POINT('',(0.0499999999999939,0.550000000000002,2.8));
#9783=CARTESIAN_POINT('',(0.549999999999997,0.0500000000000012,3.01));
#9784=CARTESIAN_POINT('Origin',(0.549999999999997,0.550000000000002,3.01));
#9785=CARTESIAN_POINT('',(0.549999999999997,0.0500000000000012,2.8));
#9786=CARTESIAN_POINT('Origin',(0.549999999999997,0.550000000000002,2.8));
#9787=CARTESIAN_POINT('',(0.0499999999999939,0.550000000000002,3.));
#9788=CARTESIAN_POINT('',(0.549999999999997,0.0500000000000012,3.));
#9789=CARTESIAN_POINT('Origin',(0.549999999999997,0.550000000000002,3.));
#9790=CARTESIAN_POINT('',(0.0499999999999962,0.55,0.));
#9791=CARTESIAN_POINT('',(0.0499999999999939,0.550000000000002,2.8));
#9792=CARTESIAN_POINT('',(0.549999999999997,0.05,0.));
#9793=CARTESIAN_POINT('Origin',(0.549999999999997,0.55,0.));
#9794=CARTESIAN_POINT('',(0.549999999999997,0.0500000000000012,2.8));
#9795=CARTESIAN_POINT('Origin',(0.499999999999998,0.5,6.5));
#9796=CARTESIAN_POINT('',(0.499999999999998,-1.11022302462516E-15,6.1));
#9797=CARTESIAN_POINT('',(0.499999999999998,2.95586394818516E-47,6.5));
#9798=CARTESIAN_POINT('',(-4.9960036108132E-15,0.5,6.5));
#9799=CARTESIAN_POINT('Origin',(0.499999999999998,0.5,6.5));
#9800=CARTESIAN_POINT('',(-4.9960036108132E-15,0.499999999999999,6.1));
#9801=CARTESIAN_POINT('',(-4.9960036108132E-15,0.5,6.5));
#9802=CARTESIAN_POINT('Origin',(0.499999999999998,0.499999999999999,6.1));
#9803=CARTESIAN_POINT('Origin',(0.550000000000001,11.55,2.8));
#9804=CARTESIAN_POINT('',(0.550000000000001,12.05,6.1));
#9805=CARTESIAN_POINT('',(0.0499999999999984,11.55,6.1));
#9806=CARTESIAN_POINT('Origin',(0.550000000000001,11.55,6.1));
#9807=CARTESIAN_POINT('',(0.550000000000001,12.05,3.01));
#9808=CARTESIAN_POINT('',(0.550000000000001,12.05,2.8));
#9809=CARTESIAN_POINT('',(0.0499999999999984,11.55,3.01));
#9810=CARTESIAN_POINT('Origin',(0.550000000000001,11.55,3.01));
#9811=CARTESIAN_POINT('',(0.0499999999999984,11.55,2.8));
#9812=CARTESIAN_POINT('Origin',(0.550000000000001,11.55,2.8));
#9813=CARTESIAN_POINT('',(0.550000000000001,12.05,3.));
#9814=CARTESIAN_POINT('',(0.0499999999999984,11.55,3.));
#9815=CARTESIAN_POINT('Origin',(0.550000000000001,11.55,3.));
#9816=CARTESIAN_POINT('',(0.550000000000001,12.05,-2.77555756156289E-15));
#9817=CARTESIAN_POINT('',(0.550000000000001,12.05,2.8));
#9818=CARTESIAN_POINT('',(0.0500000000000006,11.55,-2.22044604925031E-15));
#9819=CARTESIAN_POINT('Origin',(0.550000000000001,11.55,-2.77555756156289E-15));
#9820=CARTESIAN_POINT('',(0.0499999999999984,11.55,2.8));
#9821=CARTESIAN_POINT('Origin',(0.500000000000002,11.6,6.5));
#9822=CARTESIAN_POINT('',(-5.55111512312578E-16,11.6,6.5));
#9823=CARTESIAN_POINT('Origin',(0.500000000000002,11.6,6.5));
#9824=CARTESIAN_POINT('',(0.500000000000002,12.1,6.1));
#9825=CARTESIAN_POINT('',(0.500000000000002,12.1,6.5));
#9826=CARTESIAN_POINT('',(-5.55111512312578E-16,11.6,6.1));
#9827=CARTESIAN_POINT('Origin',(0.500000000000002,11.6,6.1));
#9828=CARTESIAN_POINT('',(-5.55111512312578E-16,11.6,6.5));
#9829=CARTESIAN_POINT('Origin',(11.55,11.55,2.8));
#9830=CARTESIAN_POINT('',(12.05,11.55,3.));
#9831=CARTESIAN_POINT('',(11.55,12.05,3.));
#9832=CARTESIAN_POINT('Origin',(11.55,11.55,3.));
#9833=CARTESIAN_POINT('',(12.05,11.55,-2.77555756156289E-15));
#9834=CARTESIAN_POINT('',(12.05,11.55,2.8));
#9835=CARTESIAN_POINT('',(11.55,12.05,-2.77555756156289E-15));
#9836=CARTESIAN_POINT('Origin',(11.55,11.55,-2.77555756156289E-15));
#9837=CARTESIAN_POINT('',(11.55,12.05,2.8));
#9838=CARTESIAN_POINT('Origin',(11.55,11.55,2.8));
#9839=CARTESIAN_POINT('',(12.05,11.55,6.1));
#9840=CARTESIAN_POINT('',(11.55,12.05,6.1));
#9841=CARTESIAN_POINT('Origin',(11.55,11.55,6.1));
#9842=CARTESIAN_POINT('',(12.05,11.55,3.01));
#9843=CARTESIAN_POINT('',(12.05,11.55,2.8));
#9844=CARTESIAN_POINT('',(11.55,12.05,3.01));
#9845=CARTESIAN_POINT('Origin',(11.55,11.55,3.01));
#9846=CARTESIAN_POINT('',(11.55,12.05,2.8));
#9847=CARTESIAN_POINT('Origin',(11.6,11.6,6.5));
#9848=CARTESIAN_POINT('',(11.6,12.1,6.1));
#9849=CARTESIAN_POINT('',(11.6,12.1,6.5));
#9850=CARTESIAN_POINT('',(12.1,11.6,6.5));
#9851=CARTESIAN_POINT('Origin',(11.6,11.6,6.5));
#9852=CARTESIAN_POINT('',(12.1,11.6,6.1));
#9853=CARTESIAN_POINT('',(12.1,11.6,6.5));
#9854=CARTESIAN_POINT('Origin',(11.6,11.6,6.1));
#9855=CARTESIAN_POINT('Origin',(-0.950004166665944,12.05,3.01));
#9856=CARTESIAN_POINT('',(12.05,12.05,3.01));
#9857=CARTESIAN_POINT('',(11.05,0.0499999999999989,3.01));
#9858=CARTESIAN_POINT('',(-0.950004166665948,0.0500000000000023,3.01));
#9859=CARTESIAN_POINT('',(11.05,0.4,3.01));
#9860=CARTESIAN_POINT('',(11.05,12.05,3.01));
#9861=CARTESIAN_POINT('',(11.05,11.7,3.01));
#9862=CARTESIAN_POINT('',(11.05,12.05,3.01));
#9863=CARTESIAN_POINT('',(11.05,12.05,3.01));
#9864=CARTESIAN_POINT('',(11.05,12.05,3.01));
#9865=CARTESIAN_POINT('',(-0.950004166665944,12.05,3.01));
#9866=CARTESIAN_POINT('Origin',(-0.950004166665944,12.05,3.));
#9867=CARTESIAN_POINT('',(11.05,0.0499999999999989,3.));
#9868=CARTESIAN_POINT('',(-0.950004166665948,0.0500000000000023,3.));
#9869=CARTESIAN_POINT('',(12.05,12.05,3.));
#9870=CARTESIAN_POINT('',(11.05,12.05,3.));
#9871=CARTESIAN_POINT('',(-0.950004166665944,12.05,3.));
#9872=CARTESIAN_POINT('',(11.05,11.7,3.));
#9873=CARTESIAN_POINT('',(11.05,12.05,3.));
#9874=CARTESIAN_POINT('',(11.05,0.4,3.));
#9875=CARTESIAN_POINT('',(11.05,12.05,3.));
#9876=CARTESIAN_POINT('',(11.05,0.399999999999999,3.));
#9877=CARTESIAN_POINT('Origin',(11.05,11.7,6.5));
#9878=CARTESIAN_POINT('',(11.05,11.7,6.5));
#9879=CARTESIAN_POINT('',(11.05,0.4,6.5));
#9880=CARTESIAN_POINT('Origin',(6.05,-7.45141858735406,7.4351332979191));
#9881=CARTESIAN_POINT('',(5.05,11.4372504638913,-2.63882352941177));
#9882=CARTESIAN_POINT('',(5.05,11.7725445815383,-2.81764705882353));
#9883=CARTESIAN_POINT('',(5.05,-7.45141858735406,7.4351332979191));
#9884=CARTESIAN_POINT('',(7.05,11.7725445815383,-2.81764705882354));
#9885=CARTESIAN_POINT('Origin',(6.05,11.7725445815383,-2.81764705882354));
#9886=CARTESIAN_POINT('',(7.05,11.4372504638913,-2.63882352941177));
#9887=CARTESIAN_POINT('',(7.05,-7.45141858735406,7.4351332979191));
#9888=CARTESIAN_POINT('Origin',(6.05,11.4372504638913,-2.63882352941177));
#9889=CARTESIAN_POINT('Origin',(7.05,12.0424766084326,-0.240726806698248));
#9890=CARTESIAN_POINT('',(7.05,11.7001560738683,-0.313642179670133));
#9891=CARTESIAN_POINT('',(7.05,11.8198923616441,0.0293773455867302));
#9892=CARTESIAN_POINT('Origin',(7.05,12.0424766084326,-0.240726806698248));
#9893=CARTESIAN_POINT('',(5.05,11.7001560738683,-0.313642179670133));
#9894=CARTESIAN_POINT('',(7.05,11.7001560738683,-0.313642179670132));
#9895=CARTESIAN_POINT('',(5.05,11.8198923616441,0.0293773455867297));
#9896=CARTESIAN_POINT('Origin',(5.05,12.0424766084326,-0.240726806698248));
#9897=CARTESIAN_POINT('',(5.05,11.8198923616441,0.0293773455867291));
#9898=CARTESIAN_POINT('Origin',(7.05,11.0478721809069,-2.0514078100075));
#9899=CARTESIAN_POINT('',(7.05,11.9302251220834,-2.52199604530162));
#9900=CARTESIAN_POINT('',(7.05,12.0259308510905,-1.84307817294497));
#9901=CARTESIAN_POINT('Origin',(7.05,11.0478721809069,-2.0514078100075));
#9902=CARTESIAN_POINT('',(5.05,11.9302251220834,-2.52199604530162));
#9903=CARTESIAN_POINT('',(7.05,11.9302251220834,-2.52199604530162));
#9904=CARTESIAN_POINT('',(5.05,12.0259308510905,-1.84307817294497));
#9905=CARTESIAN_POINT('Origin',(5.05,11.0478721809069,-2.0514078100075));
#9906=CARTESIAN_POINT('',(7.05,12.0259308510905,-1.84307817294497));
#9907=CARTESIAN_POINT('Origin',(7.05,11.1019563462442,0.67330372350251));
#9908=CARTESIAN_POINT('',(7.05,11.9409145769416,0.129107906589898));
#9909=CARTESIAN_POINT('',(7.05,12.1019563462442,0.67330372350251));
#9910=CARTESIAN_POINT('Origin',(7.05,11.1019563462442,0.67330372350251));
#9911=CARTESIAN_POINT('',(5.05,11.9409145769416,0.129107906589898));
#9912=CARTESIAN_POINT('',(7.05,11.9409145769416,0.129107906589898));
#9913=CARTESIAN_POINT('',(5.05,12.1019563462442,0.673303723502509));
#9914=CARTESIAN_POINT('Origin',(5.05,11.1019563462442,0.67330372350251));
#9915=CARTESIAN_POINT('',(5.05,12.1019563462442,0.673303723502509));
#9916=CARTESIAN_POINT('Origin',(7.05,11.9409145769416,0.129107906589898));
#9917=CARTESIAN_POINT('',(7.05,11.9409145769416,0.129107906589898));
#9918=CARTESIAN_POINT('',(5.05,11.9409145769416,0.129107906589898));
#9919=CARTESIAN_POINT('Origin',(7.05,11.6558806535739,-0.10577949001345));
#9920=CARTESIAN_POINT('',(5.05,11.6558806535739,-0.10577949001345));
#9921=CARTESIAN_POINT('',(7.05,11.6558806535739,-0.10577949001345));
#9922=CARTESIAN_POINT('Origin',(7.05,11.2361479025844,0.0407347395300472));
#9923=CARTESIAN_POINT('',(7.05,11.6747954401122,-2.01861232833359));
#9924=CARTESIAN_POINT('',(7.05,11.3120486230892,-0.315601299881411));
#9925=CARTESIAN_POINT('',(7.05,11.2361479025844,0.0407347395300472));
#9926=CARTESIAN_POINT('',(5.05,11.3120486230892,-0.315601299881411));
#9927=CARTESIAN_POINT('',(7.05,11.3120486230892,-0.315601299881411));
#9928=CARTESIAN_POINT('',(5.05,11.6747954401122,-2.01861232833359));
#9929=CARTESIAN_POINT('',(5.05,11.2361479025844,0.0407347395300472));
#9930=CARTESIAN_POINT('',(7.05,11.6747954401122,-2.01861232833359));
#9931=CARTESIAN_POINT('Origin',(7.05,11.6569546197589,0.387508180047213));
#9932=CARTESIAN_POINT('',(5.05,11.5173108307048,0.272432171987497));
#9933=CARTESIAN_POINT('',(5.05,11.6569546197589,0.387508180047212));
#9934=CARTESIAN_POINT('',(5.05,11.6569546197589,0.387508180047212));
#9935=CARTESIAN_POINT('',(7.05,11.5173108307048,0.272432171987497));
#9936=CARTESIAN_POINT('',(7.05,11.5173108307048,0.272432171987497));
#9937=CARTESIAN_POINT('',(7.05,11.6569546197589,0.387508180047213));
#9938=CARTESIAN_POINT('',(7.05,11.6569546197589,0.387508180047213));
#9939=CARTESIAN_POINT('',(7.05,11.6569546197589,0.387508180047213));
#9940=CARTESIAN_POINT('Origin',(7.05,11.6569546197589,0.387508180047213));
#9941=CARTESIAN_POINT('',(7.05,11.6654104732627,0.399999999999998));
#9942=CARTESIAN_POINT('',(7.05,11.6569546197589,0.387508180047213));
#9943=CARTESIAN_POINT('',(5.05,11.6654104732627,0.399999999999997));
#9944=CARTESIAN_POINT('',(6.05,11.6654104732627,0.399999999999998));
#9945=CARTESIAN_POINT('',(5.05,11.6569546197589,0.387508180047212));
#9946=CARTESIAN_POINT('Origin',(7.05,11.7219563462442,0.483535135044466));
#9947=CARTESIAN_POINT('',(5.05,11.7219563462442,0.483535135044466));
#9948=CARTESIAN_POINT('',(5.05,11.7219563462442,0.799999999999997));
#9949=CARTESIAN_POINT('',(5.05,11.7219563462442,0.483535135044466));
#9950=CARTESIAN_POINT('',(7.05,11.7219563462442,0.483535135044466));
#9951=CARTESIAN_POINT('',(7.05,11.7219563462442,0.483535135044466));
#9952=CARTESIAN_POINT('',(7.05,11.7219563462442,0.799999999999998));
#9953=CARTESIAN_POINT('',(7.05,11.7219563462442,0.483535135044466));
#9954=CARTESIAN_POINT('',(7.05,11.7219563462442,0.799999999999998));
#9955=CARTESIAN_POINT('Origin',(7.05,12.1019563462442,0.799999999999997));
#9956=CARTESIAN_POINT('',(7.05,11.75,0.799999999999998));
#9957=CARTESIAN_POINT('',(7.05,12.1019563462442,0.799999999999997));
#9958=CARTESIAN_POINT('',(5.05,11.75,0.799999999999997));
#9959=CARTESIAN_POINT('',(2.4,11.75,0.799999999999997));
#9960=CARTESIAN_POINT('',(5.05,12.1019563462442,0.799999999999997));
#9961=CARTESIAN_POINT('Origin',(7.05,12.1019563462442,0.367014675681563));
#9962=CARTESIAN_POINT('',(7.05,12.1019563462442,0.799999999999997));
#9963=CARTESIAN_POINT('',(7.05,12.1019563462442,0.367014675681563));
#9964=CARTESIAN_POINT('',(5.05,12.1019563462442,0.799999999999997));
#9965=CARTESIAN_POINT('',(5.05,12.1019563462442,0.367014675681563));
#9966=CARTESIAN_POINT('',(7.05,12.1019563462442,0.799999999999997));
#9967=CARTESIAN_POINT('Origin',(7.05,11.6569546197589,0.387508180047213));
#9968=CARTESIAN_POINT('',(7.05,11.7,0.451099057009306));
#9969=CARTESIAN_POINT('',(5.05,11.7,0.451099057009305));
#9970=CARTESIAN_POINT('',(6.05,11.7,0.451099057009306));
#9971=CARTESIAN_POINT('',(7.05,11.6569546197589,0.387508180047213));
#9972=CARTESIAN_POINT('',(5.05,11.6569546197589,0.387508180047212));
#9973=CARTESIAN_POINT('Origin',(7.05,12.1019563462442,0.799999999999997));
#9974=CARTESIAN_POINT('',(7.05,12.1,0.799999999999998));
#9975=CARTESIAN_POINT('',(5.05,12.1,0.799999999999997));
#9976=CARTESIAN_POINT('',(2.4,12.1,0.799999999999997));
#9977=CARTESIAN_POINT('',(7.05,12.1019563462442,0.799999999999997));
#9978=CARTESIAN_POINT('',(5.05,12.1019563462442,0.799999999999997));
#9979=CARTESIAN_POINT('Origin',(2.4,-0.00295634624422503,0.8));
#9980=CARTESIAN_POINT('',(5.05,-0.00295634624422614,0.8));
#9981=CARTESIAN_POINT('',(2.4,11.75,0.799999999999997));
#9982=CARTESIAN_POINT('',(2.4,11.75,0.799999999999997));
#9983=CARTESIAN_POINT('',(2.4,12.1,0.799999999999997));
#9984=CARTESIAN_POINT('',(2.4,-0.00295634624422503,0.8));
#9985=CARTESIAN_POINT('',(2.4,12.1,0.799999999999997));
#9986=CARTESIAN_POINT('Origin',(6.05,9.75,-2.22044604925031E-15));
#9987=CARTESIAN_POINT('',(11.,9.75,-2.22044604925031E-15));
#9988=CARTESIAN_POINT('',(9.7,9.75,-2.77555756156289E-15));
#9989=CARTESIAN_POINT('',(11.,9.75,-2.22044604925031E-15));
#9990=CARTESIAN_POINT('',(11.,9.75,0.349999999999998));
#9991=CARTESIAN_POINT('',(11.,9.75,-2.22044604925031E-15));
#9992=CARTESIAN_POINT('',(9.7,9.75,0.349999999999998));
#9993=CARTESIAN_POINT('',(11.,9.75,0.349999999999998));
#9994=CARTESIAN_POINT('',(9.7,9.75,-2.77555756156289E-15));
#9995=CARTESIAN_POINT('Origin',(9.7,9.75,-2.77555756156289E-15));
#9996=CARTESIAN_POINT('',(9.7,11.75,0.349999999999998));
#9997=CARTESIAN_POINT('',(9.7,9.75,0.349999999999998));
#9998=CARTESIAN_POINT('',(9.7,11.75,0.799999999999997));
#9999=CARTESIAN_POINT('',(9.7,11.75,0.799999999999997));
#10000=CARTESIAN_POINT('',(9.7,12.1,0.799999999999997));
#10001=CARTESIAN_POINT('',(9.7,-0.00295634624422725,0.8));
#10002=CARTESIAN_POINT('',(9.7,12.1,-3.33066907387547E-15));
#10003=CARTESIAN_POINT('',(9.7,12.1,0.799999999999997));
#10004=CARTESIAN_POINT('',(9.7,9.75,-2.77555756156289E-15));
#10005=CARTESIAN_POINT('Origin',(11.,9.75,0.349999999999998));
#10006=CARTESIAN_POINT('',(11.,11.75,0.349999999999998));
#10007=CARTESIAN_POINT('',(11.,9.75,0.349999999999998));
#10008=CARTESIAN_POINT('',(11.,11.75,0.349999999999998));
#10009=CARTESIAN_POINT('Origin',(6.05,9.75,-2.22044604925031E-15));
#10010=CARTESIAN_POINT('',(1.1,9.75,0.349999999999998));
#10011=CARTESIAN_POINT('',(2.4,9.75,0.349999999999998));
#10012=CARTESIAN_POINT('',(1.1,9.75,0.349999999999998));
#10013=CARTESIAN_POINT('',(1.1,9.75,-2.22044604925031E-15));
#10014=CARTESIAN_POINT('',(1.1,9.75,-2.22044604925031E-15));
#10015=CARTESIAN_POINT('',(2.4,9.75,-2.77555756156289E-15));
#10016=CARTESIAN_POINT('',(1.1,9.75,-2.22044604925031E-15));
#10017=CARTESIAN_POINT('',(2.4,9.75,-2.77555756156289E-15));
#10018=CARTESIAN_POINT('Origin',(1.1,9.75,0.349999999999998));
#10019=CARTESIAN_POINT('',(1.1,11.75,0.349999999999998));
#10020=CARTESIAN_POINT('',(1.1,9.75,0.349999999999998));
#10021=CARTESIAN_POINT('',(2.4,11.75,0.349999999999998));
#10022=CARTESIAN_POINT('',(2.4,9.75,0.349999999999998));
#10023=CARTESIAN_POINT('',(1.1,11.75,0.349999999999998));
#10024=CARTESIAN_POINT('Origin',(2.4,9.75,-2.77555756156289E-15));
#10025=CARTESIAN_POINT('',(2.4,12.1,-2.77555756156289E-15));
#10026=CARTESIAN_POINT('',(2.4,9.75,-2.77555756156289E-15));
#10027=CARTESIAN_POINT('',(2.4,12.1,0.799999999999997));
#10028=CARTESIAN_POINT('',(2.4,11.75,0.799999999999997));
#10029=CARTESIAN_POINT('Origin',(6.05,6.05,6.3));
#10030=CARTESIAN_POINT('',(7.2,11.75,6.3));
#10031=CARTESIAN_POINT('',(4.9,11.75,6.3));
#10032=CARTESIAN_POINT('',(4.9,11.75,6.3));
#10033=CARTESIAN_POINT('',(7.2,12.1,6.3));
#10034=CARTESIAN_POINT('',(7.2,11.75,6.3));
#10035=CARTESIAN_POINT('',(4.9,12.1,6.3));
#10036=CARTESIAN_POINT('',(4.9,12.1,6.3));
#10037=CARTESIAN_POINT('',(4.9,11.75,6.3));
#10038=CARTESIAN_POINT('Origin',(11.,12.1,-9.90618493669485));
#10039=CARTESIAN_POINT('',(11.,12.1,-2.77555756156289E-15));
#10040=CARTESIAN_POINT('',(11.,12.1,-2.77555756156289E-15));
#10041=CARTESIAN_POINT('',(11.,12.1,6.1));
#10042=CARTESIAN_POINT('',(11.,12.1,-9.90618493669485));
#10043=CARTESIAN_POINT('',(11.,11.75,6.1));
#10044=CARTESIAN_POINT('',(11.,12.1,6.1));
#10045=CARTESIAN_POINT('',(11.,11.75,-9.90618493669485));
#10046=CARTESIAN_POINT('Origin',(1.1,12.1,-9.90618493669486));
#10047=CARTESIAN_POINT('',(1.1,11.75,6.1));
#10048=CARTESIAN_POINT('',(1.1,11.75,-9.90618493669485));
#10049=CARTESIAN_POINT('',(1.1,12.1,6.1));
#10050=CARTESIAN_POINT('',(1.1,12.1,6.1));
#10051=CARTESIAN_POINT('',(1.1,12.1,-2.77555756156289E-15));
#10052=CARTESIAN_POINT('',(1.1,12.1,-9.90618493669486));
#10053=CARTESIAN_POINT('',(1.1,12.1,-2.77555756156289E-15));
#10054=CARTESIAN_POINT('Origin',(13.0500041666659,12.05,3.));
#10055=CARTESIAN_POINT('',(1.05,12.05,3.));
#10056=CARTESIAN_POINT('',(13.0500041666659,12.05,3.));
#10057=CARTESIAN_POINT('',(0.0499999999999984,12.05,3.));
#10058=CARTESIAN_POINT('',(1.04999999999999,0.0500000000000012,3.));
#10059=CARTESIAN_POINT('',(13.0500041666659,0.0499999999999989,3.));
#10060=CARTESIAN_POINT('',(1.04999999999999,0.4,3.));
#10061=CARTESIAN_POINT('',(1.05,12.05,3.));
#10062=CARTESIAN_POINT('',(1.05,11.7,3.));
#10063=CARTESIAN_POINT('',(1.05,12.05,3.));
#10064=CARTESIAN_POINT('',(1.05,12.05,3.));
#10065=CARTESIAN_POINT('Origin',(13.0500041666659,12.05,3.01));
#10066=CARTESIAN_POINT('',(0.0499999999999984,12.05,3.01));
#10067=CARTESIAN_POINT('',(1.05,12.05,3.01));
#10068=CARTESIAN_POINT('',(13.0500041666659,12.05,3.01));
#10069=CARTESIAN_POINT('',(1.05,11.7,3.01));
#10070=CARTESIAN_POINT('',(1.05,12.05,3.01));
#10071=CARTESIAN_POINT('',(1.04999999999999,0.4,3.01));
#10072=CARTESIAN_POINT('',(1.05,12.05,3.01));
#10073=CARTESIAN_POINT('',(1.04999999999999,0.0500000000000012,3.01));
#10074=CARTESIAN_POINT('',(1.04999999999999,0.400000000000001,3.01));
#10075=CARTESIAN_POINT('',(13.0500041666659,0.0499999999999989,3.01));
#10076=CARTESIAN_POINT('Origin',(1.05,11.7,6.5));
#10077=CARTESIAN_POINT('',(1.04999999999999,0.400000000000003,6.5));
#10078=CARTESIAN_POINT('',(1.05,11.7,6.5));
#10079=CARTESIAN_POINT('Origin',(2.2,2.15,-1.11022302462516E-15));
#10080=CARTESIAN_POINT('',(2.4,2.15,0.349999999999999));
#10081=CARTESIAN_POINT('',(2.2,2.35,0.349999999999999));
#10082=CARTESIAN_POINT('Origin',(2.2,2.15,0.349999999999999));
#10083=CARTESIAN_POINT('',(2.4,2.15,-1.11022302462516E-15));
#10084=CARTESIAN_POINT('',(2.4,2.15,0.349999999999999));
#10085=CARTESIAN_POINT('',(2.2,2.35,-1.11022302462516E-15));
#10086=CARTESIAN_POINT('Origin',(2.2,2.15,-1.11022302462516E-15));
#10087=CARTESIAN_POINT('',(2.2,2.35,-1.11022302462516E-15));
#10088=CARTESIAN_POINT('Origin',(1.3,2.15,-5.55111512312578E-16));
#10089=CARTESIAN_POINT('',(1.1,2.15,-5.55111512312578E-16));
#10090=CARTESIAN_POINT('',(1.3,2.35,-5.55111512312578E-16));
#10091=CARTESIAN_POINT('Origin',(1.3,2.15,-5.55111512312578E-16));
#10092=CARTESIAN_POINT('',(1.1,2.15,0.35));
#10093=CARTESIAN_POINT('',(1.1,2.15,-5.55111512312578E-16));
#10094=CARTESIAN_POINT('',(1.3,2.35,0.35));
#10095=CARTESIAN_POINT('Origin',(1.3,2.15,0.35));
#10096=CARTESIAN_POINT('',(1.3,2.35,0.35));
#10097=CARTESIAN_POINT('Origin',(9.9,2.15,-5.55111512312578E-16));
#10098=CARTESIAN_POINT('',(9.7,2.15,-1.11022302462516E-15));
#10099=CARTESIAN_POINT('',(9.9,2.35,-1.11022302462516E-15));
#10100=CARTESIAN_POINT('Origin',(9.9,2.15,-5.55111512312578E-16));
#10101=CARTESIAN_POINT('',(9.7,2.15,0.349999999999999));
#10102=CARTESIAN_POINT('',(9.7,2.15,-1.11022302462516E-15));
#10103=CARTESIAN_POINT('',(9.9,2.35,0.349999999999999));
#10104=CARTESIAN_POINT('Origin',(9.9,2.15,0.349999999999999));
#10105=CARTESIAN_POINT('',(9.9,2.35,0.349999999999999));
#10106=CARTESIAN_POINT('Origin',(10.8,2.15,-5.55111512312578E-16));
#10107=CARTESIAN_POINT('',(11.,2.15,0.35));
#10108=CARTESIAN_POINT('',(10.8,2.35,0.349999999999999));
#10109=CARTESIAN_POINT('Origin',(10.8,2.15,0.349999999999999));
#10110=CARTESIAN_POINT('',(11.,2.15,-5.55111512312578E-16));
#10111=CARTESIAN_POINT('',(11.,2.15,0.35));
#10112=CARTESIAN_POINT('',(10.8,2.35,-5.55111512312578E-16));
#10113=CARTESIAN_POINT('Origin',(10.8,2.15,-5.55111512312578E-16));
#10114=CARTESIAN_POINT('',(10.8,2.35,-5.55111512312578E-16));
#10115=CARTESIAN_POINT('Origin',(7.05,0.201116174800625,-0.190603517643892));
#10116=CARTESIAN_POINT('',(7.05,0.78795137691081,-0.315601299881408));
#10117=CARTESIAN_POINT('',(7.05,0.582689169295234,0.272432171987499));
#10118=CARTESIAN_POINT('Origin',(7.05,0.201116174800625,-0.190603517643892));
#10119=CARTESIAN_POINT('',(5.05,0.78795137691081,-0.315601299881408));
#10120=CARTESIAN_POINT('',(7.05,0.78795137691081,-0.315601299881408));
#10121=CARTESIAN_POINT('',(5.05,0.582689169295234,0.272432171987499));
#10122=CARTESIAN_POINT('Origin',(5.05,0.201116174800625,-0.190603517643892));
#10123=CARTESIAN_POINT('',(7.05,0.582689169295234,0.272432171987499));
#10124=CARTESIAN_POINT('Origin',(7.05,0.767525094452027,-2.09152770130547));
#10125=CARTESIAN_POINT('',(7.05,0.458701565040261,-2.25623358365841));
#10126=CARTESIAN_POINT('',(7.05,0.425204559887753,-2.01861232833359));
#10127=CARTESIAN_POINT('Origin',(7.05,0.767525094452027,-2.09152770130547));
#10128=CARTESIAN_POINT('',(5.05,0.458701565040261,-2.25623358365841));
#10129=CARTESIAN_POINT('',(7.05,0.458701565040261,-2.25623358365841));
#10130=CARTESIAN_POINT('',(5.05,0.425204559887753,-2.01861232833359));
#10131=CARTESIAN_POINT('Origin',(5.05,0.767525094452027,-2.09152770130547));
#10132=CARTESIAN_POINT('',(5.05,0.425204559887753,-2.01861232833359));
#10133=CARTESIAN_POINT('Origin',(7.05,0.998043653755775,0.673303723502512));
#10134=CARTESIAN_POINT('',(7.05,-0.00195634624422514,0.673303723502512));
#10135=CARTESIAN_POINT('',(7.05,0.159085423058433,0.1291079065899));
#10136=CARTESIAN_POINT('Origin',(7.05,0.998043653755775,0.673303723502512));
#10137=CARTESIAN_POINT('',(5.05,-0.00195634624422514,0.673303723502512));
#10138=CARTESIAN_POINT('',(7.05,-0.00195634624422514,0.673303723502512));
#10139=CARTESIAN_POINT('',(5.05,0.159085423058433,0.1291079065899));
#10140=CARTESIAN_POINT('Origin',(5.05,0.998043653755775,0.673303723502512));
#10141=CARTESIAN_POINT('',(7.05,0.159085423058433,0.1291079065899));
#10142=CARTESIAN_POINT('Origin',(7.05,-0.00195634624422514,0.367014675681566));
#10143=CARTESIAN_POINT('',(5.05,-0.00195634624422514,0.8));
#10144=CARTESIAN_POINT('',(5.05,-0.00195634624422514,0.367014675681566));
#10145=CARTESIAN_POINT('',(7.05,-0.00195634624422514,0.8));
#10146=CARTESIAN_POINT('',(7.05,-0.00195634624422514,0.367014675681566));
#10147=CARTESIAN_POINT('',(7.05,-0.00195634624422514,0.8));
#10148=CARTESIAN_POINT('Origin',(7.05,-0.00195634624422514,0.8));
#10149=CARTESIAN_POINT('',(7.05,0.349999999999998,0.8));
#10150=CARTESIAN_POINT('',(5.05,0.349999999999998,0.8));
#10151=CARTESIAN_POINT('',(2.4,0.349999999999999,0.8));
#10152=CARTESIAN_POINT('',(7.05,0.378043653755774,0.8));
#10153=CARTESIAN_POINT('',(7.05,-0.00195634624422514,0.8));
#10154=CARTESIAN_POINT('',(5.05,0.378043653755774,0.8));
#10155=CARTESIAN_POINT('',(7.05,0.378043653755774,0.8));
#10156=CARTESIAN_POINT('',(5.05,-0.00195634624422514,0.8));
#10157=CARTESIAN_POINT('Origin',(7.05,0.378043653755774,0.483535135044468));
#10158=CARTESIAN_POINT('',(5.05,0.378043653755774,0.483535135044468));
#10159=CARTESIAN_POINT('',(5.05,0.378043653755774,0.483535135044468));
#10160=CARTESIAN_POINT('',(7.05,0.378043653755774,0.483535135044468));
#10161=CARTESIAN_POINT('',(7.05,0.378043653755774,0.483535135044468));
#10162=CARTESIAN_POINT('',(7.05,0.378043653755774,0.483535135044468));
#10163=CARTESIAN_POINT('Origin',(7.05,0.443045380241103,0.387508180047215));
#10164=CARTESIAN_POINT('',(7.05,0.43458952673728,0.4));
#10165=CARTESIAN_POINT('',(5.05,0.43458952673728,0.4));
#10166=CARTESIAN_POINT('',(6.05,0.43458952673728,0.4));
#10167=CARTESIAN_POINT('',(7.05,0.443045380241103,0.387508180047215));
#10168=CARTESIAN_POINT('',(7.05,0.443045380241103,0.387508180047215));
#10169=CARTESIAN_POINT('',(5.05,0.443045380241103,0.387508180047215));
#10170=CARTESIAN_POINT('',(7.05,0.443045380241103,0.387508180047215));
#10171=CARTESIAN_POINT('',(5.05,0.443045380241103,0.387508180047215));
#10172=CARTESIAN_POINT('Origin',(7.05,0.443045380241103,0.387508180047215));
#10173=CARTESIAN_POINT('',(7.05,0.443045380241103,0.387508180047215));
#10174=CARTESIAN_POINT('',(5.05,0.443045380241103,0.387508180047215));
#10175=CARTESIAN_POINT('Origin',(7.05,0.863852097415593,0.0407347395300495));
#10176=CARTESIAN_POINT('',(5.05,0.863852097415593,0.0407347395300495));
#10177=CARTESIAN_POINT('',(7.05,0.863852097415593,0.0407347395300495));
#10178=CARTESIAN_POINT('Origin',(7.05,0.444119346426113,-0.105779490013447));
#10179=CARTESIAN_POINT('',(7.05,0.399843926131657,-0.313642179670131));
#10180=CARTESIAN_POINT('',(7.05,0.0740691489094625,-1.84307817294497));
#10181=CARTESIAN_POINT('',(7.05,0.444119346426113,-0.105779490013447));
#10182=CARTESIAN_POINT('',(5.05,0.399843926131657,-0.31364217967013));
#10183=CARTESIAN_POINT('',(5.05,0.399843926131657,-0.31364217967013));
#10184=CARTESIAN_POINT('',(5.05,0.0740691489094625,-1.84307817294497));
#10185=CARTESIAN_POINT('',(5.05,0.444119346426113,-0.105779490013447));
#10186=CARTESIAN_POINT('',(7.05,0.0740691489094625,-1.84307817294497));
#10187=CARTESIAN_POINT('Origin',(7.05,0.159085423058433,0.1291079065899));
#10188=CARTESIAN_POINT('',(5.05,0.280107638355903,0.0293773455867324));
#10189=CARTESIAN_POINT('',(5.05,0.159085423058433,0.1291079065899));
#10190=CARTESIAN_POINT('',(7.05,0.280107638355903,0.0293773455867324));
#10191=CARTESIAN_POINT('',(7.05,0.280107638355903,0.0293773455867319));
#10192=CARTESIAN_POINT('',(7.05,0.159085423058433,0.1291079065899));
#10193=CARTESIAN_POINT('Origin',(7.05,0.443045380241103,0.387508180047215));
#10194=CARTESIAN_POINT('',(7.05,0.399999999999999,0.451099057009308));
#10195=CARTESIAN_POINT('',(7.05,0.443045380241103,0.387508180047215));
#10196=CARTESIAN_POINT('',(5.05,0.399999999999999,0.451099057009308));
#10197=CARTESIAN_POINT('',(6.05,0.399999999999999,0.451099057009309));
#10198=CARTESIAN_POINT('',(5.05,0.443045380241103,0.387508180047215));
#10199=CARTESIAN_POINT('Origin',(7.05,-0.00195634624422514,0.8));
#10200=CARTESIAN_POINT('',(7.05,-3.33066907387547E-15,0.8));
#10201=CARTESIAN_POINT('',(7.05,-0.00195634624422514,0.8));
#10202=CARTESIAN_POINT('',(5.05,-3.33066907387547E-15,0.8));
#10203=CARTESIAN_POINT('',(2.4,-2.22044604925031E-15,0.8));
#10204=CARTESIAN_POINT('',(5.05,-0.00195634624422514,0.8));
#10205=CARTESIAN_POINT('Origin',(2.4,12.101,0.799999999999997));
#10206=CARTESIAN_POINT('',(2.4,0.349999999999999,0.8));
#10207=CARTESIAN_POINT('',(2.4,0.349999999999999,0.8));
#10208=CARTESIAN_POINT('',(5.05,12.101,0.799999999999997));
#10209=CARTESIAN_POINT('',(2.4,-2.22044604925031E-15,0.8));
#10210=CARTESIAN_POINT('',(2.4,-2.22044604925031E-15,0.8));
#10211=CARTESIAN_POINT('',(2.4,12.101,0.799999999999997));
#10212=CARTESIAN_POINT('Origin',(6.05,2.35,-5.55111512312578E-16));
#10213=CARTESIAN_POINT('',(11.,2.35,0.35));
#10214=CARTESIAN_POINT('',(11.,2.35,-5.55111512312578E-16));
#10215=CARTESIAN_POINT('Origin',(11.,2.35,0.35));
#10216=CARTESIAN_POINT('',(11.,0.349999999999998,0.35));
#10217=CARTESIAN_POINT('',(11.,2.35,0.35));
#10218=CARTESIAN_POINT('',(9.7,0.349999999999998,0.349999999999999));
#10219=CARTESIAN_POINT('',(9.7,2.35,0.349999999999999));
#10220=CARTESIAN_POINT('',(11.,0.349999999999998,0.35));
#10221=CARTESIAN_POINT('Origin',(9.7,2.35,-1.11022302462516E-15));
#10222=CARTESIAN_POINT('',(9.7,-4.44089209850063E-15,-5.55111512312578E-16));
#10223=CARTESIAN_POINT('',(9.7,2.35,-1.11022302462516E-15));
#10224=CARTESIAN_POINT('',(9.7,-4.44089209850063E-15,0.8));
#10225=CARTESIAN_POINT('',(9.7,-4.44089209850063E-15,0.8));
#10226=CARTESIAN_POINT('',(9.7,0.349999999999997,0.8));
#10227=CARTESIAN_POINT('',(9.7,12.101,0.799999999999997));
#10228=CARTESIAN_POINT('',(9.7,0.349999999999998,-5.55111512312578E-16));
#10229=CARTESIAN_POINT('Origin',(6.05,2.35,-5.55111512312578E-16));
#10230=CARTESIAN_POINT('',(1.1,2.35,-5.55111512312578E-16));
#10231=CARTESIAN_POINT('',(1.1,2.35,0.35));
#10232=CARTESIAN_POINT('Origin',(2.4,2.35,-1.11022302462516E-15));
#10233=CARTESIAN_POINT('',(2.4,-2.22044604925031E-15,0.));
#10234=CARTESIAN_POINT('',(2.4,2.35,-1.11022302462516E-15));
#10235=CARTESIAN_POINT('',(2.4,0.349999999999999,0.35));
#10236=CARTESIAN_POINT('',(2.4,2.35,0.349999999999999));
#10237=CARTESIAN_POINT('',(2.4,0.349999999999999,0.8));
#10238=CARTESIAN_POINT('',(2.4,-2.22044604925031E-15,0.8));
#10239=CARTESIAN_POINT('Origin',(1.1,2.35,0.35));
#10240=CARTESIAN_POINT('',(1.1,0.35,0.35));
#10241=CARTESIAN_POINT('',(1.1,2.35,0.35));
#10242=CARTESIAN_POINT('',(1.1,0.35,0.35));
#10243=CARTESIAN_POINT('Origin',(6.05,6.05,0.399999999999999));
#10244=CARTESIAN_POINT('',(1.05,11.7,0.399999999999999));
#10245=CARTESIAN_POINT('',(1.05,9.,0.399999999999998));
#10246=CARTESIAN_POINT('',(1.05,6.05,0.399999999999999));
#10247=CARTESIAN_POINT('',(4.05,11.7,0.399999999999998));
#10248=CARTESIAN_POINT('',(6.05,11.7,0.399999999999998));
#10249=CARTESIAN_POINT('',(4.05,10.7,0.399999999999998));
#10250=CARTESIAN_POINT('',(4.05,6.05,0.399999999999999));
#10251=CARTESIAN_POINT('',(2.47796040930888,9.,0.399999999999998));
#10252=CARTESIAN_POINT('',(2.6540057104845,9.19037498404667,0.399999999999998));
#10253=CARTESIAN_POINT('',(6.05,9.,0.399999999999998));
#10254=CARTESIAN_POINT('Origin',(4.05,6.05,0.399999999999999));
#10255=CARTESIAN_POINT('',(4.05,10.7,-2.77555756156289E-15));
#10256=CARTESIAN_POINT('',(4.05,11.7,-2.77555756156289E-15));
#10257=CARTESIAN_POINT('',(4.05,6.05,-1.66533453693773E-15));
#10258=CARTESIAN_POINT('',(4.05,10.7,0.399999999999998));
#10259=CARTESIAN_POINT('',(4.05,11.7,0.399999999999998));
#10260=CARTESIAN_POINT('Origin',(2.6540057104845,9.19037498404667,0.399999999999998));
#10261=CARTESIAN_POINT('',(2.47796040930888,9.,-1.66533453693773E-15));
#10262=CARTESIAN_POINT('',(2.6540057104845,9.19037498404667,-2.22044604925031E-15));
#10263=CARTESIAN_POINT('',(2.47796040930888,9.,0.399999999999998));
#10264=CARTESIAN_POINT('Origin',(6.05,9.,0.399999999999998));
#10265=CARTESIAN_POINT('',(1.05,9.,-2.22044604925031E-15));
#10266=CARTESIAN_POINT('',(6.05,9.,-2.22044604925031E-15));
#10267=CARTESIAN_POINT('',(1.05,9.,0.399999999999998));
#10268=CARTESIAN_POINT('Origin',(6.05,6.05,0.399999999999999));
#10269=CARTESIAN_POINT('',(9.62203959069112,9.,0.399999999999998));
#10270=CARTESIAN_POINT('',(8.05,10.7,0.399999999999998));
#10271=CARTESIAN_POINT('',(9.4459942895155,9.19037498404667,0.399999999999998));
#10272=CARTESIAN_POINT('',(8.05,11.7,0.399999999999997));
#10273=CARTESIAN_POINT('',(8.05,6.05,0.399999999999999));
#10274=CARTESIAN_POINT('',(11.05,11.7,0.399999999999998));
#10275=CARTESIAN_POINT('',(6.05,11.7,0.399999999999998));
#10276=CARTESIAN_POINT('',(11.05,9.,0.399999999999998));
#10277=CARTESIAN_POINT('',(11.05,6.05,0.399999999999999));
#10278=CARTESIAN_POINT('',(6.05,9.,0.399999999999998));
#10279=CARTESIAN_POINT('Origin',(8.05,6.05,0.399999999999999));
#10280=CARTESIAN_POINT('',(8.05,10.7,-2.22044604925031E-15));
#10281=CARTESIAN_POINT('',(8.05,11.7,-2.77555756156289E-15));
#10282=CARTESIAN_POINT('',(8.05,6.05,-1.11022302462516E-15));
#10283=CARTESIAN_POINT('',(8.05,11.7,0.399999999999997));
#10284=CARTESIAN_POINT('',(8.05,10.7,0.399999999999998));
#10285=CARTESIAN_POINT('Origin',(6.05,9.,0.399999999999998));
#10286=CARTESIAN_POINT('',(11.05,9.,-2.22044604925031E-15));
#10287=CARTESIAN_POINT('',(9.62203959069112,9.,-2.22044604925031E-15));
#10288=CARTESIAN_POINT('',(6.05,9.,-2.22044604925031E-15));
#10289=CARTESIAN_POINT('',(9.62203959069112,9.,0.399999999999998));
#10290=CARTESIAN_POINT('',(11.05,9.,0.399999999999998));
#10291=CARTESIAN_POINT('Origin',(9.4459942895155,9.19037498404667,0.399999999999998));
#10292=CARTESIAN_POINT('',(9.4459942895155,9.19037498404667,-2.22044604925031E-15));
#10293=CARTESIAN_POINT('Origin',(7.55,6.05,0.399999999999999));
#10294=CARTESIAN_POINT('',(7.55,11.2,-2.22044604925031E-15));
#10295=CARTESIAN_POINT('',(7.55,11.7,-2.77555756156289E-15));
#10296=CARTESIAN_POINT('',(7.55,6.05,-1.11022302462516E-15));
#10297=CARTESIAN_POINT('',(7.55,11.2,0.399999999999998));
#10298=CARTESIAN_POINT('',(7.55,11.2,0.399999999999998));
#10299=CARTESIAN_POINT('',(7.55,11.7,0.399999999999997));
#10300=CARTESIAN_POINT('',(7.55,6.05,0.399999999999999));
#10301=CARTESIAN_POINT('',(7.55,11.7,0.399999999999997));
#10302=CARTESIAN_POINT('Origin',(6.05,11.2,0.399999999999998));
#10303=CARTESIAN_POINT('',(4.55,11.2,-2.77555756156289E-15));
#10304=CARTESIAN_POINT('',(6.05,11.2,-2.77555756156289E-15));
#10305=CARTESIAN_POINT('',(4.55,11.2,0.399999999999998));
#10306=CARTESIAN_POINT('',(4.55,11.2,0.399999999999998));
#10307=CARTESIAN_POINT('',(6.05,11.2,0.399999999999998));
#10308=CARTESIAN_POINT('Origin',(4.55,6.05,0.399999999999999));
#10309=CARTESIAN_POINT('',(4.55,11.7,-2.77555756156289E-15));
#10310=CARTESIAN_POINT('',(4.55,6.05,-1.66533453693773E-15));
#10311=CARTESIAN_POINT('',(4.55,11.7,0.399999999999998));
#10312=CARTESIAN_POINT('',(4.55,11.7,0.399999999999998));
#10313=CARTESIAN_POINT('',(4.55,6.05,0.399999999999999));
#10314=CARTESIAN_POINT('Origin',(7.55,6.05,0.399999999999999));
#10315=CARTESIAN_POINT('',(7.55,0.9,0.));
#10316=CARTESIAN_POINT('',(7.55,0.399999999999999,0.));
#10317=CARTESIAN_POINT('',(7.55,6.05,-1.11022302462516E-15));
#10318=CARTESIAN_POINT('',(7.55,0.399999999999999,0.4));
#10319=CARTESIAN_POINT('',(7.55,0.399999999999999,0.4));
#10320=CARTESIAN_POINT('',(7.55,0.9,0.4));
#10321=CARTESIAN_POINT('',(7.55,6.05,0.399999999999999));
#10322=CARTESIAN_POINT('',(7.55,0.9,0.4));
#10323=CARTESIAN_POINT('Origin',(4.55,6.05,0.399999999999999));
#10324=CARTESIAN_POINT('',(4.55,0.399999999999999,-5.55111512312578E-16));
#10325=CARTESIAN_POINT('',(4.55,0.9,-5.55111512312578E-16));
#10326=CARTESIAN_POINT('',(4.55,6.05,-1.66533453693773E-15));
#10327=CARTESIAN_POINT('',(4.55,0.9,0.4));
#10328=CARTESIAN_POINT('',(4.55,0.9,0.4));
#10329=CARTESIAN_POINT('',(4.55,0.399999999999999,0.4));
#10330=CARTESIAN_POINT('',(4.55,6.05,0.399999999999999));
#10331=CARTESIAN_POINT('',(4.55,0.399999999999999,0.4));
#10332=CARTESIAN_POINT('Origin',(6.05,0.9,0.4));
#10333=CARTESIAN_POINT('',(6.05,0.9,-5.55111512312578E-16));
#10334=CARTESIAN_POINT('',(6.05,0.9,0.4));
#10335=CARTESIAN_POINT('Origin',(6.05,6.05,0.399999999999999));
#10336=CARTESIAN_POINT('',(11.05,0.399999999999998,0.400000000000002));
#10337=CARTESIAN_POINT('',(11.05,3.1,0.4));
#10338=CARTESIAN_POINT('',(11.05,6.05,0.399999999999999));
#10339=CARTESIAN_POINT('',(8.05,0.399999999999999,0.4));
#10340=CARTESIAN_POINT('',(6.05,0.399999999999999,0.4));
#10341=CARTESIAN_POINT('',(8.05,1.4,0.399999999999999));
#10342=CARTESIAN_POINT('',(8.05,6.05,0.399999999999999));
#10343=CARTESIAN_POINT('',(9.62203959069112,3.1,0.399999999999999));
#10344=CARTESIAN_POINT('',(9.4459942895155,2.90962501595333,0.399999999999999));
#10345=CARTESIAN_POINT('',(6.05,3.1,0.4));
#10346=CARTESIAN_POINT('Origin',(8.05,6.05,0.399999999999999));
#10347=CARTESIAN_POINT('',(8.05,1.4,-5.55111512312578E-16));
#10348=CARTESIAN_POINT('',(8.05,0.399999999999999,0.));
#10349=CARTESIAN_POINT('',(8.05,6.05,-1.11022302462516E-15));
#10350=CARTESIAN_POINT('',(8.05,1.4,0.399999999999999));
#10351=CARTESIAN_POINT('',(8.05,0.399999999999999,0.4));
#10352=CARTESIAN_POINT('Origin',(9.4459942895155,2.90962501595333,0.399999999999999));
#10353=CARTESIAN_POINT('',(9.62203959069112,3.1,-1.11022302462516E-15));
#10354=CARTESIAN_POINT('',(9.4459942895155,2.90962501595333,-1.11022302462516E-15));
#10355=CARTESIAN_POINT('',(9.62203959069112,3.1,0.399999999999999));
#10356=CARTESIAN_POINT('Origin',(6.05,3.1,0.4));
#10357=CARTESIAN_POINT('',(11.05,3.1,-5.55111512312578E-16));
#10358=CARTESIAN_POINT('',(6.05,3.1,-5.55111512312578E-16));
#10359=CARTESIAN_POINT('',(11.05,3.1,0.4));
#10360=CARTESIAN_POINT('Origin',(6.05,6.05,0.399999999999999));
#10361=CARTESIAN_POINT('',(2.47796040930887,3.1,0.399999999999999));
#10362=CARTESIAN_POINT('',(4.05,1.4,0.4));
#10363=CARTESIAN_POINT('',(2.6540057104845,2.90962501595333,0.399999999999999));
#10364=CARTESIAN_POINT('',(4.05,0.4,0.4));
#10365=CARTESIAN_POINT('',(4.05,6.05,0.399999999999999));
#10366=CARTESIAN_POINT('',(1.04999999999999,0.4,0.4));
#10367=CARTESIAN_POINT('',(6.05,0.399999999999999,0.4));
#10368=CARTESIAN_POINT('',(1.05,3.1,0.4));
#10369=CARTESIAN_POINT('',(1.05,6.05,0.399999999999999));
#10370=CARTESIAN_POINT('',(6.05,3.1,0.4));
#10371=CARTESIAN_POINT('Origin',(4.05,6.05,0.399999999999999));
#10372=CARTESIAN_POINT('',(4.05,1.4,-5.55111512312578E-16));
#10373=CARTESIAN_POINT('',(4.05,0.4,-5.55111512312578E-16));
#10374=CARTESIAN_POINT('',(4.05,6.05,-1.66533453693773E-15));
#10375=CARTESIAN_POINT('',(4.05,0.4,0.4));
#10376=CARTESIAN_POINT('',(4.05,1.4,0.4));
#10377=CARTESIAN_POINT('Origin',(6.05,3.1,0.4));
#10378=CARTESIAN_POINT('',(1.05,3.1,-5.55111512312578E-16));
#10379=CARTESIAN_POINT('',(2.47796040930887,3.1,-5.55111512312578E-16));
#10380=CARTESIAN_POINT('',(6.05,3.1,-5.55111512312578E-16));
#10381=CARTESIAN_POINT('',(2.47796040930887,3.1,0.399999999999999));
#10382=CARTESIAN_POINT('',(1.05,3.1,0.4));
#10383=CARTESIAN_POINT('Origin',(2.6540057104845,2.90962501595333,0.399999999999999));
#10384=CARTESIAN_POINT('',(2.6540057104845,2.90962501595333,-5.55111512312578E-16));
#10385=CARTESIAN_POINT('Origin',(6.05,6.05,6.3));
#10386=CARTESIAN_POINT('',(7.2,0.35,6.3));
#10387=CARTESIAN_POINT('',(4.9,0.35,6.3));
#10388=CARTESIAN_POINT('',(4.9,0.35,6.3));
#10389=CARTESIAN_POINT('',(4.9,-2.22044604925031E-15,6.3));
#10390=CARTESIAN_POINT('',(4.9,0.35,6.3));
#10391=CARTESIAN_POINT('',(7.2,-2.22044604925031E-15,6.3));
#10392=CARTESIAN_POINT('',(4.9,-2.22044604925031E-15,6.3));
#10393=CARTESIAN_POINT('',(7.2,0.35,6.3));
#10394=CARTESIAN_POINT('Origin',(6.05,6.05,-1.66533453693773E-15));
#10395=CARTESIAN_POINT('',(11.,-5.55111512312578E-15,0.));
#10396=CARTESIAN_POINT('',(11.,-5.55111512312578E-15,0.));
#10397=CARTESIAN_POINT('',(1.1,-3.33066907387547E-15,0.));
#10398=CARTESIAN_POINT('Origin',(1.1,-5.55111512312578E-15,-9.90618493669485));
#10399=CARTESIAN_POINT('',(1.1,-3.33066907387547E-15,0.));
#10400=CARTESIAN_POINT('',(1.1,-3.33066907387547E-15,0.));
#10401=CARTESIAN_POINT('',(1.09999999999999,-1.11022302462516E-15,6.1));
#10402=CARTESIAN_POINT('',(1.1,-5.55111512312578E-15,-9.90618493669485));
#10403=CARTESIAN_POINT('',(1.09999999999999,0.350000000000001,6.1));
#10404=CARTESIAN_POINT('',(1.09999999999999,-2.22044604925031E-15,6.1));
#10405=CARTESIAN_POINT('',(1.1,0.349999999999998,-9.90618493669485));
#10406=CARTESIAN_POINT('Origin',(11.,-7.7715611723761E-15,-9.90618493669485));
#10407=CARTESIAN_POINT('',(11.,0.349999999999999,6.1));
#10408=CARTESIAN_POINT('',(11.,0.349999999999996,-9.90618493669485));
#10409=CARTESIAN_POINT('',(11.,-3.33066907387547E-15,6.1));
#10410=CARTESIAN_POINT('',(11.,-4.44089209850063E-15,6.1));
#10411=CARTESIAN_POINT('',(11.,-7.7715611723761E-15,-9.90618493669485));
#10412=CARTESIAN_POINT('Origin',(7.2,0.350000000000001,6.5));
#10413=CARTESIAN_POINT('',(7.2,-2.22044604925031E-15,6.3));
#10414=CARTESIAN_POINT('',(7.2,2.16670243221048,6.5));
#10415=CARTESIAN_POINT('',(7.2,0.350000000000001,6.5));
#10416=CARTESIAN_POINT('',(7.2,2.16670243221048,6.1));
#10417=CARTESIAN_POINT('',(7.2,2.16670243221048,6.5));
#10418=CARTESIAN_POINT('',(7.2,0.4,6.1));
#10419=CARTESIAN_POINT('',(7.2,6.05,6.1));
#10420=CARTESIAN_POINT('',(7.2,0.35,6.1));
#10421=CARTESIAN_POINT('',(7.2,0.35,6.1));
#10422=CARTESIAN_POINT('',(7.2,0.350000000000001,6.5));
#10423=CARTESIAN_POINT('Origin',(4.9,2.16670243221048,6.5));
#10424=CARTESIAN_POINT('',(4.9,2.16670243221048,6.5));
#10425=CARTESIAN_POINT('',(4.9,2.16670243221048,6.5));
#10426=CARTESIAN_POINT('',(4.9,-2.22044604925031E-15,6.3));
#10427=CARTESIAN_POINT('',(4.9,0.35,6.1));
#10428=CARTESIAN_POINT('',(4.9,0.350000000000001,6.5));
#10429=CARTESIAN_POINT('',(4.9,0.4,6.1));
#10430=CARTESIAN_POINT('',(4.9,2.16670243221048,6.1));
#10431=CARTESIAN_POINT('',(4.9,2.16670243221048,6.1));
#10432=CARTESIAN_POINT('',(4.9,2.16670243221048,6.1));
#10433=CARTESIAN_POINT('',(4.9,2.16670243221048,6.5));
#10434=CARTESIAN_POINT('Origin',(4.9,11.75,6.5));
#10435=CARTESIAN_POINT('',(4.9,12.1,6.3));
#10436=CARTESIAN_POINT('',(4.9,9.93329756778952,6.5));
#10437=CARTESIAN_POINT('',(4.9,11.75,6.5));
#10438=CARTESIAN_POINT('',(4.9,9.93329756778952,6.1));
#10439=CARTESIAN_POINT('',(4.9,9.93329756778952,6.5));
#10440=CARTESIAN_POINT('',(4.9,11.7,6.1));
#10441=CARTESIAN_POINT('',(4.9,6.05,6.1));
#10442=CARTESIAN_POINT('',(4.9,11.75,6.1));
#10443=CARTESIAN_POINT('',(4.9,11.75,6.1));
#10444=CARTESIAN_POINT('',(4.9,11.75,6.5));
#10445=CARTESIAN_POINT('Origin',(7.2,9.93329756778952,6.5));
#10446=CARTESIAN_POINT('',(7.2,9.93329756778952,6.5));
#10447=CARTESIAN_POINT('',(7.2,9.93329756778952,6.5));
#10448=CARTESIAN_POINT('',(7.2,12.1,6.3));
#10449=CARTESIAN_POINT('',(7.2,11.75,6.1));
#10450=CARTESIAN_POINT('',(7.2,11.75,6.5));
#10451=CARTESIAN_POINT('',(7.2,11.7,6.1));
#10452=CARTESIAN_POINT('',(7.2,9.93329756778952,6.1));
#10453=CARTESIAN_POINT('',(7.2,9.93329756778952,6.1));
#10454=CARTESIAN_POINT('',(7.2,9.93329756778952,6.1));
#10455=CARTESIAN_POINT('',(7.2,9.93329756778952,6.5));
#10456=CARTESIAN_POINT('Origin',(6.05,6.05,6.5));
#10457=CARTESIAN_POINT('Origin',(6.05,6.05,6.1));
#10458=CARTESIAN_POINT('Origin',(6.05,6.05,6.5));
#10459=CARTESIAN_POINT('Origin',(12.1,-2.22044604925031E-15,6.5));
#10460=CARTESIAN_POINT('',(12.1,-2.22044604925031E-15,6.5));
#10461=CARTESIAN_POINT('',(12.1,-3.33066907387547E-15,6.1));
#10462=CARTESIAN_POINT('Origin',(-4.9960036108132E-15,2.95586394818516E-47,
6.5));
#10463=CARTESIAN_POINT('',(-4.9960036108132E-15,2.95586394818516E-47,6.5));
#10464=CARTESIAN_POINT('',(-4.9960036108132E-15,-1.11022302462516E-15,6.1));
#10465=CARTESIAN_POINT('Origin',(6.05,6.05,6.1));
#10466=CARTESIAN_POINT('',(7.15,11.7,6.1));
#10467=CARTESIAN_POINT('',(6.05,11.7,6.1));
#10468=CARTESIAN_POINT('',(7.15,9.89577690460588,6.1));
#10469=CARTESIAN_POINT('',(7.15,6.05,6.1));
#10470=CARTESIAN_POINT('',(7.15,2.20422309539412,6.1));
#10471=CARTESIAN_POINT('Origin',(6.05,6.05,6.1));
#10472=CARTESIAN_POINT('',(7.15,0.4,6.1));
#10473=CARTESIAN_POINT('',(7.15,6.05,6.1));
#10474=CARTESIAN_POINT('',(6.05,0.4,6.1));
#10475=CARTESIAN_POINT('Origin',(7.15,6.05,6.1));
#10476=CARTESIAN_POINT('',(7.15,0.4,6.1));
#10477=CARTESIAN_POINT('',(7.15,2.20422309539412,6.1));
#10478=CARTESIAN_POINT('Origin',(6.05,6.05,6.1));
#10479=CARTESIAN_POINT('Origin',(6.05,6.05,6.1));
#10480=CARTESIAN_POINT('',(4.94999999999999,0.4,6.1));
#10481=CARTESIAN_POINT('',(6.05,0.4,6.1));
#10482=CARTESIAN_POINT('',(4.94999999999999,2.20422309539412,6.1));
#10483=CARTESIAN_POINT('',(4.95,6.05,6.1));
#10484=CARTESIAN_POINT('',(4.95,9.89577690460588,6.1));
#10485=CARTESIAN_POINT('Origin',(6.05,6.05,6.1));
#10486=CARTESIAN_POINT('',(4.95,11.7,6.1));
#10487=CARTESIAN_POINT('',(4.95,6.05,6.1));
#10488=CARTESIAN_POINT('',(6.05,11.7,6.1));
#10489=CARTESIAN_POINT('Origin',(4.95,6.05,6.1));
#10490=CARTESIAN_POINT('',(4.94999999999999,0.4,6.1));
#10491=CARTESIAN_POINT('',(4.94999999999999,2.20422309539412,6.1));
#10492=CARTESIAN_POINT('Origin',(6.05,6.05,6.1));
#10493=CARTESIAN_POINT('',(4.95,9.89577690460588,6.5));
#10494=CARTESIAN_POINT('',(4.95,2.20422309539412,6.5));
#10495=CARTESIAN_POINT('Origin',(6.05,6.05,6.5));
#10496=CARTESIAN_POINT('',(4.95,9.89577690460588,6.1));
#10497=CARTESIAN_POINT('',(4.95,9.89577690460588,6.1));
#10498=CARTESIAN_POINT('',(4.94999999999999,2.20422309539412,6.1));
#10499=CARTESIAN_POINT('Origin',(6.05,4.55,8.69167308680402));
#10500=CARTESIAN_POINT('',(8.64807621135331,4.55,18.4));
#10501=CARTESIAN_POINT('',(3.45192378864668,4.55,8.69167308680401));
#10502=CARTESIAN_POINT('Origin',(6.05,6.05,14.1));
#10503=CARTESIAN_POINT('',(9.05,6.05,14.1));
#10504=CARTESIAN_POINT('Origin',(6.05,6.05,14.1));
#10505=CARTESIAN_POINT('',(7.8,6.05,14.1));
#10506=CARTESIAN_POINT('Origin',(6.05,6.05,14.1));
#10507=CARTESIAN_POINT('Ctrl Pts',(6.05,2.65,13.6250000027312));
#10508=CARTESIAN_POINT('Ctrl Pts',(4.64167388793147,2.65,13.5625000027312));
#10509=CARTESIAN_POINT('Ctrl Pts',(3.64583694396574,3.64583694396574,13.5000000027312));
#10510=CARTESIAN_POINT('Ctrl Pts',(2.65,4.64167388793148,13.4375000027312));
#10511=CARTESIAN_POINT('Ctrl Pts',(2.65,6.05,13.3750000027312));
#10512=CARTESIAN_POINT('Ctrl Pts',(2.65,7.45832611206853,13.3125000027312));
#10513=CARTESIAN_POINT('Ctrl Pts',(3.64583694396574,8.45416305603426,13.2500000027312));
#10514=CARTESIAN_POINT('Ctrl Pts',(4.64167388793148,9.45,13.1875000027312));
#10515=CARTESIAN_POINT('Ctrl Pts',(6.05,9.45,13.1250000027312));
#10516=CARTESIAN_POINT('Ctrl Pts',(7.45832611206852,9.45,13.0625000027312));
#10517=CARTESIAN_POINT('Ctrl Pts',(8.45416305603426,8.45416305603426,13.0000000027312));
#10518=CARTESIAN_POINT('Ctrl Pts',(9.45,7.45832611206853,12.9375000027312));
#10519=CARTESIAN_POINT('Ctrl Pts',(9.45,6.05,12.8750000027312));
#10520=CARTESIAN_POINT('Ctrl Pts',(9.45,4.64167388793148,12.8125000027312));
#10521=CARTESIAN_POINT('Ctrl Pts',(8.45416305603426,3.64583694396574,12.7500000027312));
#10522=CARTESIAN_POINT('Ctrl Pts',(7.45832611206852,2.65,12.6875000027312));
#10523=CARTESIAN_POINT('Ctrl Pts',(6.05,2.65,12.6250000027312));
#10524=CARTESIAN_POINT('Ctrl Pts',(4.64167388793147,2.65,12.5625000027312));
#10525=CARTESIAN_POINT('Ctrl Pts',(3.64583694396574,3.64583694396574,12.5000000027312));
#10526=CARTESIAN_POINT('Ctrl Pts',(2.65,4.64167388793148,12.4375000027312));
#10527=CARTESIAN_POINT('Ctrl Pts',(2.65,6.05,12.3750000027312));
#10528=CARTESIAN_POINT('Ctrl Pts',(2.65,7.45832611206853,12.3125000027312));
#10529=CARTESIAN_POINT('Ctrl Pts',(3.64583694396574,8.45416305603426,12.2500000027312));
#10530=CARTESIAN_POINT('Ctrl Pts',(4.64167388793148,9.45,12.1875000027312));
#10531=CARTESIAN_POINT('Ctrl Pts',(6.05,9.45,12.1250000027312));
#10532=CARTESIAN_POINT('Ctrl Pts',(7.45832611206852,9.45,12.0625000027312));
#10533=CARTESIAN_POINT('Ctrl Pts',(8.45416305603426,8.45416305603426,12.0000000027312));
#10534=CARTESIAN_POINT('Ctrl Pts',(9.45,7.45832611206853,11.9375000027312));
#10535=CARTESIAN_POINT('Ctrl Pts',(9.45,6.05,11.8750000027312));
#10536=CARTESIAN_POINT('Ctrl Pts',(9.45,4.64167388793148,11.8125000027312));
#10537=CARTESIAN_POINT('Ctrl Pts',(8.45416305603426,3.64583694396574,11.7500000027312));
#10538=CARTESIAN_POINT('Ctrl Pts',(7.45832611206852,2.65,11.6875000027312));
#10539=CARTESIAN_POINT('Ctrl Pts',(6.05,2.65,11.6250000027312));
#10540=CARTESIAN_POINT('Ctrl Pts',(4.64167388793147,2.65,11.5625000027312));
#10541=CARTESIAN_POINT('Ctrl Pts',(3.64583694396574,3.64583694396574,11.5000000027312));
#10542=CARTESIAN_POINT('Ctrl Pts',(2.65,4.64167388793148,11.4375000027312));
#10543=CARTESIAN_POINT('Ctrl Pts',(2.65,6.05,11.3750000027312));
#10544=CARTESIAN_POINT('Ctrl Pts',(2.65,7.45832611206852,11.3125000027312));
#10545=CARTESIAN_POINT('Ctrl Pts',(3.64583694396574,8.45416305603426,11.2500000027312));
#10546=CARTESIAN_POINT('Ctrl Pts',(4.64167388793147,9.45,11.1875000027312));
#10547=CARTESIAN_POINT('Ctrl Pts',(6.05,9.45,11.1250000027312));
#10548=CARTESIAN_POINT('Ctrl Pts',(7.45832611206852,9.45,11.0625000027312));
#10549=CARTESIAN_POINT('Ctrl Pts',(8.45416305603426,8.45416305603426,11.0000000027312));
#10550=CARTESIAN_POINT('Ctrl Pts',(9.45,7.45832611206853,10.9375000027312));
#10551=CARTESIAN_POINT('Ctrl Pts',(9.45,6.05,10.8750000027312));
#10552=CARTESIAN_POINT('Ctrl Pts',(9.45,4.64167388793148,10.8125000027312));
#10553=CARTESIAN_POINT('Ctrl Pts',(8.45416305603426,3.64583694396574,10.7500000027312));
#10554=CARTESIAN_POINT('Ctrl Pts',(7.45832611206852,2.65,10.6875000027312));
#10555=CARTESIAN_POINT('Ctrl Pts',(6.05,2.65,10.6250000027312));
#10556=CARTESIAN_POINT('Ctrl Pts',(4.64167388793147,2.65,10.5625000027312));
#10557=CARTESIAN_POINT('Ctrl Pts',(3.64583694396574,3.64583694396574,10.5000000027312));
#10558=CARTESIAN_POINT('Ctrl Pts',(2.65,4.64167388793148,10.4375000027312));
#10559=CARTESIAN_POINT('Ctrl Pts',(2.65,6.05,10.3750000027312));
#10560=CARTESIAN_POINT('Ctrl Pts',(2.65,7.45832611206852,10.3125000027312));
#10561=CARTESIAN_POINT('Ctrl Pts',(3.64583694396574,8.45416305603426,10.2500000027312));
#10562=CARTESIAN_POINT('Ctrl Pts',(4.64167388793148,9.45,10.1875000027312));
#10563=CARTESIAN_POINT('Ctrl Pts',(6.05,9.45,10.1250000027312));
#10564=CARTESIAN_POINT('Ctrl Pts',(7.45832611206852,9.45,10.0625000027312));
#10565=CARTESIAN_POINT('Ctrl Pts',(8.45416305603426,8.45416305603426,10.0000000027312));
#10566=CARTESIAN_POINT('Ctrl Pts',(9.45,7.45832611206853,9.93750000273119));
#10567=CARTESIAN_POINT('Ctrl Pts',(9.45,6.05,9.87500000273119));
#10568=CARTESIAN_POINT('Ctrl Pts',(9.45,4.64167388793148,9.81250000273119));
#10569=CARTESIAN_POINT('Ctrl Pts',(8.45416305603426,3.64583694396574,9.75000000273119));
#10570=CARTESIAN_POINT('Ctrl Pts',(7.45832611206852,2.65,9.68750000273119));
#10571=CARTESIAN_POINT('Ctrl Pts',(6.05,2.65,9.62500000273119));
#10572=CARTESIAN_POINT('Ctrl Pts',(4.64167388793147,2.65,9.56250000273119));
#10573=CARTESIAN_POINT('Ctrl Pts',(3.64583694396574,3.64583694396574,9.50000000273119));
#10574=CARTESIAN_POINT('Ctrl Pts',(2.65,4.64167388793148,9.43750000273119));
#10575=CARTESIAN_POINT('Ctrl Pts',(2.65,6.05,9.37500000273119));
#10576=CARTESIAN_POINT('Ctrl Pts',(2.65,7.45832611206852,9.31250000273119));
#10577=CARTESIAN_POINT('Ctrl Pts',(3.64583694396574,8.45416305603426,9.25000000273119));
#10578=CARTESIAN_POINT('Ctrl Pts',(4.64167388793148,9.45,9.18750000273119));
#10579=CARTESIAN_POINT('Ctrl Pts',(6.05,9.45,9.12500000273118));
#10580=CARTESIAN_POINT('Ctrl Pts',(7.45832611206852,9.45,9.06250000273119));
#10581=CARTESIAN_POINT('Ctrl Pts',(8.45416305603426,8.45416305603426,9.00000000273119));
#10582=CARTESIAN_POINT('Ctrl Pts',(9.45,7.45832611206853,8.93750000273119));
#10583=CARTESIAN_POINT('Ctrl Pts',(9.45,6.05,8.87500000273119));
#10584=CARTESIAN_POINT('Ctrl Pts',(9.45,4.64167388793148,8.81250000273118));
#10585=CARTESIAN_POINT('Ctrl Pts',(8.45416305603426,3.64583694396574,8.75000000273119));
#10586=CARTESIAN_POINT('Ctrl Pts',(7.45832611206852,2.65,8.68750000273119));
#10587=CARTESIAN_POINT('Ctrl Pts',(6.05,2.65,8.62500000273119));
#10588=CARTESIAN_POINT('Ctrl Pts',(4.64167388793147,2.65,8.56250000273119));
#10589=CARTESIAN_POINT('Ctrl Pts',(3.64583694396574,3.64583694396574,8.50000000273119));
#10590=CARTESIAN_POINT('Ctrl Pts',(2.65,4.64167388793148,8.43750000273119));
#10591=CARTESIAN_POINT('Ctrl Pts',(2.65,6.05,8.37500000273119));
#10592=CARTESIAN_POINT('Ctrl Pts',(2.65,7.45832611206852,8.31250000273119));
#10593=CARTESIAN_POINT('Ctrl Pts',(3.64583694396574,8.45416305603426,8.25000000273119));
#10594=CARTESIAN_POINT('Ctrl Pts',(4.64167388793148,9.45,8.18750000273119));
#10595=CARTESIAN_POINT('Ctrl Pts',(6.05,9.45,8.12500000273119));
#10596=CARTESIAN_POINT('Ctrl Pts',(7.45832611206852,9.45,8.06250000273119));
#10597=CARTESIAN_POINT('Ctrl Pts',(8.45416305603426,8.45416305603426,8.00000000273119));
#10598=CARTESIAN_POINT('Ctrl Pts',(9.45,7.45832611206853,7.93750000273119));
#10599=CARTESIAN_POINT('Ctrl Pts',(9.45,6.05,7.87500000273119));
#10600=CARTESIAN_POINT('Ctrl Pts',(9.45,4.64167388793148,7.81250000273119));
#10601=CARTESIAN_POINT('Ctrl Pts',(8.45416305603426,3.64583694396574,7.75000000273119));
#10602=CARTESIAN_POINT('Ctrl Pts',(7.45832611206852,2.65,7.68750000273119));
#10603=CARTESIAN_POINT('Ctrl Pts',(6.05,2.65,7.62500000273119));
#10604=CARTESIAN_POINT('Ctrl Pts',(4.64167388793147,2.65,7.56250000273119));
#10605=CARTESIAN_POINT('Ctrl Pts',(3.64583694396574,3.64583694396574,7.50000000273119));
#10606=CARTESIAN_POINT('Ctrl Pts',(2.65,4.64167388793148,7.43750000273119));
#10607=CARTESIAN_POINT('Ctrl Pts',(2.65,6.05,7.37500000273119));
#10608=CARTESIAN_POINT('Ctrl Pts',(2.65,7.45832611206852,7.31250000273119));
#10609=CARTESIAN_POINT('Ctrl Pts',(3.64583694396574,8.45416305603426,7.25000000273119));
#10610=CARTESIAN_POINT('Ctrl Pts',(4.64167388793148,9.45,7.18750000273119));
#10611=CARTESIAN_POINT('Ctrl Pts',(6.05,9.45,7.12500000273119));
#10612=CARTESIAN_POINT('Ctrl Pts',(7.45832611206852,9.45,7.06250000273119));
#10613=CARTESIAN_POINT('Ctrl Pts',(8.45416305603426,8.45416305603426,7.00000000273119));
#10614=CARTESIAN_POINT('Ctrl Pts',(9.45,7.45832611206853,6.93750000273119));
#10615=CARTESIAN_POINT('Ctrl Pts',(9.45,6.05,6.87500000273119));
#10616=CARTESIAN_POINT('Ctrl Pts',(9.45,4.64167388793148,6.81250000273119));
#10617=CARTESIAN_POINT('Ctrl Pts',(8.45416305603426,3.64583694396574,6.75000000273119));
#10618=CARTESIAN_POINT('Ctrl Pts',(7.45832611206852,2.65,6.68750000273119));
#10619=CARTESIAN_POINT('Ctrl Pts',(6.05,2.65,6.62500000273119));
#10620=CARTESIAN_POINT('Ctrl Pts',(4.64167388793147,2.65,6.56250000273119));
#10621=CARTESIAN_POINT('Ctrl Pts',(3.64583694396574,3.64583694396574,6.50000000273119));
#10622=CARTESIAN_POINT('Ctrl Pts',(2.65,4.64167388793148,6.43750000273119));
#10623=CARTESIAN_POINT('Ctrl Pts',(2.65,6.05,6.37500000273119));
#10624=CARTESIAN_POINT('Ctrl Pts',(2.65,7.45832611206852,6.31250000273119));
#10625=CARTESIAN_POINT('Ctrl Pts',(3.64583694396574,8.45416305603426,6.25000000273119));
#10626=CARTESIAN_POINT('Ctrl Pts',(4.64167388793147,9.45,6.18750000273119));
#10627=CARTESIAN_POINT('Ctrl Pts',(6.05,9.45,6.12500000273119));
#10628=CARTESIAN_POINT('Ctrl Pts',(7.45832611206852,9.45,6.06250000273119));
#10629=CARTESIAN_POINT('Ctrl Pts',(8.45416305603426,8.45416305603426,6.00000000273119));
#10630=CARTESIAN_POINT('Ctrl Pts',(9.45,7.45832611206853,5.93750000273119));
#10631=CARTESIAN_POINT('Ctrl Pts',(9.45,6.05,5.87500000273119));
#10632=CARTESIAN_POINT('Ctrl Pts',(9.45,4.64167388793148,5.81250000273119));
#10633=CARTESIAN_POINT('Ctrl Pts',(8.45416305603426,3.64583694396574,5.75000000273119));
#10634=CARTESIAN_POINT('Ctrl Pts',(7.45832611206852,2.65,5.68750000273119));
#10635=CARTESIAN_POINT('Ctrl Pts',(6.05,2.65,5.62500000273119));
#10636=CARTESIAN_POINT('Ctrl Pts',(6.05,3.191265875,13.9375000013656));
#10637=CARTESIAN_POINT('Ctrl Pts',(4.86587355420622,3.191265875,13.8750000013656));
#10638=CARTESIAN_POINT('Ctrl Pts',(4.02856971460311,4.02856971460311,13.8125000013656));
#10639=CARTESIAN_POINT('Ctrl Pts',(3.191265875,4.86587355420622,13.7500000013656));
#10640=CARTESIAN_POINT('Ctrl Pts',(3.191265875,6.05,13.6875000013656));
#10641=CARTESIAN_POINT('Ctrl Pts',(3.191265875,7.23412644579379,13.6250000013656));
#10642=CARTESIAN_POINT('Ctrl Pts',(4.02856971460311,8.07143028539689,13.5625000013656));
#10643=CARTESIAN_POINT('Ctrl Pts',(4.86587355420622,8.908734125,13.5000000013656));
#10644=CARTESIAN_POINT('Ctrl Pts',(6.05,8.908734125,13.4375000013656));
#10645=CARTESIAN_POINT('Ctrl Pts',(7.23412644579378,8.908734125,13.3750000013656));
#10646=CARTESIAN_POINT('Ctrl Pts',(8.07143028539689,8.07143028539689,13.3125000013656));
#10647=CARTESIAN_POINT('Ctrl Pts',(8.908734125,7.23412644579379,13.2500000013656));
#10648=CARTESIAN_POINT('Ctrl Pts',(8.908734125,6.05,13.1875000013656));
#10649=CARTESIAN_POINT('Ctrl Pts',(8.908734125,4.86587355420622,13.1250000013656));
#10650=CARTESIAN_POINT('Ctrl Pts',(8.07143028539689,4.02856971460311,13.0625000013656));
#10651=CARTESIAN_POINT('Ctrl Pts',(7.23412644579378,3.191265875,13.0000000013656));
#10652=CARTESIAN_POINT('Ctrl Pts',(6.05,3.191265875,12.9375000013656));
#10653=CARTESIAN_POINT('Ctrl Pts',(4.86587355420622,3.191265875,12.8750000013656));
#10654=CARTESIAN_POINT('Ctrl Pts',(4.02856971460311,4.02856971460311,12.8125000013656));
#10655=CARTESIAN_POINT('Ctrl Pts',(3.191265875,4.86587355420622,12.7500000013656));
#10656=CARTESIAN_POINT('Ctrl Pts',(3.191265875,6.05,12.6875000013656));
#10657=CARTESIAN_POINT('Ctrl Pts',(3.191265875,7.23412644579379,12.6250000013656));
#10658=CARTESIAN_POINT('Ctrl Pts',(4.02856971460311,8.07143028539689,12.5625000013656));
#10659=CARTESIAN_POINT('Ctrl Pts',(4.86587355420622,8.908734125,12.5000000013656));
#10660=CARTESIAN_POINT('Ctrl Pts',(6.05,8.908734125,12.4375000013656));
#10661=CARTESIAN_POINT('Ctrl Pts',(7.23412644579378,8.908734125,12.3750000013656));
#10662=CARTESIAN_POINT('Ctrl Pts',(8.07143028539689,8.07143028539689,12.3125000013656));
#10663=CARTESIAN_POINT('Ctrl Pts',(8.908734125,7.23412644579379,12.2500000013656));
#10664=CARTESIAN_POINT('Ctrl Pts',(8.908734125,6.05,12.1875000013656));
#10665=CARTESIAN_POINT('Ctrl Pts',(8.908734125,4.86587355420622,12.1250000013656));
#10666=CARTESIAN_POINT('Ctrl Pts',(8.07143028539689,4.02856971460311,12.0625000013656));
#10667=CARTESIAN_POINT('Ctrl Pts',(7.23412644579378,3.191265875,12.0000000013656));
#10668=CARTESIAN_POINT('Ctrl Pts',(6.05,3.191265875,11.9375000013656));
#10669=CARTESIAN_POINT('Ctrl Pts',(4.86587355420622,3.191265875,11.8750000013656));
#10670=CARTESIAN_POINT('Ctrl Pts',(4.02856971460311,4.02856971460311,11.8125000013656));
#10671=CARTESIAN_POINT('Ctrl Pts',(3.191265875,4.86587355420622,11.7500000013656));
#10672=CARTESIAN_POINT('Ctrl Pts',(3.191265875,6.05,11.6875000013656));
#10673=CARTESIAN_POINT('Ctrl Pts',(3.191265875,7.23412644579379,11.6250000013656));
#10674=CARTESIAN_POINT('Ctrl Pts',(4.02856971460311,8.07143028539689,11.5625000013656));
#10675=CARTESIAN_POINT('Ctrl Pts',(4.86587355420622,8.908734125,11.5000000013656));
#10676=CARTESIAN_POINT('Ctrl Pts',(6.05,8.908734125,11.4375000013656));
#10677=CARTESIAN_POINT('Ctrl Pts',(7.23412644579378,8.908734125,11.3750000013656));
#10678=CARTESIAN_POINT('Ctrl Pts',(8.07143028539689,8.07143028539689,11.3125000013656));
#10679=CARTESIAN_POINT('Ctrl Pts',(8.908734125,7.23412644579379,11.2500000013656));
#10680=CARTESIAN_POINT('Ctrl Pts',(8.908734125,6.05,11.1875000013656));
#10681=CARTESIAN_POINT('Ctrl Pts',(8.908734125,4.86587355420622,11.1250000013656));
#10682=CARTESIAN_POINT('Ctrl Pts',(8.07143028539689,4.02856971460311,11.0625000013656));
#10683=CARTESIAN_POINT('Ctrl Pts',(7.23412644579378,3.191265875,11.0000000013656));
#10684=CARTESIAN_POINT('Ctrl Pts',(6.05,3.191265875,10.9375000013656));
#10685=CARTESIAN_POINT('Ctrl Pts',(4.86587355420621,3.191265875,10.8750000013656));
#10686=CARTESIAN_POINT('Ctrl Pts',(4.02856971460311,4.02856971460311,10.8125000013656));
#10687=CARTESIAN_POINT('Ctrl Pts',(3.191265875,4.86587355420622,10.7500000013656));
#10688=CARTESIAN_POINT('Ctrl Pts',(3.191265875,6.05,10.6875000013656));
#10689=CARTESIAN_POINT('Ctrl Pts',(3.191265875,7.23412644579379,10.6250000013656));
#10690=CARTESIAN_POINT('Ctrl Pts',(4.02856971460311,8.07143028539689,10.5625000013656));
#10691=CARTESIAN_POINT('Ctrl Pts',(4.86587355420622,8.908734125,10.5000000013656));
#10692=CARTESIAN_POINT('Ctrl Pts',(6.05,8.908734125,10.4375000013656));
#10693=CARTESIAN_POINT('Ctrl Pts',(7.23412644579378,8.908734125,10.3750000013656));
#10694=CARTESIAN_POINT('Ctrl Pts',(8.07143028539689,8.07143028539689,10.3125000013656));
#10695=CARTESIAN_POINT('Ctrl Pts',(8.908734125,7.23412644579379,10.2500000013656));
#10696=CARTESIAN_POINT('Ctrl Pts',(8.908734125,6.05,10.1875000013656));
#10697=CARTESIAN_POINT('Ctrl Pts',(8.908734125,4.86587355420622,10.1250000013656));
#10698=CARTESIAN_POINT('Ctrl Pts',(8.07143028539689,4.02856971460311,10.0625000013656));
#10699=CARTESIAN_POINT('Ctrl Pts',(7.23412644579378,3.191265875,10.0000000013656));
#10700=CARTESIAN_POINT('Ctrl Pts',(6.05,3.191265875,9.9375000013656));
#10701=CARTESIAN_POINT('Ctrl Pts',(4.86587355420621,3.191265875,9.8750000013656));
#10702=CARTESIAN_POINT('Ctrl Pts',(4.02856971460311,4.02856971460311,9.8125000013656));
#10703=CARTESIAN_POINT('Ctrl Pts',(3.191265875,4.86587355420622,9.7500000013656));
#10704=CARTESIAN_POINT('Ctrl Pts',(3.191265875,6.05,9.68750000136559));
#10705=CARTESIAN_POINT('Ctrl Pts',(3.191265875,7.23412644579378,9.6250000013656));
#10706=CARTESIAN_POINT('Ctrl Pts',(4.02856971460311,8.07143028539689,9.5625000013656));
#10707=CARTESIAN_POINT('Ctrl Pts',(4.86587355420622,8.908734125,9.5000000013656));
#10708=CARTESIAN_POINT('Ctrl Pts',(6.05,8.908734125,9.4375000013656));
#10709=CARTESIAN_POINT('Ctrl Pts',(7.23412644579378,8.908734125,9.3750000013656));
#10710=CARTESIAN_POINT('Ctrl Pts',(8.07143028539689,8.07143028539689,9.31250000136559));
#10711=CARTESIAN_POINT('Ctrl Pts',(8.908734125,7.23412644579379,9.2500000013656));
#10712=CARTESIAN_POINT('Ctrl Pts',(8.908734125,6.05,9.1875000013656));
#10713=CARTESIAN_POINT('Ctrl Pts',(8.908734125,4.86587355420622,9.1250000013656));
#10714=CARTESIAN_POINT('Ctrl Pts',(8.07143028539689,4.02856971460311,9.06250000136559));
#10715=CARTESIAN_POINT('Ctrl Pts',(7.23412644579378,3.191265875,9.0000000013656));
#10716=CARTESIAN_POINT('Ctrl Pts',(6.05,3.191265875,8.9375000013656));
#10717=CARTESIAN_POINT('Ctrl Pts',(4.86587355420621,3.191265875,8.8750000013656));
#10718=CARTESIAN_POINT('Ctrl Pts',(4.02856971460311,4.02856971460311,8.8125000013656));
#10719=CARTESIAN_POINT('Ctrl Pts',(3.191265875,4.86587355420622,8.7500000013656));
#10720=CARTESIAN_POINT('Ctrl Pts',(3.191265875,6.05,8.68750000136559));
#10721=CARTESIAN_POINT('Ctrl Pts',(3.191265875,7.23412644579378,8.62500000136559));
#10722=CARTESIAN_POINT('Ctrl Pts',(4.02856971460311,8.07143028539689,8.56250000136559));
#10723=CARTESIAN_POINT('Ctrl Pts',(4.86587355420622,8.908734125,8.5000000013656));
#10724=CARTESIAN_POINT('Ctrl Pts',(6.05,8.908734125,8.43750000136559));
#10725=CARTESIAN_POINT('Ctrl Pts',(7.23412644579378,8.908734125,8.37500000136559));
#10726=CARTESIAN_POINT('Ctrl Pts',(8.07143028539689,8.07143028539689,8.31250000136559));
#10727=CARTESIAN_POINT('Ctrl Pts',(8.908734125,7.23412644579379,8.2500000013656));
#10728=CARTESIAN_POINT('Ctrl Pts',(8.908734125,6.05,8.1875000013656));
#10729=CARTESIAN_POINT('Ctrl Pts',(8.908734125,4.86587355420622,8.1250000013656));
#10730=CARTESIAN_POINT('Ctrl Pts',(8.07143028539689,4.02856971460311,8.06250000136559));
#10731=CARTESIAN_POINT('Ctrl Pts',(7.23412644579378,3.191265875,8.00000000136559));
#10732=CARTESIAN_POINT('Ctrl Pts',(6.05,3.191265875,7.93750000136559));
#10733=CARTESIAN_POINT('Ctrl Pts',(4.86587355420621,3.191265875,7.8750000013656));
#10734=CARTESIAN_POINT('Ctrl Pts',(4.02856971460311,4.02856971460311,7.81250000136559));
#10735=CARTESIAN_POINT('Ctrl Pts',(3.191265875,4.86587355420622,7.75000000136559));
#10736=CARTESIAN_POINT('Ctrl Pts',(3.191265875,6.05,7.68750000136559));
#10737=CARTESIAN_POINT('Ctrl Pts',(3.191265875,7.23412644579378,7.62500000136559));
#10738=CARTESIAN_POINT('Ctrl Pts',(4.02856971460311,8.07143028539689,7.56250000136559));
#10739=CARTESIAN_POINT('Ctrl Pts',(4.86587355420622,8.908734125,7.50000000136559));
#10740=CARTESIAN_POINT('Ctrl Pts',(6.05,8.908734125,7.43750000136559));
#10741=CARTESIAN_POINT('Ctrl Pts',(7.23412644579378,8.908734125,7.37500000136559));
#10742=CARTESIAN_POINT('Ctrl Pts',(8.07143028539689,8.07143028539689,7.31250000136559));
#10743=CARTESIAN_POINT('Ctrl Pts',(8.908734125,7.23412644579378,7.2500000013656));
#10744=CARTESIAN_POINT('Ctrl Pts',(8.908734125,6.05,7.1875000013656));
#10745=CARTESIAN_POINT('Ctrl Pts',(8.908734125,4.86587355420622,7.1250000013656));
#10746=CARTESIAN_POINT('Ctrl Pts',(8.07143028539689,4.02856971460311,7.06250000136559));
#10747=CARTESIAN_POINT('Ctrl Pts',(7.23412644579378,3.191265875,7.00000000136559));
#10748=CARTESIAN_POINT('Ctrl Pts',(6.05,3.191265875,6.9375000013656));
#10749=CARTESIAN_POINT('Ctrl Pts',(4.86587355420621,3.191265875,6.8750000013656));
#10750=CARTESIAN_POINT('Ctrl Pts',(4.02856971460311,4.02856971460311,6.8125000013656));
#10751=CARTESIAN_POINT('Ctrl Pts',(3.191265875,4.86587355420622,6.75000000136559));
#10752=CARTESIAN_POINT('Ctrl Pts',(3.191265875,6.05,6.68750000136559));
#10753=CARTESIAN_POINT('Ctrl Pts',(3.191265875,7.23412644579378,6.62500000136559));
#10754=CARTESIAN_POINT('Ctrl Pts',(4.02856971460311,8.07143028539689,6.56250000136559));
#10755=CARTESIAN_POINT('Ctrl Pts',(4.86587355420622,8.908734125,6.50000000136559));
#10756=CARTESIAN_POINT('Ctrl Pts',(6.05,8.908734125,6.43750000136559));
#10757=CARTESIAN_POINT('Ctrl Pts',(7.23412644579378,8.908734125,6.37500000136559));
#10758=CARTESIAN_POINT('Ctrl Pts',(8.07143028539689,8.07143028539689,6.31250000136559));
#10759=CARTESIAN_POINT('Ctrl Pts',(8.908734125,7.23412644579378,6.2500000013656));
#10760=CARTESIAN_POINT('Ctrl Pts',(8.908734125,6.05,6.18750000136559));
#10761=CARTESIAN_POINT('Ctrl Pts',(8.908734125,4.86587355420622,6.12500000136559));
#10762=CARTESIAN_POINT('Ctrl Pts',(8.07143028539689,4.02856971460311,6.06250000136559));
#10763=CARTESIAN_POINT('Ctrl Pts',(7.23412644579378,3.191265875,6.0000000013656));
#10764=CARTESIAN_POINT('Ctrl Pts',(6.05,3.191265875,5.93750000136559));
#10765=CARTESIAN_POINT('',(4.95600983490942,8.69112595612641,13.5));
#10766=CARTESIAN_POINT('Ctrl Pts',(4.95600983490942,8.69112595612641,13.5));
#10767=CARTESIAN_POINT('Ctrl Pts',(5.48136243991169,8.908734125,13.4675135591505));
#10768=CARTESIAN_POINT('Ctrl Pts',(6.05,8.908734125,13.4375000013656));
#10769=CARTESIAN_POINT('',(6.05,2.65,5.62500000273119));
#10770=CARTESIAN_POINT('',(6.05,2.9206329375,5.78125000204839));
#10771=CARTESIAN_POINT('',(3.64583690044868,3.6458369874828,6.5));
#10772=CARTESIAN_POINT('Ctrl Pts',(3.64583690044867,3.6458369874828,6.5));
#10773=CARTESIAN_POINT('Ctrl Pts',(3.3268815932157,3.96479230626241,6.47998195655107));
#10774=CARTESIAN_POINT('Ctrl Pts',(3.07459209529995,4.34402603480296,6.45851429646527));
#10775=CARTESIAN_POINT('Ctrl Pts',(2.73175113578523,5.18111646683793,6.41506289879125));
#10776=CARTESIAN_POINT('Ctrl Pts',(2.64558507459883,5.63098329422694,6.39367667073375));
#10777=CARTESIAN_POINT('Ctrl Pts',(2.65460541680705,6.52224836431704,6.35395746922475));
#10778=CARTESIAN_POINT('Ctrl Pts',(2.743573488232,6.95510089211104,6.33311249653114));
#10779=CARTESIAN_POINT('Ctrl Pts',(3.08685471264252,7.77790575640037,6.29028698390312));
#10780=CARTESIAN_POINT('Ctrl Pts',(3.34361619183246,8.15742832749829,6.26886691756881));
#10781=CARTESIAN_POINT('Ctrl Pts',(3.97949765684769,8.78215932412447,6.22916315555543));
#10782=CARTESIAN_POINT('Ctrl Pts',(4.3481166871712,9.02577021326094,6.20832609762359));
#10783=CARTESIAN_POINT('Ctrl Pts',(5.1723097716995,9.36597531484004,6.1654955236482));
#10784=CARTESIAN_POINT('Ctrl Pts',(5.62228059139715,9.45337555546275,6.14404378127166));
#10785=CARTESIAN_POINT('Ctrl Pts',(6.51378161009138,9.44654768374862,6.10435441138352));
#10786=CARTESIAN_POINT('Ctrl Pts',(6.94674811567733,9.35868745542817,6.08352474524301));
#10787=CARTESIAN_POINT('Ctrl Pts',(7.75548882518506,9.0236976731287,6.0414758009114));
#10788=CARTESIAN_POINT('Ctrl Pts',(8.12376986372464,8.77967181627263,6.0206461146067));
#10789=CARTESIAN_POINT('Ctrl Pts',(8.7589861303179,8.15411568680181,5.98095670550155));
#10790=CARTESIAN_POINT('Ctrl Pts',(9.01536329504246,7.77413820809927,5.95950504961274));
#10791=CARTESIAN_POINT('Ctrl Pts',(9.35759733954367,6.95078584842062,5.91667448935816));
#10792=CARTESIAN_POINT('Ctrl Pts',(9.44599300661685,6.51787408143497,5.89583740983167));
#10793=CARTESIAN_POINT('Ctrl Pts',(9.45388067117778,5.62648679413181,5.85613360573434));
#10794=CARTESIAN_POINT('Ctrl Pts',(9.36707721162562,5.17656617409384,5.83471363183574));
#10795=CARTESIAN_POINT('Ctrl Pts',(9.02800610319902,4.35201775787775,5.79188813408411));
#10796=CARTESIAN_POINT('Ctrl Pts',(8.78484438357862,3.98303380957642,5.77104313827699));
#10797=CARTESIAN_POINT('Ctrl Pts',(8.16100575808859,3.34643379383494,5.73132389163544));
#10798=CARTESIAN_POINT('Ctrl Pts',(7.78197470135508,3.08925730552172,5.70993776227568));
#10799=CARTESIAN_POINT('Ctrl Pts',(6.94763471293008,2.73976502246903,5.66648615935769));
#10800=CARTESIAN_POINT('Ctrl Pts',(6.50107571399523,2.65,5.64501825836325));
#10801=CARTESIAN_POINT('Ctrl Pts',(6.05,2.65,5.62500000273119));
#10802=CARTESIAN_POINT('Ctrl Pts',(9.45,6.05,6.87500000273119));
#10803=CARTESIAN_POINT('Ctrl Pts',(9.45,6.04031654751091,6.87457026151189));
#10804=CARTESIAN_POINT('Ctrl Pts',(9.44995863122765,6.03063128488111,6.8741396795051));
#10805=CARTESIAN_POINT('Ctrl Pts',(9.44599167608707,5.56644576853663,6.8534667029581));
#10806=CARTESIAN_POINT('Ctrl Pts',(9.35101106665891,5.11734446448585,6.83179010243335));
#10807=CARTESIAN_POINT('Ctrl Pts',(8.99706003714528,4.29901869839894,6.78896723124879));
#10808=CARTESIAN_POINT('Ctrl Pts',(8.74778176928183,3.9350633496207,6.76834714768234));
#10809=CARTESIAN_POINT('Ctrl Pts',(8.11273835455807,3.3092434608169,6.72866056104033));
#10810=CARTESIAN_POINT('Ctrl Pts',(7.72826763123425,3.0583466920516,6.70698609039053));
#10811=CARTESIAN_POINT('Ctrl Pts',(6.89963492134603,2.72896701754679,6.66415748743202));
#10812=CARTESIAN_POINT('Ctrl Pts',(6.46606122505744,2.64736638941761,6.64351276491671));
#10813=CARTESIAN_POINT('Ctrl Pts',(5.5743920254969,2.65287165324413,6.60384024398738));
#10814=CARTESIAN_POINT('Ctrl Pts',(5.12496102213228,2.74683147876033,6.58216777617139));
#10815=CARTESIAN_POINT('Ctrl Pts',(4.3110158830898,3.09669049982511,6.53961453325284));
#10816=CARTESIAN_POINT('Ctrl Pts',(3.95077656292292,3.34089731396932,6.51913840363927));
#10817=CARTESIAN_POINT('Ctrl Pts',(3.64583690044872,3.64583698748276,6.5));
#10818=CARTESIAN_POINT('Ctrl Pts',(4.95600983490942,8.6911259561264,13.5));
#10819=CARTESIAN_POINT('Ctrl Pts',(4.73350664248311,8.6237413166545,13.5));
#10820=CARTESIAN_POINT('Ctrl Pts',(4.52011832193412,8.52934375683727,13.5));
#10821=CARTESIAN_POINT('Ctrl Pts',(4.1160020597323,8.28778863111965,13.5));
#10822=CARTESIAN_POINT('Ctrl Pts',(3.92191569490084,8.13732459463976,13.4999999999103));
#10823=CARTESIAN_POINT('Ctrl Pts',(3.62204698616956,7.83281421428262,13.4999999999103));
#10824=CARTESIAN_POINT('Ctrl Pts',(3.51670686484488,7.70713892830762,13.5));
#10825=CARTESIAN_POINT('Ctrl Pts',(3.1993717059781,7.26021957449367,13.5));
#10826=CARTESIAN_POINT('Ctrl Pts',(3.03786164724248,6.90774253951092,13.5));
#10827=CARTESIAN_POINT('Ctrl Pts',(2.82774993786388,6.05696907157196,13.5));
#10828=CARTESIAN_POINT('Ctrl Pts',(2.84319961659921,5.62888545005262,13.5));
#10829=CARTESIAN_POINT('Ctrl Pts',(2.93286848801789,5.0119968729133,13.5));
#10830=CARTESIAN_POINT('Ctrl Pts',(3.01683772867024,4.72180986593169,13.5));
#10831=CARTESIAN_POINT('Ctrl Pts',(3.26839209065729,4.15690885806499,13.5));
#10832=CARTESIAN_POINT('Ctrl Pts',(3.43907864495197,3.88702753213462,13.5));
#10833=CARTESIAN_POINT('Ctrl Pts',(3.64583690044866,3.64583698748282,13.5));
#10834=CARTESIAN_POINT('Origin',(6.05,6.04999999999997,14.0625000013656));
#10835=CARTESIAN_POINT('Origin',(6.05,6.05,13.5));
#10836=CARTESIAN_POINT('Ctrl Pts',(6.05,3.191265875,14.1875000013656));
#10837=CARTESIAN_POINT('Ctrl Pts',(4.86587355420621,3.191265875,14.1250000013656));
#10838=CARTESIAN_POINT('Ctrl Pts',(4.02856971460311,4.02856971460311,14.0625000013656));
#10839=CARTESIAN_POINT('Ctrl Pts',(3.191265875,4.86587355420622,14.0000000013656));
#10840=CARTESIAN_POINT('Ctrl Pts',(3.191265875,6.05,13.9375000013656));
#10841=CARTESIAN_POINT('Ctrl Pts',(3.191265875,7.23412644579379,13.8750000013656));
#10842=CARTESIAN_POINT('Ctrl Pts',(4.02856971460311,8.07143028539689,13.8125000013656));
#10843=CARTESIAN_POINT('Ctrl Pts',(4.86587355420622,8.908734125,13.7500000013656));
#10844=CARTESIAN_POINT('Ctrl Pts',(6.05,8.908734125,13.6875000013656));
#10845=CARTESIAN_POINT('Ctrl Pts',(7.23412644579378,8.908734125,13.6250000013656));
#10846=CARTESIAN_POINT('Ctrl Pts',(8.07143028539689,8.07143028539689,13.5625000013656));
#10847=CARTESIAN_POINT('Ctrl Pts',(8.908734125,7.23412644579379,13.5000000013656));
#10848=CARTESIAN_POINT('Ctrl Pts',(8.908734125,6.05,13.4375000013656));
#10849=CARTESIAN_POINT('Ctrl Pts',(8.908734125,4.86587355420622,13.3750000013656));
#10850=CARTESIAN_POINT('Ctrl Pts',(8.07143028539689,4.02856971460311,13.3125000013656));
#10851=CARTESIAN_POINT('Ctrl Pts',(7.23412644579378,3.191265875,13.2500000013656));
#10852=CARTESIAN_POINT('Ctrl Pts',(6.05,3.191265875,13.1875000013656));
#10853=CARTESIAN_POINT('Ctrl Pts',(4.86587355420622,3.191265875,13.1250000013656));
#10854=CARTESIAN_POINT('Ctrl Pts',(4.02856971460311,4.02856971460311,13.0625000013656));
#10855=CARTESIAN_POINT('Ctrl Pts',(3.191265875,4.86587355420622,13.0000000013656));
#10856=CARTESIAN_POINT('Ctrl Pts',(3.191265875,6.05,12.9375000013656));
#10857=CARTESIAN_POINT('Ctrl Pts',(3.191265875,7.23412644579379,12.8750000013656));
#10858=CARTESIAN_POINT('Ctrl Pts',(4.02856971460311,8.07143028539689,12.8125000013656));
#10859=CARTESIAN_POINT('Ctrl Pts',(4.86587355420622,8.908734125,12.7500000013656));
#10860=CARTESIAN_POINT('Ctrl Pts',(6.05,8.908734125,12.6875000013656));
#10861=CARTESIAN_POINT('Ctrl Pts',(7.23412644579378,8.908734125,12.6250000013656));
#10862=CARTESIAN_POINT('Ctrl Pts',(8.07143028539689,8.07143028539689,12.5625000013656));
#10863=CARTESIAN_POINT('Ctrl Pts',(8.908734125,7.23412644579379,12.5000000013656));
#10864=CARTESIAN_POINT('Ctrl Pts',(8.908734125,6.05,12.4375000013656));
#10865=CARTESIAN_POINT('Ctrl Pts',(8.908734125,4.86587355420622,12.3750000013656));
#10866=CARTESIAN_POINT('Ctrl Pts',(8.07143028539689,4.02856971460311,12.3125000013656));
#10867=CARTESIAN_POINT('Ctrl Pts',(7.23412644579378,3.191265875,12.2500000013656));
#10868=CARTESIAN_POINT('Ctrl Pts',(6.05,3.191265875,12.1875000013656));
#10869=CARTESIAN_POINT('Ctrl Pts',(4.86587355420622,3.191265875,12.1250000013656));
#10870=CARTESIAN_POINT('Ctrl Pts',(4.02856971460311,4.02856971460311,12.0625000013656));
#10871=CARTESIAN_POINT('Ctrl Pts',(3.191265875,4.86587355420622,12.0000000013656));
#10872=CARTESIAN_POINT('Ctrl Pts',(3.191265875,6.05,11.9375000013656));
#10873=CARTESIAN_POINT('Ctrl Pts',(3.191265875,7.23412644579379,11.8750000013656));
#10874=CARTESIAN_POINT('Ctrl Pts',(4.02856971460311,8.07143028539689,11.8125000013656));
#10875=CARTESIAN_POINT('Ctrl Pts',(4.86587355420622,8.908734125,11.7500000013656));
#10876=CARTESIAN_POINT('Ctrl Pts',(6.05,8.908734125,11.6875000013656));
#10877=CARTESIAN_POINT('Ctrl Pts',(7.23412644579378,8.908734125,11.6250000013656));
#10878=CARTESIAN_POINT('Ctrl Pts',(8.07143028539689,8.07143028539689,11.5625000013656));
#10879=CARTESIAN_POINT('Ctrl Pts',(8.908734125,7.23412644579379,11.5000000013656));
#10880=CARTESIAN_POINT('Ctrl Pts',(8.908734125,6.05,11.4375000013656));
#10881=CARTESIAN_POINT('Ctrl Pts',(8.908734125,4.86587355420622,11.3750000013656));
#10882=CARTESIAN_POINT('Ctrl Pts',(8.07143028539689,4.02856971460311,11.3125000013656));
#10883=CARTESIAN_POINT('Ctrl Pts',(7.23412644579378,3.191265875,11.2500000013656));
#10884=CARTESIAN_POINT('Ctrl Pts',(6.05,3.191265875,11.1875000013656));
#10885=CARTESIAN_POINT('Ctrl Pts',(4.86587355420621,3.191265875,11.1250000013656));
#10886=CARTESIAN_POINT('Ctrl Pts',(4.02856971460311,4.02856971460311,11.0625000013656));
#10887=CARTESIAN_POINT('Ctrl Pts',(3.191265875,4.86587355420622,11.0000000013656));
#10888=CARTESIAN_POINT('Ctrl Pts',(3.191265875,6.05,10.9375000013656));
#10889=CARTESIAN_POINT('Ctrl Pts',(3.191265875,7.23412644579379,10.8750000013656));
#10890=CARTESIAN_POINT('Ctrl Pts',(4.02856971460311,8.07143028539689,10.8125000013656));
#10891=CARTESIAN_POINT('Ctrl Pts',(4.86587355420622,8.908734125,10.7500000013656));
#10892=CARTESIAN_POINT('Ctrl Pts',(6.05,8.908734125,10.6875000013656));
#10893=CARTESIAN_POINT('Ctrl Pts',(7.23412644579378,8.908734125,10.6250000013656));
#10894=CARTESIAN_POINT('Ctrl Pts',(8.07143028539689,8.07143028539689,10.5625000013656));
#10895=CARTESIAN_POINT('Ctrl Pts',(8.908734125,7.23412644579379,10.5000000013656));
#10896=CARTESIAN_POINT('Ctrl Pts',(8.908734125,6.05,10.4375000013656));
#10897=CARTESIAN_POINT('Ctrl Pts',(8.908734125,4.86587355420622,10.3750000013656));
#10898=CARTESIAN_POINT('Ctrl Pts',(8.07143028539689,4.02856971460311,10.3125000013656));
#10899=CARTESIAN_POINT('Ctrl Pts',(7.23412644579378,3.191265875,10.2500000013656));
#10900=CARTESIAN_POINT('Ctrl Pts',(6.05,3.191265875,10.1875000013656));
#10901=CARTESIAN_POINT('Ctrl Pts',(4.86587355420621,3.191265875,10.1250000013656));
#10902=CARTESIAN_POINT('Ctrl Pts',(4.02856971460311,4.02856971460311,10.0625000013656));
#10903=CARTESIAN_POINT('Ctrl Pts',(3.191265875,4.86587355420622,10.0000000013656));
#10904=CARTESIAN_POINT('Ctrl Pts',(3.191265875,6.05,9.93750000136559));
#10905=CARTESIAN_POINT('Ctrl Pts',(3.191265875,7.23412644579379,9.8750000013656));
#10906=CARTESIAN_POINT('Ctrl Pts',(4.02856971460311,8.07143028539689,9.81250000136559));
#10907=CARTESIAN_POINT('Ctrl Pts',(4.86587355420622,8.908734125,9.7500000013656));
#10908=CARTESIAN_POINT('Ctrl Pts',(6.05,8.908734125,9.68750000136559));
#10909=CARTESIAN_POINT('Ctrl Pts',(7.23412644579378,8.908734125,9.6250000013656));
#10910=CARTESIAN_POINT('Ctrl Pts',(8.07143028539689,8.07143028539689,9.5625000013656));
#10911=CARTESIAN_POINT('Ctrl Pts',(8.908734125,7.23412644579379,9.5000000013656));
#10912=CARTESIAN_POINT('Ctrl Pts',(8.908734125,6.05,9.4375000013656));
#10913=CARTESIAN_POINT('Ctrl Pts',(8.908734125,4.86587355420622,9.3750000013656));
#10914=CARTESIAN_POINT('Ctrl Pts',(8.07143028539689,4.02856971460311,9.31250000136559));
#10915=CARTESIAN_POINT('Ctrl Pts',(7.23412644579378,3.191265875,9.2500000013656));
#10916=CARTESIAN_POINT('Ctrl Pts',(6.05,3.191265875,9.1875000013656));
#10917=CARTESIAN_POINT('Ctrl Pts',(4.86587355420621,3.191265875,9.1250000013656));
#10918=CARTESIAN_POINT('Ctrl Pts',(4.02856971460311,4.02856971460311,9.0625000013656));
#10919=CARTESIAN_POINT('Ctrl Pts',(3.191265875,4.86587355420622,9.0000000013656));
#10920=CARTESIAN_POINT('Ctrl Pts',(3.191265875,6.05,8.9375000013656));
#10921=CARTESIAN_POINT('Ctrl Pts',(3.191265875,7.23412644579378,8.8750000013656));
#10922=CARTESIAN_POINT('Ctrl Pts',(4.02856971460311,8.07143028539689,8.8125000013656));
#10923=CARTESIAN_POINT('Ctrl Pts',(4.86587355420622,8.908734125,8.7500000013656));
#10924=CARTESIAN_POINT('Ctrl Pts',(6.05,8.908734125,8.68750000136559));
#10925=CARTESIAN_POINT('Ctrl Pts',(7.23412644579378,8.908734125,8.62500000136559));
#10926=CARTESIAN_POINT('Ctrl Pts',(8.07143028539689,8.07143028539689,8.56250000136559));
#10927=CARTESIAN_POINT('Ctrl Pts',(8.908734125,7.23412644579379,8.5000000013656));
#10928=CARTESIAN_POINT('Ctrl Pts',(8.908734125,6.05,8.4375000013656));
#10929=CARTESIAN_POINT('Ctrl Pts',(8.908734125,4.86587355420622,8.3750000013656));
#10930=CARTESIAN_POINT('Ctrl Pts',(8.07143028539689,4.02856971460311,8.3125000013656));
#10931=CARTESIAN_POINT('Ctrl Pts',(7.23412644579378,3.191265875,8.2500000013656));
#10932=CARTESIAN_POINT('Ctrl Pts',(6.05,3.191265875,8.1875000013656));
#10933=CARTESIAN_POINT('Ctrl Pts',(4.86587355420621,3.191265875,8.1250000013656));
#10934=CARTESIAN_POINT('Ctrl Pts',(4.02856971460311,4.02856971460311,8.0625000013656));
#10935=CARTESIAN_POINT('Ctrl Pts',(3.191265875,4.86587355420622,8.00000000136559));
#10936=CARTESIAN_POINT('Ctrl Pts',(3.191265875,6.05,7.93750000136559));
#10937=CARTESIAN_POINT('Ctrl Pts',(3.191265875,7.23412644579378,7.87500000136559));
#10938=CARTESIAN_POINT('Ctrl Pts',(4.02856971460311,8.07143028539689,7.81250000136559));
#10939=CARTESIAN_POINT('Ctrl Pts',(4.86587355420622,8.908734125,7.75000000136559));
#10940=CARTESIAN_POINT('Ctrl Pts',(6.05,8.908734125,7.68750000136559));
#10941=CARTESIAN_POINT('Ctrl Pts',(7.23412644579378,8.908734125,7.62500000136559));
#10942=CARTESIAN_POINT('Ctrl Pts',(8.07143028539689,8.07143028539689,7.56250000136559));
#10943=CARTESIAN_POINT('Ctrl Pts',(8.908734125,7.23412644579379,7.5000000013656));
#10944=CARTESIAN_POINT('Ctrl Pts',(8.908734125,6.05,7.43750000136559));
#10945=CARTESIAN_POINT('Ctrl Pts',(8.908734125,4.86587355420622,7.37500000136559));
#10946=CARTESIAN_POINT('Ctrl Pts',(8.07143028539689,4.02856971460311,7.31250000136559));
#10947=CARTESIAN_POINT('Ctrl Pts',(7.23412644579378,3.191265875,7.2500000013656));
#10948=CARTESIAN_POINT('Ctrl Pts',(6.05,3.191265875,7.1875000013656));
#10949=CARTESIAN_POINT('Ctrl Pts',(4.86587355420621,3.191265875,7.1250000013656));
#10950=CARTESIAN_POINT('Ctrl Pts',(4.02856971460311,4.02856971460311,7.06250000136559));
#10951=CARTESIAN_POINT('Ctrl Pts',(3.191265875,4.86587355420622,7.00000000136559));
#10952=CARTESIAN_POINT('Ctrl Pts',(3.191265875,6.05,6.93750000136559));
#10953=CARTESIAN_POINT('Ctrl Pts',(3.191265875,7.23412644579378,6.87500000136559));
#10954=CARTESIAN_POINT('Ctrl Pts',(4.02856971460311,8.07143028539689,6.81250000136559));
#10955=CARTESIAN_POINT('Ctrl Pts',(4.86587355420622,8.908734125,6.75000000136559));
#10956=CARTESIAN_POINT('Ctrl Pts',(6.05,8.908734125,6.68750000136559));
#10957=CARTESIAN_POINT('Ctrl Pts',(7.23412644579378,8.908734125,6.62500000136559));
#10958=CARTESIAN_POINT('Ctrl Pts',(8.07143028539689,8.07143028539689,6.56250000136559));
#10959=CARTESIAN_POINT('Ctrl Pts',(8.908734125,7.23412644579379,6.50000000136559));
#10960=CARTESIAN_POINT('Ctrl Pts',(8.908734125,6.05,6.43750000136559));
#10961=CARTESIAN_POINT('Ctrl Pts',(8.908734125,4.86587355420622,6.3750000013656));
#10962=CARTESIAN_POINT('Ctrl Pts',(8.07143028539689,4.02856971460311,6.3125000013656));
#10963=CARTESIAN_POINT('Ctrl Pts',(7.23412644579378,3.191265875,6.2500000013656));
#10964=CARTESIAN_POINT('Ctrl Pts',(6.05,3.191265875,6.18750000136559));
#10965=CARTESIAN_POINT('Ctrl Pts',(6.05,2.65,14.5));
#10966=CARTESIAN_POINT('Ctrl Pts',(4.64167388793147,2.65,14.4375));
#10967=CARTESIAN_POINT('Ctrl Pts',(3.64583694396574,3.64583694396574,14.375));
#10968=CARTESIAN_POINT('Ctrl Pts',(2.65,4.64167388793148,14.3125));
#10969=CARTESIAN_POINT('Ctrl Pts',(2.65,6.05,14.25));
#10970=CARTESIAN_POINT('Ctrl Pts',(2.65,7.45832611206853,14.1875));
#10971=CARTESIAN_POINT('Ctrl Pts',(3.64583694396574,8.45416305603426,14.125));
#10972=CARTESIAN_POINT('Ctrl Pts',(4.64167388793148,9.45,14.0625));
#10973=CARTESIAN_POINT('Ctrl Pts',(6.05,9.45,14.));
#10974=CARTESIAN_POINT('Ctrl Pts',(7.45832611206852,9.45,13.9375));
#10975=CARTESIAN_POINT('Ctrl Pts',(8.45416305603426,8.45416305603426,13.875));
#10976=CARTESIAN_POINT('Ctrl Pts',(9.45,7.45832611206853,13.8125));
#10977=CARTESIAN_POINT('Ctrl Pts',(9.45,6.05,13.75));
#10978=CARTESIAN_POINT('Ctrl Pts',(9.45,4.64167388793148,13.6875));
#10979=CARTESIAN_POINT('Ctrl Pts',(8.45416305603426,3.64583694396574,13.625));
#10980=CARTESIAN_POINT('Ctrl Pts',(7.45832611206852,2.65,13.5625));
#10981=CARTESIAN_POINT('Ctrl Pts',(6.05,2.65,13.5));
#10982=CARTESIAN_POINT('Ctrl Pts',(4.64167388793147,2.65,13.4375));
#10983=CARTESIAN_POINT('Ctrl Pts',(3.64583694396574,3.64583694396574,13.375));
#10984=CARTESIAN_POINT('Ctrl Pts',(2.65,4.64167388793148,13.3125));
#10985=CARTESIAN_POINT('Ctrl Pts',(2.65,6.05,13.25));
#10986=CARTESIAN_POINT('Ctrl Pts',(2.65,7.45832611206853,13.1875));
#10987=CARTESIAN_POINT('Ctrl Pts',(3.64583694396574,8.45416305603426,13.125));
#10988=CARTESIAN_POINT('Ctrl Pts',(4.64167388793148,9.45,13.0625));
#10989=CARTESIAN_POINT('Ctrl Pts',(6.05,9.45,13.));
#10990=CARTESIAN_POINT('Ctrl Pts',(7.45832611206852,9.45,12.9375));
#10991=CARTESIAN_POINT('Ctrl Pts',(8.45416305603426,8.45416305603426,12.875));
#10992=CARTESIAN_POINT('Ctrl Pts',(9.45,7.45832611206853,12.8125));
#10993=CARTESIAN_POINT('Ctrl Pts',(9.45,6.05,12.75));
#10994=CARTESIAN_POINT('Ctrl Pts',(9.45,4.64167388793148,12.6875));
#10995=CARTESIAN_POINT('Ctrl Pts',(8.45416305603426,3.64583694396574,12.625));
#10996=CARTESIAN_POINT('Ctrl Pts',(7.45832611206852,2.65,12.5625));
#10997=CARTESIAN_POINT('Ctrl Pts',(6.05,2.65,12.5));
#10998=CARTESIAN_POINT('Ctrl Pts',(4.64167388793147,2.65,12.4375));
#10999=CARTESIAN_POINT('Ctrl Pts',(3.64583694396574,3.64583694396574,12.375));
#11000=CARTESIAN_POINT('Ctrl Pts',(2.65,4.64167388793148,12.3125));
#11001=CARTESIAN_POINT('Ctrl Pts',(2.65,6.05,12.25));
#11002=CARTESIAN_POINT('Ctrl Pts',(2.65,7.45832611206853,12.1875));
#11003=CARTESIAN_POINT('Ctrl Pts',(3.64583694396574,8.45416305603426,12.125));
#11004=CARTESIAN_POINT('Ctrl Pts',(4.64167388793148,9.45,12.0625));
#11005=CARTESIAN_POINT('Ctrl Pts',(6.05,9.45,12.));
#11006=CARTESIAN_POINT('Ctrl Pts',(7.45832611206852,9.45,11.9375));
#11007=CARTESIAN_POINT('Ctrl Pts',(8.45416305603426,8.45416305603426,11.875));
#11008=CARTESIAN_POINT('Ctrl Pts',(9.45,7.45832611206853,11.8125));
#11009=CARTESIAN_POINT('Ctrl Pts',(9.45,6.05,11.75));
#11010=CARTESIAN_POINT('Ctrl Pts',(9.45,4.64167388793148,11.6875));
#11011=CARTESIAN_POINT('Ctrl Pts',(8.45416305603426,3.64583694396574,11.625));
#11012=CARTESIAN_POINT('Ctrl Pts',(7.45832611206852,2.65,11.5625));
#11013=CARTESIAN_POINT('Ctrl Pts',(6.05,2.65,11.5));
#11014=CARTESIAN_POINT('Ctrl Pts',(4.64167388793147,2.65,11.4375));
#11015=CARTESIAN_POINT('Ctrl Pts',(3.64583694396574,3.64583694396574,11.375));
#11016=CARTESIAN_POINT('Ctrl Pts',(2.65,4.64167388793148,11.3125));
#11017=CARTESIAN_POINT('Ctrl Pts',(2.65,6.05,11.25));
#11018=CARTESIAN_POINT('Ctrl Pts',(2.65,7.45832611206852,11.1875));
#11019=CARTESIAN_POINT('Ctrl Pts',(3.64583694396574,8.45416305603426,11.125));
#11020=CARTESIAN_POINT('Ctrl Pts',(4.64167388793147,9.45,11.0625));
#11021=CARTESIAN_POINT('Ctrl Pts',(6.05,9.45,11.));
#11022=CARTESIAN_POINT('Ctrl Pts',(7.45832611206852,9.45,10.9375));
#11023=CARTESIAN_POINT('Ctrl Pts',(8.45416305603426,8.45416305603426,10.875));
#11024=CARTESIAN_POINT('Ctrl Pts',(9.45,7.45832611206853,10.8125));
#11025=CARTESIAN_POINT('Ctrl Pts',(9.45,6.05,10.75));
#11026=CARTESIAN_POINT('Ctrl Pts',(9.45,4.64167388793148,10.6875));
#11027=CARTESIAN_POINT('Ctrl Pts',(8.45416305603426,3.64583694396574,10.625));
#11028=CARTESIAN_POINT('Ctrl Pts',(7.45832611206852,2.65,10.5625));
#11029=CARTESIAN_POINT('Ctrl Pts',(6.05,2.65,10.5));
#11030=CARTESIAN_POINT('Ctrl Pts',(4.64167388793147,2.65,10.4375));
#11031=CARTESIAN_POINT('Ctrl Pts',(3.64583694396574,3.64583694396574,10.375));
#11032=CARTESIAN_POINT('Ctrl Pts',(2.65,4.64167388793148,10.3125));
#11033=CARTESIAN_POINT('Ctrl Pts',(2.65,6.05,10.25));
#11034=CARTESIAN_POINT('Ctrl Pts',(2.65,7.45832611206852,10.1875));
#11035=CARTESIAN_POINT('Ctrl Pts',(3.64583694396574,8.45416305603426,10.125));
#11036=CARTESIAN_POINT('Ctrl Pts',(4.64167388793148,9.45,10.0625));
#11037=CARTESIAN_POINT('Ctrl Pts',(6.05,9.45,10.));
#11038=CARTESIAN_POINT('Ctrl Pts',(7.45832611206852,9.45,9.9375));
#11039=CARTESIAN_POINT('Ctrl Pts',(8.45416305603426,8.45416305603426,9.875));
#11040=CARTESIAN_POINT('Ctrl Pts',(9.45,7.45832611206853,9.8125));
#11041=CARTESIAN_POINT('Ctrl Pts',(9.45,6.05,9.75));
#11042=CARTESIAN_POINT('Ctrl Pts',(9.45,4.64167388793148,9.6875));
#11043=CARTESIAN_POINT('Ctrl Pts',(8.45416305603426,3.64583694396574,9.625));
#11044=CARTESIAN_POINT('Ctrl Pts',(7.45832611206852,2.65,9.5625));
#11045=CARTESIAN_POINT('Ctrl Pts',(6.05,2.65,9.5));
#11046=CARTESIAN_POINT('Ctrl Pts',(4.64167388793147,2.65,9.4375));
#11047=CARTESIAN_POINT('Ctrl Pts',(3.64583694396574,3.64583694396574,9.375));
#11048=CARTESIAN_POINT('Ctrl Pts',(2.65,4.64167388793148,9.3125));
#11049=CARTESIAN_POINT('Ctrl Pts',(2.65,6.05,9.25));
#11050=CARTESIAN_POINT('Ctrl Pts',(2.65,7.45832611206852,9.1875));
#11051=CARTESIAN_POINT('Ctrl Pts',(3.64583694396574,8.45416305603426,9.125));
#11052=CARTESIAN_POINT('Ctrl Pts',(4.64167388793148,9.45,9.0625));
#11053=CARTESIAN_POINT('Ctrl Pts',(6.05,9.45,9.));
#11054=CARTESIAN_POINT('Ctrl Pts',(7.45832611206852,9.45,8.9375));
#11055=CARTESIAN_POINT('Ctrl Pts',(8.45416305603426,8.45416305603426,8.875));
#11056=CARTESIAN_POINT('Ctrl Pts',(9.45,7.45832611206853,8.8125));
#11057=CARTESIAN_POINT('Ctrl Pts',(9.45,6.05,8.75));
#11058=CARTESIAN_POINT('Ctrl Pts',(9.45,4.64167388793148,8.6875));
#11059=CARTESIAN_POINT('Ctrl Pts',(8.45416305603426,3.64583694396574,8.625));
#11060=CARTESIAN_POINT('Ctrl Pts',(7.45832611206852,2.65,8.5625));
#11061=CARTESIAN_POINT('Ctrl Pts',(6.05,2.65,8.5));
#11062=CARTESIAN_POINT('Ctrl Pts',(4.64167388793147,2.65,8.4375));
#11063=CARTESIAN_POINT('Ctrl Pts',(3.64583694396574,3.64583694396574,8.375));
#11064=CARTESIAN_POINT('Ctrl Pts',(2.65,4.64167388793148,8.3125));
#11065=CARTESIAN_POINT('Ctrl Pts',(2.65,6.05,8.25));
#11066=CARTESIAN_POINT('Ctrl Pts',(2.65,7.45832611206852,8.1875));
#11067=CARTESIAN_POINT('Ctrl Pts',(3.64583694396574,8.45416305603426,8.125));
#11068=CARTESIAN_POINT('Ctrl Pts',(4.64167388793148,9.45,8.0625));
#11069=CARTESIAN_POINT('Ctrl Pts',(6.05,9.45,8.));
#11070=CARTESIAN_POINT('Ctrl Pts',(7.45832611206852,9.45,7.9375));
#11071=CARTESIAN_POINT('Ctrl Pts',(8.45416305603426,8.45416305603426,7.875));
#11072=CARTESIAN_POINT('Ctrl Pts',(9.45,7.45832611206853,7.8125));
#11073=CARTESIAN_POINT('Ctrl Pts',(9.45,6.05,7.75));
#11074=CARTESIAN_POINT('Ctrl Pts',(9.45,4.64167388793148,7.6875));
#11075=CARTESIAN_POINT('Ctrl Pts',(8.45416305603426,3.64583694396574,7.625));
#11076=CARTESIAN_POINT('Ctrl Pts',(7.45832611206852,2.65,7.5625));
#11077=CARTESIAN_POINT('Ctrl Pts',(6.05,2.65,7.5));
#11078=CARTESIAN_POINT('Ctrl Pts',(4.64167388793147,2.65,7.4375));
#11079=CARTESIAN_POINT('Ctrl Pts',(3.64583694396574,3.64583694396574,7.375));
#11080=CARTESIAN_POINT('Ctrl Pts',(2.65,4.64167388793148,7.3125));
#11081=CARTESIAN_POINT('Ctrl Pts',(2.65,6.05,7.25));
#11082=CARTESIAN_POINT('Ctrl Pts',(2.65,7.45832611206852,7.1875));
#11083=CARTESIAN_POINT('Ctrl Pts',(3.64583694396574,8.45416305603426,7.125));
#11084=CARTESIAN_POINT('Ctrl Pts',(4.64167388793148,9.45,7.0625));
#11085=CARTESIAN_POINT('Ctrl Pts',(6.05,9.45,7.));
#11086=CARTESIAN_POINT('Ctrl Pts',(7.45832611206852,9.45,6.9375));
#11087=CARTESIAN_POINT('Ctrl Pts',(8.45416305603426,8.45416305603426,6.875));
#11088=CARTESIAN_POINT('Ctrl Pts',(9.45,7.45832611206853,6.8125));
#11089=CARTESIAN_POINT('Ctrl Pts',(9.45,6.05,6.75));
#11090=CARTESIAN_POINT('Ctrl Pts',(9.45,4.64167388793148,6.6875));
#11091=CARTESIAN_POINT('Ctrl Pts',(8.45416305603426,3.64583694396574,6.625));
#11092=CARTESIAN_POINT('Ctrl Pts',(7.45832611206852,2.65,6.5625));
#11093=CARTESIAN_POINT('Ctrl Pts',(6.05,2.65,6.5));
#11094=CARTESIAN_POINT('',(6.05,2.65,6.5));
#11095=CARTESIAN_POINT('Ctrl Pts',(6.05,2.65,6.5));
#11096=CARTESIAN_POINT('Ctrl Pts',(6.47703352506682,2.65,6.51895128911405));
#11097=CARTESIAN_POINT('Ctrl Pts',(6.90023204197283,2.73045121442001,6.53921126730361));
#11098=CARTESIAN_POINT('Ctrl Pts',(7.72010952905155,3.05380420492639,6.58154053824655));
#11099=CARTESIAN_POINT('Ctrl Pts',(8.1051551242938,3.30357401165595,6.60321980488066));
#11100=CARTESIAN_POINT('Ctrl Pts',(8.74177829242622,3.92744965467272,6.64294075946968));
#11101=CARTESIAN_POINT('Ctrl Pts',(8.9920260889699,4.29060173100207,6.6635011567342));
#11102=CARTESIAN_POINT('Ctrl Pts',(9.34824322781939,5.10766971771947,6.70630986544308));
#11103=CARTESIAN_POINT('Ctrl Pts',(9.44451997767667,5.55634871660743,6.7279915506292));
#11104=CARTESIAN_POINT('Ctrl Pts',(9.44992430283496,6.02379900440063,6.74883583646897));
#11105=CARTESIAN_POINT('Ctrl Pts',(9.45,6.03690113145715,6.74941868628515));
#11106=CARTESIAN_POINT('Ctrl Pts',(9.45,6.05,6.75));
#11107=CARTESIAN_POINT('',(6.05,2.9206329375,6.3437500006828));
#11108=CARTESIAN_POINT('Ctrl Pts',(6.05,2.65000000000001,13.5));
#11109=CARTESIAN_POINT('Ctrl Pts',(6.33218848077706,2.67169085616198,13.5));
#11110=CARTESIAN_POINT('Ctrl Pts',(6.63611332346449,2.72861449581371,13.5));
#11111=CARTESIAN_POINT('Ctrl Pts',(7.25246023116536,2.96460009698319,13.5));
#11112=CARTESIAN_POINT('Ctrl Pts',(7.51644999303093,3.10969349500052,13.5));
#11113=CARTESIAN_POINT('Ctrl Pts',(8.01563163033656,3.48095959484572,13.5));
#11114=CARTESIAN_POINT('Ctrl Pts',(8.3296946287313,3.77210418142049,13.5));
#11115=CARTESIAN_POINT('Ctrl Pts',(8.783999628052,4.52122459937132,13.5));
#11116=CARTESIAN_POINT('Ctrl Pts',(8.91969242249809,4.88428935445865,13.5));
#11117=CARTESIAN_POINT('Ctrl Pts',(9.01245931265959,5.42486638872613,13.5));
#11118=CARTESIAN_POINT('Ctrl Pts',(9.02716869788275,5.58867216254173,13.5000000000839));
#11119=CARTESIAN_POINT('Ctrl Pts',(9.03110952649159,6.01682302877334,13.5000000000839));
#11120=CARTESIAN_POINT('Ctrl Pts',(9.00057244463748,6.26135742294253,13.5));
#11121=CARTESIAN_POINT('Ctrl Pts',(8.8854937079597,6.71996414950744,13.5));
#11122=CARTESIAN_POINT('Ctrl Pts',(8.80116646709704,6.93834483240114,13.5));
#11123=CARTESIAN_POINT('Ctrl Pts',(8.69112595612637,7.14399016509065,13.5));
#11124=CARTESIAN_POINT('Origin',(6.05,2.9206329375,6.3437500006828));
#11125=CARTESIAN_POINT('',(6.05,2.65,6.06250000136559));
#11126=CARTESIAN_POINT('Origin',(6.05,6.05,14.0625000013656));
#11127=CARTESIAN_POINT('Origin',(6.05,6.05,6.5));
#11128=CARTESIAN_POINT('Origin',(6.05,6.05,13.5));
#11129=CARTESIAN_POINT('',(7.8,6.05,13.5));
#11130=CARTESIAN_POINT('Origin',(6.05,6.05,13.5));
#11131=CARTESIAN_POINT('Origin',(6.05,6.05,6.5));
#11132=CARTESIAN_POINT('',(7.15,2.20422309539412,6.5));
#11133=CARTESIAN_POINT('',(7.15,9.89577690460588,6.5));
#11134=CARTESIAN_POINT('Origin',(6.05,6.05,6.5));
#11135=CARTESIAN_POINT('',(7.15,11.7,6.5));
#11136=CARTESIAN_POINT('',(7.15,6.05,6.5));
#11137=CARTESIAN_POINT('',(4.95,11.7,6.5));
#11138=CARTESIAN_POINT('',(1.05,11.7,6.5));
#11139=CARTESIAN_POINT('',(4.95,6.05,6.5));
#11140=CARTESIAN_POINT('',(4.95,0.400000000000001,6.5));
#11141=CARTESIAN_POINT('',(4.95,6.05,6.5));
#11142=CARTESIAN_POINT('',(7.15,0.400000000000001,6.5));
#11143=CARTESIAN_POINT('',(1.04999999999999,0.400000000000003,6.5));
#11144=CARTESIAN_POINT('',(7.15,6.05,6.5));
#11145=CARTESIAN_POINT('Origin',(6.05,6.05,6.5));
#11146=CARTESIAN_POINT('Origin',(11.05,0.4,6.5));
#11147=CARTESIAN_POINT('',(11.05,0.399999999999999,6.1));
#11148=CARTESIAN_POINT('',(11.05,0.4,6.5));
#11149=CARTESIAN_POINT('',(11.05,0.0500000000000012,6.1));
#11150=CARTESIAN_POINT('',(11.05,0.05,6.5));
#11151=CARTESIAN_POINT('',(11.05,6.05,6.1));
#11152=CARTESIAN_POINT('Origin',(1.04999999999999,0.400000000000003,6.5));
#11153=CARTESIAN_POINT('',(1.04999999999999,0.400000000000003,6.5));
#11154=CARTESIAN_POINT('',(1.04999999999999,0.05,0.));
#11155=CARTESIAN_POINT('',(1.04999999999999,0.0500000000000023,6.5));
#11156=CARTESIAN_POINT('',(1.04999999999999,0.4,0.));
#11157=CARTESIAN_POINT('Origin',(11.05,11.7,6.5));
#11158=CARTESIAN_POINT('',(11.05,12.05,6.1));
#11159=CARTESIAN_POINT('',(11.05,12.05,6.5));
#11160=CARTESIAN_POINT('',(11.05,11.7,6.1));
#11161=CARTESIAN_POINT('',(11.05,11.7,6.5));
#11162=CARTESIAN_POINT('',(11.05,6.05,6.1));
#11163=CARTESIAN_POINT('Origin',(1.05,11.7,6.5));
#11164=CARTESIAN_POINT('',(1.05,12.05,-2.77555756156289E-15));
#11165=CARTESIAN_POINT('',(1.05,12.05,6.5));
#11166=CARTESIAN_POINT('',(1.05,11.7,6.5));
#11167=CARTESIAN_POINT('',(1.05,11.7,-2.77555756156289E-15));
#11168=CARTESIAN_POINT('Origin',(12.05,0.0500000000000012,2.8));
#11169=CARTESIAN_POINT('',(12.05,6.05,6.1));
#11170=CARTESIAN_POINT('Origin',(0.0499999999999939,0.0500000000000012,
2.8));
#11171=CARTESIAN_POINT('',(6.05,0.0500000000000012,6.1));
#11172=CARTESIAN_POINT('Origin',(0.0499999999999939,0.0500000000000012,
2.8));
#11173=CARTESIAN_POINT('',(0.0499999999999962,0.05,0.));
#11174=CARTESIAN_POINT('Origin',(0.0499999999999984,12.05,2.8));
#11175=CARTESIAN_POINT('',(6.05,12.05,6.1));
#11176=CARTESIAN_POINT('Origin',(0.0499999999999984,12.05,2.8));
#11177=CARTESIAN_POINT('',(0.0500000000000006,12.05,-2.77555756156289E-15));
#11178=CARTESIAN_POINT('Origin',(0.0499999999999939,0.0500000000000012,
2.8));
#11179=CARTESIAN_POINT('',(0.0499999999999962,0.05,0.));
#11180=CARTESIAN_POINT('Origin',(6.05,6.05,6.1));
#11181=CARTESIAN_POINT('',(12.1,12.1,6.1));
#11182=CARTESIAN_POINT('',(1.1,11.75,6.1));
#11183=CARTESIAN_POINT('',(1.05,11.7,6.1));
#11184=CARTESIAN_POINT('',(6.05,11.7,6.1));
#11185=CARTESIAN_POINT('',(1.05,12.05,6.1));
#11186=CARTESIAN_POINT('',(1.05,6.05,6.1));
#11187=CARTESIAN_POINT('',(6.05,12.05,6.1));
#11188=CARTESIAN_POINT('',(0.0499999999999962,6.05,6.1));
#11189=CARTESIAN_POINT('',(1.04999999999999,0.0500000000000012,6.1));
#11190=CARTESIAN_POINT('',(6.05,0.0500000000000012,6.1));
#11191=CARTESIAN_POINT('',(1.04999999999999,0.400000000000001,6.1));
#11192=CARTESIAN_POINT('',(1.05,6.05,6.1));
#11193=CARTESIAN_POINT('',(6.05,0.4,6.1));
#11194=CARTESIAN_POINT('',(1.09999999999999,0.350000000000001,6.1));
#11195=CARTESIAN_POINT('',(12.1,-3.33066907387547E-15,6.1));
#11196=CARTESIAN_POINT('Origin',(6.05,6.05,-1.66533453693773E-15));
#11197=CARTESIAN_POINT('',(1.05,11.7,-2.77555756156289E-15));
#11198=CARTESIAN_POINT('',(1.05,11.7,-2.77555756156289E-15));
#11199=CARTESIAN_POINT('',(11.05,12.05,-2.77555756156289E-15));
#11200=CARTESIAN_POINT('',(11.05,11.7,-2.77555756156289E-15));
#11201=CARTESIAN_POINT('',(0.0500000000000006,12.05,-2.77555756156289E-15));
#11202=CARTESIAN_POINT('',(12.05,0.05,-5.55111512312578E-16));
#11203=CARTESIAN_POINT('',(11.05,0.0499999999999978,0.));
#11204=CARTESIAN_POINT('',(0.0499999999999962,0.05,0.));
#11205=CARTESIAN_POINT('',(11.05,0.399999999999998,0.));
#11206=CARTESIAN_POINT('',(1.04999999999999,0.4,0.));
#11207=CARTESIAN_POINT('',(1.04999999999999,0.4,0.));
#11208=CARTESIAN_POINT('Origin',(4.9,0.350000000000001,6.5));
#11209=CARTESIAN_POINT('',(1.09999999999999,0.350000000000001,6.1));
#11210=CARTESIAN_POINT('',(2.4,0.349999999999999,0.8));
#11211=CARTESIAN_POINT('Origin',(6.05,6.05,-1.66533453693773E-15));
#11212=CARTESIAN_POINT('',(1.1,-3.33066907387547E-15,0.));
#11213=CARTESIAN_POINT('Origin',(2.4,12.101,0.799999999999997));
#11214=CARTESIAN_POINT('',(7.05,12.101,0.799999999999997));
#11215=CARTESIAN_POINT('',(2.4,-2.22044604925031E-15,0.8));
#11216=CARTESIAN_POINT('Origin',(6.05,6.05,0.399999999999999));
#11217=CARTESIAN_POINT('',(7.05,0.399999999999999,0.4));
#11218=CARTESIAN_POINT('',(6.05,0.399999999999999,0.4));
#11219=CARTESIAN_POINT('',(7.05,6.05,0.399999999999999));
#11220=CARTESIAN_POINT('',(5.05,0.399999999999999,0.4));
#11221=CARTESIAN_POINT('',(5.05,6.05,0.399999999999999));
#11222=CARTESIAN_POINT('',(6.05,0.399999999999999,0.4));
#11223=CARTESIAN_POINT('Origin',(6.05,0.399999999999999,0.));
#11224=CARTESIAN_POINT('',(1.04999999999999,0.400000000000003,6.5));
#11225=CARTESIAN_POINT('',(5.05,0.399999999999999,0.));
#11226=CARTESIAN_POINT('',(7.05,0.399999999999999,-5.55111512312578E-16));
#11227=CARTESIAN_POINT('',(11.05,0.4,6.5));
#11228=CARTESIAN_POINT('',(6.05,0.4,6.1));
#11229=CARTESIAN_POINT('Origin',(5.05,6.05,-1.11022302462516E-15));
#11230=CARTESIAN_POINT('',(5.05,0.662749536108719,-2.63882352941177));
#11231=CARTESIAN_POINT('',(5.05,0.398595636583962,-2.14353496780285));
#11232=CARTESIAN_POINT('',(5.05,0.327455418461654,-2.81764705882353));
#11233=CARTESIAN_POINT('',(5.05,19.5498954804165,7.43432097421907));
#11234=CARTESIAN_POINT('',(5.05,0.169774877916635,-2.52199604530161));
#11235=CARTESIAN_POINT('',(5.05,-0.00195634624422514,-2.2));
#11236=CARTESIAN_POINT('Origin',(5.05,1.05212781909311,-2.0514078100075));
#11237=CARTESIAN_POINT('Origin',(5.05,0.0575233915673812,-0.240726806698245));
#11238=CARTESIAN_POINT('Origin',(7.05,6.05,-1.66533453693773E-15));
#11239=CARTESIAN_POINT('Origin',(7.05,0.0575233915673812,-0.240726806698246));
#11240=CARTESIAN_POINT('',(7.05,0.169774877916635,-2.52199604530162));
#11241=CARTESIAN_POINT('Origin',(7.05,1.0521278190931,-2.0514078100075));
#11242=CARTESIAN_POINT('',(7.05,0.327455418461654,-2.81764705882353));
#11243=CARTESIAN_POINT('',(7.05,-0.00195634624422514,-2.2));
#11244=CARTESIAN_POINT('',(7.05,0.662749536108719,-2.63882352941177));
#11245=CARTESIAN_POINT('',(7.05,19.5498954804165,7.43432097421907));
#11246=CARTESIAN_POINT('',(7.05,0.398595636583962,-2.14353496780285));
#11247=CARTESIAN_POINT('Origin',(7.05,0.398595636583962,-2.14353496780285));
#11248=CARTESIAN_POINT('Origin',(6.05,0.662749536108719,-2.63882352941177));
#11249=CARTESIAN_POINT('Origin',(7.05,-0.00195634624422514,-2.2));
#11250=CARTESIAN_POINT('Origin',(6.05,0.327455418461653,-2.81764705882353));
#11251=CARTESIAN_POINT('',(7.05,0.169774877916635,-2.52199604530162));
#11252=CARTESIAN_POINT('Origin',(1.04999999999999,0.400000000000003,6.5));
#11253=CARTESIAN_POINT('',(1.04999999999999,0.0500000000000023,6.5));
#11254=CARTESIAN_POINT('Origin',(1.05,11.7,6.5));
#11255=CARTESIAN_POINT('',(1.05,11.7,6.5));
#11256=CARTESIAN_POINT('',(1.05,12.05,6.5));
#11257=CARTESIAN_POINT('Origin',(0.0499999999999939,0.0500000000000012,
2.8));
#11258=CARTESIAN_POINT('Origin',(0.0499999999999984,12.05,2.8));
#11259=CARTESIAN_POINT('Origin',(0.0499999999999939,0.0500000000000012,
2.8));
#11260=CARTESIAN_POINT('Origin',(6.05,6.05,6.1));
#11261=CARTESIAN_POINT('',(12.1,-3.33066907387547E-15,6.1));
#11262=CARTESIAN_POINT('',(6.05,11.7,6.1));
#11263=CARTESIAN_POINT('',(1.1,11.75,6.1));
#11264=CARTESIAN_POINT('',(12.1,12.1,6.1));
#11265=CARTESIAN_POINT('Origin',(6.05,6.05,6.5));
#11266=CARTESIAN_POINT('Origin',(6.05,6.05,6.5));
#11267=CARTESIAN_POINT('Origin',(6.05,6.05,6.5));
#11268=CARTESIAN_POINT('Origin',(6.05,6.05,-1.66533453693773E-15));
#11269=CARTESIAN_POINT('',(1.1,12.1,-2.77555756156289E-15));
#11270=CARTESIAN_POINT('Origin',(6.05,6.05,-1.66533453693773E-15));
#11271=CARTESIAN_POINT('',(1.1,12.1,-2.77555756156289E-15));
#11272=CARTESIAN_POINT('Origin',(7.2,11.75,6.5));
#11273=CARTESIAN_POINT('',(2.4,11.75,0.799999999999997));
#11274=CARTESIAN_POINT('Origin',(12.1,12.1,6.5));
#11275=CARTESIAN_POINT('',(2.4,12.1,0.799999999999997));
#11276=CARTESIAN_POINT('Origin',(2.4,-0.00295634624422503,0.8));
#11277=CARTESIAN_POINT('',(7.05,-0.00295634624422614,0.8));
#11278=CARTESIAN_POINT('Origin',(6.05,6.05,0.399999999999999));
#11279=CARTESIAN_POINT('',(7.05,11.7,0.399999999999998));
#11280=CARTESIAN_POINT('',(7.05,6.05,0.399999999999999));
#11281=CARTESIAN_POINT('',(6.05,11.7,0.399999999999998));
#11282=CARTESIAN_POINT('',(5.05,11.7,0.399999999999997));
#11283=CARTESIAN_POINT('',(6.05,11.7,0.399999999999998));
#11284=CARTESIAN_POINT('',(5.05,6.05,0.399999999999999));
#11285=CARTESIAN_POINT('Origin',(5.05,6.05,-1.11022302462516E-15));
#11286=CARTESIAN_POINT('Origin',(5.05,11.8988838251994,-0.190603517643895));
#11287=CARTESIAN_POINT('',(5.05,11.7,-2.77555756156289E-15));
#11288=CARTESIAN_POINT('',(5.05,12.1019563462442,-2.2));
#11289=CARTESIAN_POINT('',(5.05,11.6412984349597,-2.25623358365842));
#11290=CARTESIAN_POINT('',(5.05,11.701404363416,-2.14353496780285));
#11291=CARTESIAN_POINT('Origin',(5.05,11.332474905548,-2.09152770130548));
#11292=CARTESIAN_POINT('Origin',(7.05,6.05,-1.66533453693773E-15));
#11293=CARTESIAN_POINT('Origin',(7.05,11.8988838251994,-0.190603517643895));
#11294=CARTESIAN_POINT('',(7.05,11.6412984349597,-2.25623358365842));
#11295=CARTESIAN_POINT('Origin',(7.05,11.332474905548,-2.09152770130548));
#11296=CARTESIAN_POINT('',(7.05,11.701404363416,-2.14353496780285));
#11297=CARTESIAN_POINT('',(7.05,12.1019563462442,-2.2));
#11298=CARTESIAN_POINT('',(7.05,11.7,-2.77555756156289E-15));
#11299=CARTESIAN_POINT('Origin',(7.05,12.1019563462442,-2.2));
#11300=CARTESIAN_POINT('Origin',(7.05,11.701404363416,-2.14353496780285));
#11301=CARTESIAN_POINT('',(5.05,11.6412984349597,-2.25623358365842));
#11302=CARTESIAN_POINT('Origin',(11.05,0.4,6.5));
#11303=CARTESIAN_POINT('',(11.05,0.05,6.5));
#11304=CARTESIAN_POINT('Origin',(11.05,11.7,6.5));
#11305=CARTESIAN_POINT('',(11.05,11.7,6.5));
#11306=CARTESIAN_POINT('',(11.05,12.05,6.5));
#11307=CARTESIAN_POINT('Origin',(12.05,0.0500000000000012,2.8));
#11308=CARTESIAN_POINT('Origin',(0.0499999999999939,0.0500000000000012,
2.8));
#11309=CARTESIAN_POINT('Origin',(0.0499999999999984,12.05,2.8));
#11310=CARTESIAN_POINT('Origin',(7.15,6.05,6.1));
#11311=CARTESIAN_POINT('',(7.15,2.20422309539412,6.1));
#11312=CARTESIAN_POINT('',(7.15,0.4,6.1));
#11313=CARTESIAN_POINT('Origin',(4.95,6.05,6.1));
#11314=CARTESIAN_POINT('',(4.94999999999999,0.4,6.1));
#11315=CARTESIAN_POINT('Origin',(6.05,0.399999999999999,0.));
#11316=CARTESIAN_POINT('Origin',(7.15,6.05,6.1));
#11317=CARTESIAN_POINT('',(7.15,9.89577690460588,6.1));
#11318=CARTESIAN_POINT('',(7.15,11.7,6.1));
#11319=CARTESIAN_POINT('Origin',(7.15,6.05,6.1));
#11320=CARTESIAN_POINT('',(7.15,11.7,6.1));
#11321=CARTESIAN_POINT('',(7.15,9.89577690460588,6.1));
#11322=CARTESIAN_POINT('Origin',(4.95,6.05,6.1));
#11323=CARTESIAN_POINT('',(4.95,11.7,6.1));
#11324=CARTESIAN_POINT('Origin',(4.95,6.05,6.1));
#11325=CARTESIAN_POINT('',(4.95,11.7,6.1));
#11326=CARTESIAN_POINT('Origin',(6.05,11.7,-2.77555756156289E-15));
#11327=CARTESIAN_POINT('Origin',(6.05,11.7,-2.77555756156289E-15));
#11328=CARTESIAN_POINT('Origin',(12.1,-2.22044604925031E-15,6.5));
#11329=CARTESIAN_POINT('Origin',(6.05,6.05,13.5));
#11330=CARTESIAN_POINT('Origin',(6.05,6.05,14.1));
#11331=CARTESIAN_POINT('',(7.8,6.05,14.1));
#11332=CARTESIAN_POINT('Origin',(6.05,6.05,6.1));
#11333=CARTESIAN_POINT('Origin',(6.05,6.05,6.5));
#11334=CARTESIAN_POINT('Origin',(7.05,1.0521278190931,-2.0514078100075));
#11335=CARTESIAN_POINT('Origin',(7.05,0.0575233915673812,-0.240726806698246));
#11336=CARTESIAN_POINT('Origin',(6.05,19.5498954804165,7.43432097421907));
#11337=CARTESIAN_POINT('Origin',(7.05,11.332474905548,-2.09152770130548));
#11338=CARTESIAN_POINT('Origin',(7.05,11.8988838251994,-0.190603517643895));
#11339=CARTESIAN_POINT('Origin',(6.05,6.05,21.4));
#11340=CARTESIAN_POINT('',(9.05,6.05,21.4));
#11341=UNCERTAINTY_MEASURE_WITH_UNIT(LENGTH_MEASURE(0.01),#11345,
'DISTANCE_ACCURACY_VALUE',
'Maximum model space distance between geometric entities at asserted c
onnectivities');
#11342=UNCERTAINTY_MEASURE_WITH_UNIT(LENGTH_MEASURE(0.01),#11345,
'DISTANCE_ACCURACY_VALUE',
'Maximum model space distance between geometric entities at asserted c
onnectivities');
#11343=(
GEOMETRIC_REPRESENTATION_CONTEXT(3)
GLOBAL_UNCERTAINTY_ASSIGNED_CONTEXT((#11341))
GLOBAL_UNIT_ASSIGNED_CONTEXT((#11345,#11347,#11348))
REPRESENTATION_CONTEXT('','3D')
);
#11344=(
GEOMETRIC_REPRESENTATION_CONTEXT(3)
GLOBAL_UNCERTAINTY_ASSIGNED_CONTEXT((#11342))
GLOBAL_UNIT_ASSIGNED_CONTEXT((#11345,#11347,#11348))
REPRESENTATION_CONTEXT('','3D')
);
#11345=(
LENGTH_UNIT()
NAMED_UNIT(*)
SI_UNIT(.MILLI.,.METRE.)
);
#11346=(
LENGTH_UNIT()
NAMED_UNIT(*)
SI_UNIT($,.METRE.)
);
#11347=(
NAMED_UNIT(*)
PLANE_ANGLE_UNIT()
SI_UNIT($,.RADIAN.)
);
#11348=(
NAMED_UNIT(*)
SI_UNIT($,.STERADIAN.)
SOLID_ANGLE_UNIT()
);
#11349=SHAPE_DEFINITION_REPRESENTATION(#11350,#11351);
#11350=PRODUCT_DEFINITION_SHAPE('',$,#11353);
#11351=SHAPE_REPRESENTATION('',(#6261),#11343);
#11352=PRODUCT_DEFINITION_CONTEXT('part definition',#11357,'design');
#11353=PRODUCT_DEFINITION('\X\D0\X\FD\X\D7\X\AA\X\B1\X\E0\X\C2\X\EB\X\C6
\X\F7','EC11 v3',#11354,#11352);
#11354=PRODUCT_DEFINITION_FORMATION('',$,#11359);
#11355=PRODUCT_RELATED_PRODUCT_CATEGORY('EC11 v3','EC11 v3',(#11359));
#11356=APPLICATION_PROTOCOL_DEFINITION('international standard',
'automotive_design',2009,#11357);
#11357=APPLICATION_CONTEXT(
'Core Data for Automotive Mechanical Design Process');
#11358=PRODUCT_CONTEXT('part definition',#11357,'mechanical');
#11359=PRODUCT('\X\D0\X\FD\X\D7\X\AA\X\B1\X\E0\X\C2\X\EB\X\C6\X\F7',
'EC11 v3','STEP AP214',(#11358));
#11360=PRESENTATION_STYLE_ASSIGNMENT((#11365));
#11361=PRESENTATION_STYLE_ASSIGNMENT((#11366));
#11362=PRESENTATION_STYLE_ASSIGNMENT((#11367));
#11363=PRESENTATION_STYLE_ASSIGNMENT((#11368));
#11364=PRESENTATION_STYLE_ASSIGNMENT((#11369));
#11365=SURFACE_STYLE_USAGE(.BOTH.,#11370);
#11366=SURFACE_STYLE_USAGE(.BOTH.,#11371);
#11367=SURFACE_STYLE_USAGE(.BOTH.,#11372);
#11368=SURFACE_STYLE_USAGE(.BOTH.,#11373);
#11369=SURFACE_STYLE_USAGE(.BOTH.,#11374);
#11370=SURFACE_SIDE_STYLE('',(#11375));
#11371=SURFACE_SIDE_STYLE('',(#11376));
#11372=SURFACE_SIDE_STYLE('',(#11377));
#11373=SURFACE_SIDE_STYLE('',(#11378));
#11374=SURFACE_SIDE_STYLE('',(#11379));
#11375=SURFACE_STYLE_FILL_AREA(#11380);
#11376=SURFACE_STYLE_FILL_AREA(#11381);
#11377=SURFACE_STYLE_FILL_AREA(#11382);
#11378=SURFACE_STYLE_FILL_AREA(#11383);
#11379=SURFACE_STYLE_FILL_AREA(#11384);
#11380=FILL_AREA_STYLE('ABS (White)',(#11385));
#11381=FILL_AREA_STYLE('Opaque(128,128,128)',(#11386));
#11382=FILL_AREA_STYLE('Opaque(229,229,229)',(#11387));
#11383=FILL_AREA_STYLE('Opaque(211,214,211)',(#11388));
#11384=FILL_AREA_STYLE('Opaque(0,191,161)',(#11389));
#11385=FILL_AREA_STYLE_COLOUR('ABS (White)',#11390);
#11386=FILL_AREA_STYLE_COLOUR('Opaque(128,128,128)',#11391);
#11387=FILL_AREA_STYLE_COLOUR('Opaque(229,229,229)',#11392);
#11388=FILL_AREA_STYLE_COLOUR('Opaque(211,214,211)',#11393);
#11389=FILL_AREA_STYLE_COLOUR('Opaque(0,191,161)',#11394);
#11390=COLOUR_RGB('ABS (White)',0.964705882352941,0.964705882352941,0.952941176470588);
#11391=COLOUR_RGB('Opaque(128,128,128)',0.501960784313725,0.501960784313725,
0.501960784313725);
#11392=COLOUR_RGB('Opaque(229,229,229)',0.898039215686275,0.898039215686275,
0.898039215686275);
#11393=COLOUR_RGB('Opaque(211,214,211)',0.827450980392157,0.83921568627451,
0.827450980392157);
#11394=COLOUR_RGB('Opaque(0,191,161)',0.,0.749019607843137,0.631372549019608);
ENDSEC;
END-ISO-10303-21;
